destination_country,district,worker_count
คูเวต,อำเภอสบปราบ,87
คูเวต,อำเภอเขาวง,64
คูเวต,อำเภอโคกศรีสุพรรณ,48
คูเวต,อำเภอบ้านด่านลานหอย,46
คูเวต,อำเภอพร้าว,24
คูเวต,อำเภอหนองวัวซอ,22
คูเวต,อำเภอเมืองเชียงราย,15
คูเวต,อำเภอภูเวียง,14
คูเวต,อำเภอเดชอุดม,12
คูเวต,อำเภอบ้านแท่น,10
คูเวต,อำเภอโกสุมพิสัย,10
คูเวต,อำเภอกระนวน,10
คูเวต,อำเภอแม่ลาว,10
คูเวต,อำเภอเมืองอุดรธานี,9
คูเวต,อำเภอสุวรรณคูหา,9
คูเวต,อำเภอบางละมุง,9
คูเวต,อำเภอเขื่องใน,7
คูเวต,อำเภอเมืองภูเก็ต,7
คูเวต,อำเภอวัฒนานคร,7
คูเวต,อำเภอปราสาท,6
คูเวต,อำเภอน้ำปาด,6
คูเวต,อำเภอพิมาย,6
คูเวต,อำเภอหนองฮี,6
คูเวต,อำเภอศรีบุญเรือง,6
คูเวต,อำเภอเถิน,6
คูเวต,อำเภอปัว,6
คูเวต,อำเภอภูพาน,5
คูเวต,อำเภอเมืองร้อยเอ็ด,5
คูเวต,อำเภอเมืองลำปาง,5
คูเวต,อำเภอเมืองชัยภูมิ,5
คูเวต,อำเภอเมืองสกลนคร,5
คูเวต,อำเภอหนองไผ่,5
คูเวต,อำเภอโชคชัย,5
คูเวต,อำเภอสหัสขันธ์,5
คูเวต,อำเภอภูซาง,5
คูเวต,อำเภอลำปลายมาศ,5
คูเวต,อำเภอเมืองพะเยา,4
คูเวต,อำเภอเพ็ญ,4
คูเวต,อำเภอศรีเมืองใหม่,4
คูเวต,อำเภอดอกคำใต้,4
คูเวต,อำเภอโพนนาแก้ว,4
คูเวต,อำเภอเมืองสมุทรปราการ,4
คูเวต,อำเภอบางพลี,4
คูเวต,อำเภอโพธิ์ศรีสุวรรณ,4
คูเวต,อำเภอนาคู,4
คูเวต,อำเภอเมืองมหาสารคาม,4
คูเวต,อำเภอบางกระทุ่ม,3
คูเวต,อำเภอคูเมือง,3
คูเวต,อำเภอหนองกุงศรี,3
คูเวต,อำเภอเมืองพิษณุโลก,3
คูเวต,อำเภอบ้านผือ,3
คูเวต,อำเภอวังทอง,3
คูเวต,อำเภอเมืองสุพรรณบุรี,3
คูเวต,อำเภอวังยาง,3
คูเวต,อำเภอสามเงา,3
คูเวต,อำเภอพังโคน,3
คูเวต,อำเภอเมืองอุบลราชธานี,3
คูเวต,อำเภอพญาเม็งราย,3
คูเวต,อำเภอพนา,3
คูเวต,อำเภอเมืองหนองบัวลำภู,3
คูเวต,อำเภอบรบือ,3
คูเวต,อำเภอชุมพวง,3
คูเวต,อำเภอบึงสามพัน,2
คูเวต,อำเภอคง,2
คูเวต,อำเภอหนองแสง,2
คูเวต,อำเภอบ้านสร้าง,2
คูเวต,อำเภอเซกา,2
คูเวต,อำเภอสองแคว,2
คูเวต,อำเภอทุ่งฝน,2
คูเวต,อำเภอพิชัย,2
คูเวต,อำเภอสีดา,2
คูเวต,อำเภอประโคนชัย,2
คูเวต,อำเภอแม่เมาะ,2
คูเวต,อำเภอเมืองยโสธร,2
คูเวต,อำเภอดอยสะเก็ด,2
คูเวต,อำเภอนาหว้า,2
คูเวต,อำเภอจักราช,2
คูเวต,เขตหลักสี่,2
คูเวต,อำเภอชุมแพ,2
คูเวต,อำเภอสีชมพู,2
คูเวต,อำเภอเมืองตาก,2
คูเวต,อำเภอสันกำแพง,2
คูเวต,อำเภอบางเสาธง,2
คูเวต,อำเภอนาแก,2
คูเวต,อำเภอศรีราชา,2
คูเวต,อำเภอบางใหญ่,2
คูเวต,อำเภอสามพราน,2
คูเวต,อำเภอตาคลี,2
คูเวต,อำเภอบางบัวทอง,2
คูเวต,อำเภอเมืองนครพนม,2
คูเวต,อำเภอพาน,2
คูเวต,อำเภอวังสะพุง,2
คูเวต,อำเภอขุนตาล,2
คูเวต,เขตดอนเมือง,2
คูเวต,อำเภอหนองสองห้อง,2
คูเวต,อำเภอทุ่งเสลี่ยม,2
คูเวต,อำเภอกันทรวิชัย,2
คูเวต,เขตพระโขนง,2
คูเวต,เขตคลองเตย,2
คูเวต,อำเภอเมืองสระบุรี,2
คูเวต,อำเภอเมืองบุรีรัมย์,2
คูเวต,อำเภอบางปะอิน,2
คูเวต,อำเภอสามชุก,2
คูเวต,เขตประเวศ,2
คูเวต,อำเภอเมืองจันทร์,2
คูเวต,อำเภอลำลูกกา,2
คูเวต,อำเภอประทาย,2
คูเวต,อำเภอปากคาด,2
คูเวต,อำเภอโนนสัง,2
คูเวต,อำเภอเมืองนนทบุรี,2
คูเวต,อำเภอธัญบุรี,2
คูเวต,อำเภอแม่สรวย,2
คูเวต,อำเภอห้วยแถลง,2
คูเวต,อำเภอเมืองชลบุรี,2
คูเวต,อำเภอปากเกร็ด,2
คูเวต,อำเภอวังน้ำเขียว,2
คูเวต,อำเภอตระการพืชผล,1
คูเวต,อำเภอธวัชบุรี,1
คูเวต,อำเภอเจริญศิลป์,1
คูเวต,อำเภอภูกระดึง,1
คูเวต,อำเภอขามสะแกแสง,1
คูเวต,อำเภออรัญประเทศ,1
คูเวต,อำเภอนาเชือก,1
คูเวต,อำเภอโนนนารายณ์,1
คูเวต,อำเภอกุดชุม,1
คูเวต,อำเภอมหาชนะชัย,1
คูเวต,อำเภอยางชุมน้อย,1
คูเวต,อำเภอแวงน้อย,1
คูเวต,อำเภอภูหลวง,1
คูเวต,อำเภอเกาะยาว,1
คูเวต,อำเภออากาศอำนวย,1
คูเวต,อำเภอคอนสาร,1
คูเวต,อำเภอสัตหีบ,1
คูเวต,อำเภอโพธาราม,1
คูเวต,อำเภอเมืองนครสวรรค์,1
คูเวต,อำเภอพระสมุทรเจดีย์,1
คูเวต,อำเภอบ้านดุง,1
คูเวต,อำเภอยะหา,1
คูเวต,อำเภอท่าบ่อ,1
คูเวต,อำเภอแม่สอด,1
คูเวต,อำเภอบ้านตาก,1
คูเวต,อำเภอพุทไธสง,1
คูเวต,อำเภอทรายทองวัฒนา,1
คูเวต,อำเภอแม่อาย,1
คูเวต,อำเภอแม่จัน,1
คูเวต,อำเภอหนองหิน,1
คูเวต,อำเภอชุมแสง,1
คูเวต,อำเภอภูกามยาว,1
คูเวต,อำเภอปักธงชัย,1
คูเวต,อำเภอบรรพตพิสัย,1
คูเวต,อำเภอบัวใหญ่,1
คูเวต,อำเภอเขมราฐ,1
คูเวต,อำเภอจอมพระ,1
คูเวต,อำเภอดอยเต่า,1
คูเวต,อำเภอเมืองแพร่,1
คูเวต,เขตมีนบุรี,1
คูเวต,อำเภอสามร้อยยอด,1
คูเวต,อำเภอเชียงแสน,1
คูเวต,อำเภอเมืองขอนแก่น,1
คูเวต,อำเภอไพศาลี,1
คูเวต,อำเภอรัตนวาปี,1
คูเวต,อำเภอเกษตรวิสัย,1
คูเวต,อำเภอพรเจริญ,1
คูเวต,อำเภอเปือยน้อย,1
คูเวต,อำเภอชะอำ,1
คูเวต,อำเภอห้วยผึ้ง,1
คูเวต,อำเภอบางระจัน,1
คูเวต,อำเภอประจันตคาม,1
คูเวต,อำเภอหัวหิน,1
คูเวต,อำเภอหนองบัว,1
คูเวต,เขตจอมทอง,1
คูเวต,อำเภอบึงโขงหลง,1
คูเวต,อำเภอโคกสูง,1
คูเวต,อำเภอเมืองสุโขทัย,1
คูเวต,เขตทุ่งครุ,1
คูเวต,อำเภอเมืองสมุทรสงคราม,1
คูเวต,อำเภอถลาง,1
คูเวต,อำเภอปลวกแดง,1
คูเวต,อำเภอหนองเสือ,1
คูเวต,อำเภอพัฒนานิคม,1
คูเวต,อำเภอแกลง,1
คูเวต,อำเภอกุฉินารายณ์,1
คูเวต,อำเภอท่าลี่,1
คูเวต,อำเภอนาดูน,1
คูเวต,อำเภอสตึก,1
คูเวต,อำเภอพระทองคำ,1
คูเวต,อำเภอลำสนธิ,1
คูเวต,อำเภอเมืองน่าน,1
คูเวต,อำเภอน้ำขุ่น,1
คูเวต,อำเภอเฝ้าไร่,1
คูเวต,อำเภอเมืองบึงกาฬ,1
คูเวต,อำเภอชนแดน,1
คูเวต,อำเภอโนนไทย,1
คูเวต,อำเภอบัวลาย,1
คูเวต,อำเภอทุ่งช้าง,1
คูเวต,เขตสะพานสูง,1
คูเวต,อำเภอเมืองกาฬสินธุ์,1
คูเวต,อำเภอสังคม,1
คูเวต,อำเภอชุมพลบุรี,1
คูเวต,เขตบึงกุ่ม,1
คูเวต,อำเภอนามน,1
คูเวต,อำเภอห้วยยอด,1
คูเวต,อำเภอวังสามหมอ,1
คูเวต,เขตปทุมวัน,1
คูเวต,อำเภอกันตัง,1
คูเวต,อำเภอเมืองยะลา,1
คูเวต,อำเภอน้ำพอง,1
คูเวต,อำเภอคลองหาด,1
คูเวต,อำเภอปะคำ,1
คูเวต,อำเภอบ้านบึง,1
คูเวต,อำเภอบ้านธิ,1
คูเวต,อำเภอวาปีปทุม,1
คูเวต,อำเภอพนมสารคาม,1
คูเวต,อำเภอเสลภูมิ,1
คูเวต,อำเภอภูสิงห์,1
คูเวต,อำเภอน้ำยืน,1
คูเวต,อำเภอป่าซาง,1
คูเวต,อำเภอเมืองอุตรดิตถ์,1
คูเวต,เขตบางซื่อ,1
คูเวต,เขตธนบุรี,1
คูเวต,เขตดุสิต,1
คูเวต,อำเภอแม่แตง,1
คูเวต,อำเภอพนมดงรัก,1
คูเวต,อำเภอเมืองตราด,1
คูเวต,อำเภอพรหมพิราม,1
คูเวต,อำเภอพล,1
คูเวต,อำเภอโคกสำโรง,1
คูเวต,อำเภอห้างฉัตร,1
คูเวต,อำเภอสวรรคโลก,1
คูเวต,อำเภอผาขาว,1
คูเวต,อำเภอนาด้วง,1
คูเวต,อำเภอแม่ริม,1
คูเวต,อำเภอภูเรือ,1
คูเวต,อำเภอซับใหญ่,1
คูเวต,อำเภอเมืองหนองคาย,1
คูเวต,อำเภอบางมูลนาก,1
คูเวต,อำเภอหนองปรือ,1
คูเวต,อำเภอโนนสุวรรณ,1
คูเวต,อำเภอหล่มเก่า,1
คูเวต,อำเภอเมืองมุกดาหาร,1
คูเวต,อำเภอพลับพลาชัย,1
คูเวต,อำเภอทรายมูล,1
คูเวต,อำเภอชานุมาน,1
คูเวต,อำเภอขุนหาญ,1
คูเวต,อำเภอเก้าเลี้ยว,1
คูเวต,อำเภอสำโรง,1
คูเวต,อำเภอพุทธมณฑล,1
คูเวต,อำเภอแก่งคอย,1
คูเวต,อำเภอวารินชำราบ,1
คูเวต,อำเภอเมืองราชบุรี,1
คูเวต,อำเภอเสนางคนิคม,1
คูเวต,อำเภอภูเพียง,1
คูเวต,อำเภอวังเจ้า,1
คูเวต,อำเภอแม่สาย,1
คูเวต,อำเภอแม่ใจ,1
คูเวต,เขตห้วยขวาง,1
คูเวต,เขตลาดกระบัง,1
คูเวต,อำเภอเวียงชัย,1
คูเวต,อำเภอกันทรลักษ์,1
คูเวต,อำเภอบ้านไผ่,1
คูเวต,อำเภอแก้งสนามนาง,1
คูเวต,อำเภอกุดจับ,1
คูเวต,เขตจตุจักร,1
คูเวต,อำเภอซำสูง,1
คูเวต,อำเภอเมืองเชียงใหม่,1
คูเวต,อำเภอคีรีมาศ,1
คูเวต,อำเภอแม่เปิน,1
คูเวต,อำเภอสว่างแดนดิน,1
คูเวต,อำเภอสูงเนิน,1
คูเวต,เขตหนองแขม,1
คูเวต,เขตบางนา,1
คูเวต,อำเภอพยัคฆภูมิพิสัย,1
คูเวต,เขตบางแค,1
คูเวต,เขตภาษีเจริญ,1
กาตาร์,อำเภอเมืองอุดรธานี,4812
กาตาร์,อำเภอหนองหาน,4678
กาตาร์,อำเภอเพ็ญ,4588
กาตาร์,อำเภอสว่างแดนดิน,3443
กาตาร์,อำเภอโพนพิสัย,2830
กาตาร์,อำเภอบ้านผือ,2789
กาตาร์,อำเภอบ้านดุง,2716
กาตาร์,อำเภอเมืองหนองบัวลำภู,2635
กาตาร์,อำเภอเมืองนครพนม,2597
กาตาร์,อำเภอแม่ฟ้าหลวง,2546
กาตาร์,อำเภอประทาย,2418
กาตาร์,อำเภอแม่สรวย,2043
กาตาร์,อำเภอเมืองหนองคาย,2039
กาตาร์,อำเภอแก้งคร้อ,1956
กาตาร์,อำเภอกุมภวาปี,1953
กาตาร์,อำเภอเมืองเชียงราย,1868
กาตาร์,อำเภอจักราช,1745
กาตาร์,อำเภอท่าบ่อ,1697
กาตาร์,อำเภอสุวรรณคูหา,1696
กาตาร์,อำเภอภูเขียว,1629
กาตาร์,อำเภอกุดจับ,1572
กาตาร์,อำเภอปลาปาก,1562
กาตาร์,อำเภอไชยวาน,1502
กาตาร์,อำเภอหนองสองห้อง,1497
กาตาร์,อำเภอหนองวัวซอ,1464
กาตาร์,อำเภอนากลาง,1457
กาตาร์,อำเภอวานรนิวาส,1449
กาตาร์,อำเภอทุ่งฝน,1358
กาตาร์,อำเภอเมืองชัยภูมิ,1353
กาตาร์,อำเภอลำปลายมาศ,1343
กาตาร์,อำเภอธาตุพนม,1337
กาตาร์,อำเภอศรีสงคราม,1333
กาตาร์,อำเภอบัวใหญ่,1329
กาตาร์,อำเภอศรีบุญเรือง,1275
กาตาร์,อำเภอห้วยแถลง,1268
กาตาร์,อำเภอสร้างคอม,1259
กาตาร์,อำเภอกู่แก้ว,1201
กาตาร์,อำเภอเมืองนครราชสีมา,1149
กาตาร์,อำเภอบ้านแท่น,1131
กาตาร์,อำเภอชุมพวง,1125
กาตาร์,อำเภอเวียงแก่น,1116
กาตาร์,อำเภอแม่จัน,1110
กาตาร์,อำเภอเถิน,1095
กาตาร์,อำเภอชุมแพ,1074
กาตาร์,อำเภอพิบูลย์รักษ์,1056
กาตาร์,อำเภอเมืองขอนแก่น,1030
กาตาร์,อำเภอท่าอุเทน,1025
กาตาร์,อำเภอคง,1008
กาตาร์,อำเภอเดชอุดม,1008
กาตาร์,อำเภอเทิง,1003
กาตาร์,อำเภอเมืองสตูล,999
กาตาร์,อำเภอพิมาย,983
กาตาร์,อำเภอท่าตูม,977
กาตาร์,อำเภอโนนสัง,970
กาตาร์,อำเภอพุทไธสง,968
กาตาร์,อำเภอประจักษ์ศิลปาคม,960
กาตาร์,อำเภอโพนสวรรค์,957
กาตาร์,อำเภอกระสัง,953
กาตาร์,อำเภอศรีธาตุ,941
กาตาร์,อำเภอเจริญศิลป์,907
กาตาร์,อำเภอเมืองยาง,896
กาตาร์,อำเภอคูเมือง,886
กาตาร์,อำเภอบรบือ,875
กาตาร์,อำเภอบ้านตาก,875
กาตาร์,อำเภอโกสุมพิสัย,862
กาตาร์,อำเภอคอนสวรรค์,853
กาตาร์,อำเภอบ้านม่วง,849
กาตาร์,อำเภอเมืองบึงกาฬ,849
กาตาร์,อำเภอบ้านใหม่ไชยพจน์,846
กาตาร์,อำเภอน้ำโสม,838
กาตาร์,อำเภอเฝ้าไร่,833
กาตาร์,อำเภอเมืองสุรินทร์,824
กาตาร์,อำเภอบ้านด่านลานหอย,809
กาตาร์,อำเภอศรีราชา,803
กาตาร์,อำเภอสบปราบ,798
กาตาร์,อำเภอพบพระ,794
กาตาร์,อำเภอโซ่พิสัย,787
กาตาร์,อำเภอละงู,786
กาตาร์,อำเภอเสริมงาม,772
กาตาร์,อำเภอทุ่งเสลี่ยม,770
กาตาร์,อำเภอเมืองกำแพงเพชร,757
กาตาร์,อำเภอพล,755
กาตาร์,อำเภอเฉลิมพระเกียรติ,728
กาตาร์,อำเภอแวงน้อย,728
กาตาร์,อำเภอเรณูนคร,722
กาตาร์,อำเภอบ้านไผ่,719
กาตาร์,อำเภอเซกา,714
กาตาร์,อำเภอเมืองบุรีรัมย์,709
กาตาร์,อำเภอเกษตรสมบูรณ์,693
กาตาร์,อำเภอเมืองสกลนคร,688
กาตาร์,อำเภอหนองเรือ,683
กาตาร์,อำเภอแก้งสนามนาง,663
กาตาร์,อำเภออากาศอำนวย,654
กาตาร์,อำเภอหนองบัวแดง,651
กาตาร์,อำเภอเชียงคำ,644
กาตาร์,อำเภอวังสามหมอ,644
กาตาร์,อำเภอบางระกำ,642
กาตาร์,อำเภอเมืองสุโขทัย,636
กาตาร์,อำเภอนาโพธิ์,634
กาตาร์,อำเภอปง,634
กาตาร์,อำเภอสีชมพู,633
กาตาร์,อำเภอเชียงของ,626
กาตาร์,อำเภอกันทรลักษ์,625
กาตาร์,อำเภอเมืองลำปาง,620
กาตาร์,อำเภอหนองจิก,619
กาตาร์,อำเภอตระการพืชผล,617
กาตาร์,อำเภอเมืองสมุทรปราการ,617
กาตาร์,อำเภอศรีสัชนาลัย,605
กาตาร์,อำเภอสระใคร,602
กาตาร์,อำเภอรัตนวาปี,592
กาตาร์,อำเภอบุณฑริก,592
กาตาร์,อำเภอน้ำพอง,586
กาตาร์,อำเภอนาวัง,577
กาตาร์,อำเภอพิบูลมังสาหาร,576
กาตาร์,อำเภอยะหริ่ง,565
กาตาร์,อำเภอจัตุรัส,564
กาตาร์,อำเภอส่องดาว,562
กาตาร์,อำเภอลำทะเมนชัย,562
กาตาร์,อำเภอนาเชือก,556
กาตาร์,อำเภอด่านขุนทด,551
กาตาร์,อำเภอพญาเม็งราย,551
กาตาร์,อำเภอเมืองตาก,529
กาตาร์,อำเภอคลองลาน,528
กาตาร์,อำเภอยางตลาด,525
กาตาร์,อำเภอหนองไผ่,519
กาตาร์,อำเภอประโคนชัย,514
กาตาร์,อำเภอบ้านแพง,511
กาตาร์,อำเภอโนนสะอาด,509
กาตาร์,อำเภอโนนสูง,506
กาตาร์,อำเภอศรีสำโรง,505
กาตาร์,อำเภอสังขะ,505
กาตาร์,อำเภอนาหว้า,504
กาตาร์,อำเภอเมืองมุกดาหาร,504
กาตาร์,อำเภอหนองหงส์,499
กาตาร์,อำเภอแม่อาย,492
กาตาร์,อำเภอเวียงป่าเป้า,492
กาตาร์,อำเภอหนองกี่,481
กาตาร์,อำเภอพาน,480
กาตาร์,อำเภอมัญจาคีรี,479
กาตาร์,อำเภอบางละมุง,474
กาตาร์,อำเภอกุดรัง,473
กาตาร์,อำเภอเมืองปัตตานี,472
กาตาร์,อำเภอชำนิ,469
กาตาร์,อำเภอเขาสวนกวาง,468
กาตาร์,อำเภอนาจะหลวย,468
กาตาร์,อำเภอคีรีมาศ,466
กาตาร์,อำเภอเมืองมหาสารคาม,459
กาตาร์,อำเภอภูเวียง,459
กาตาร์,อำเภอปักธงชัย,457
กาตาร์,อำเภอกันตัง,456
กาตาร์,อำเภอพิชัย,453
กาตาร์,อำเภอหนองบุญมาก,453
กาตาร์,อำเภอบัวลาย,450
กาตาร์,อำเภอปราสาท,449
กาตาร์,อำเภอวารินชำราบ,446
กาตาร์,อำเภอเวียงเชียงรุ้ง,445
กาตาร์,อำเภอโพนนาแก้ว,444
กาตาร์,อำเภอนางรอง,437
กาตาร์,อำเภอสามเงา,434
กาตาร์,อำเภอสตึก,430
กาตาร์,อำเภอนาแก,424
กาตาร์,อำเภอเทพสถิต,423
กาตาร์,อำเภอเมืองระยอง,422
กาตาร์,อำเภอคลองหลวง,412
กาตาร์,อำเภอวาปีปทุม,411
กาตาร์,อำเภอศรีเชียงใหม่,406
กาตาร์,อำเภอเชียงดาว,404
กาตาร์,อำเภอเมืองพิษณุโลก,402
กาตาร์,อำเภอชุมพลบุรี,399
กาตาร์,อำเภอเขาค้อ,396
กาตาร์,อำเภอหาดใหญ่,394
กาตาร์,อำเภอสะเดา,393
กาตาร์,อำเภอปัว,392
กาตาร์,อำเภอปลวกแดง,390
กาตาร์,อำเภอเมืองอุบลราชธานี,390
กาตาร์,อำเภอกันทรวิชัย,388
กาตาร์,อำเภอหนองแสง,386
กาตาร์,อำเภอพยัคฆภูมิพิสัย,385
กาตาร์,อำเภอเกาะคา,384
กาตาร์,อำเภอเมืองลำพูน,381
กาตาร์,อำเภอคำตากล้า,379
กาตาร์,อำเภอสีคิ้ว,378
กาตาร์,อำเภอเขมราฐ,377
กาตาร์,อำเภอขุขันธ์,373
กาตาร์,อำเภอบำเหน็จณรงค์,371
กาตาร์,อำเภอโคกโพธิ์ไชย,369
กาตาร์,อำเภอกุสุมาลย์,368
กาตาร์,อำเภอเมืองชลบุรี,364
กาตาร์,อำเภอพังโคน,358
กาตาร์,อำเภอบางพลี,358
กาตาร์,อำเภอบัวเชด,356
กาตาร์,อำเภอเมืองน่าน,354
กาตาร์,อำเภอเมืองเพชรบูรณ์,350
กาตาร์,อำเภอม่วงสามสิบ,350
กาตาร์,อำเภอกระนวน,345
กาตาร์,อำเภอจะนะ,344
กาตาร์,อำเภอแม่สอด,344
กาตาร์,อำเภออุบลรัตน์,344
กาตาร์,อำเภอศีขรภูมิ,341
กาตาร์,อำเภอเมืองเชียงใหม่,340
กาตาร์,อำเภอสูงเนิน,333
กาตาร์,อำเภอพรรณานิคม,332
กาตาร์,อำเภอแม่พริก,329
กาตาร์,อำเภอโนนไทย,329
กาตาร์,อำเภอสวรรคโลก,327
กาตาร์,อำเภอศรีวิไล,326
กาตาร์,อำเภอวังสะพุง,325
กาตาร์,อำเภอเสิงสาง,325
กาตาร์,อำเภอละหานทราย,324
กาตาร์,อำเภอพรเจริญ,323
กาตาร์,อำเภอยางสีสุราช,323
กาตาร์,อำเภอลี้,323
กาตาร์,อำเภอภูซาง,322
กาตาร์,อำเภอเมืองอำนาจเจริญ,322
กาตาร์,อำเภอเมืองกาฬสินธุ์,322
กาตาร์,อำเภอนายูง,321
กาตาร์,อำเภอสำโรง,320
กาตาร์,อำเภอเขื่องใน,318
กาตาร์,อำเภอคอนสาร,316
กาตาร์,อำเภอหนองนาคำ,316
กาตาร์,อำเภอลำลูกกา,315
กาตาร์,อำเภอวังเจ้า,313
กาตาร์,อำเภอบ้านแฮด,312
กาตาร์,อำเภอเมืองร้อยเอ็ด,307
กาตาร์,อำเภอสีดา,305
กาตาร์,อำเภอแม่ทะ,303
กาตาร์,อำเภอกาบเชิง,299
กาตาร์,อำเภอเสลภูมิ,296
กาตาร์,อำเภอโนนศิลา,293
กาตาร์,อำเภอเชียงแสน,292
กาตาร์,อำเภอวาริชภูมิ,291
กาตาร์,อำเภอนาทม,287
กาตาร์,อำเภอปากคาด,286
กาตาร์,อำเภอบึงโขงหลง,285
กาตาร์,อำเภอวังชิ้น,285
กาตาร์,อำเภอฝาง,283
กาตาร์,อำเภอภูพาน,283
กาตาร์,อำเภอยะรัง,283
กาตาร์,อำเภอท่าวังผา,282
กาตาร์,อำเภอเกษตรวิสัย,281
กาตาร์,อำเภอเอราวัณ,280
กาตาร์,อำเภอกันทรารมย์,280
กาตาร์,อำเภอธัญบุรี,278
กาตาร์,อำเภอแวงใหญ่,277
กาตาร์,อำเภอหนองบัวระเหว,276
กาตาร์,อำเภอสันทราย,276
กาตาร์,อำเภอมหาชนะชัย,276
กาตาร์,อำเภอบ้านกรวด,276
กาตาร์,อำเภอเมืองพะเยา,275
กาตาร์,อำเภอพร้าว,273
กาตาร์,อำเภอสุวรรณภูมิ,271
กาตาร์,อำเภอครบุรี,271
กาตาร์,อำเภอจุน,270
กาตาร์,อำเภอปะคำ,268
กาตาร์,อำเภอโชคชัย,267
กาตาร์,อำเภอหนองกุงศรี,267
กาตาร์,อำเภอดอนตาล,267
กาตาร์,อำเภอบ้านฝาง,263
กาตาร์,อำเภอวิเชียรบุรี,262
กาตาร์,อำเภองาว,258
กาตาร์,อำเภอปะนาเระ,256
กาตาร์,อำเภอโคกศรีสุพรรณ,256
กาตาร์,อำเภอสิรินธร,253
กาตาร์,อำเภอแม่ริม,253
กาตาร์,อำเภอวังทอง,252
กาตาร์,อำเภอสังคม,252
กาตาร์,อำเภอน้ำยืน,250
กาตาร์,อำเภอไทรงาม,250
กาตาร์,อำเภอเมืองสมุทรสาคร,250
กาตาร์,อำเภอบ้านโคก,249
กาตาร์,อำเภอแม่สาย,246
กาตาร์,อำเภอปากช่อง,246
กาตาร์,อำเภอแม่วงก์,245
กาตาร์,อำเภอแคนดง,245
กาตาร์,อำเภอเนินสง่า,244
กาตาร์,อำเภอบ้านเขว้า,244
กาตาร์,อำเภอชาติตระการ,243
กาตาร์,อำเภอแกดำ,240
กาตาร์,อำเภอบางบัวทอง,239
กาตาร์,อำเภอทรายทองวัฒนา,239
กาตาร์,อำเภอโพธิ์ตาก,238
กาตาร์,อำเภอนิคมพัฒนา,238
กาตาร์,อำเภอจตุรพักตรพิมาน,237
กาตาร์,อำเภอบ้านเหลื่อม,235
กาตาร์,อำเภอศรีเมืองใหม่,235
กาตาร์,อำเภอภักดีชุมพล,233
กาตาร์,อำเภอขุนหาญ,233
กาตาร์,อำเภอท่าคันโท,232
กาตาร์,อำเภอโนนแดง,230
กาตาร์,อำเภอนาคู,230
กาตาร์,อำเภอเมืองนนทบุรี,229
กาตาร์,อำเภอกุฉินารายณ์,228
กาตาร์,อำเภอเวียงสา,227
กาตาร์,อำเภอเมืองเลย,227
กาตาร์,อำเภอชนบท,226
กาตาร์,อำเภอแม่แตง,224
กาตาร์,อำเภอผาขาว,223
กาตาร์,อำเภอหล่มสัก,221
กาตาร์,อำเภอเวียงชัย,220
กาตาร์,อำเภอโพนทอง,220
กาตาร์,อำเภอเปือยน้อย,219
กาตาร์,อำเภอขามสะแกแสง,217
กาตาร์,อำเภอวังเหนือ,216
กาตาร์,อำเภอลานกระบือ,216
กาตาร์,อำเภออุทุมพรพิสัย,214
กาตาร์,อำเภอดอนมดแดง,213
กาตาร์,อำเภอเมืองปาน,212
กาตาร์,อำเภอขุนตาล,212
กาตาร์,อำเภอมายอ,210
กาตาร์,อำเภอแม่ลาว,208
กาตาร์,อำเภออาจสามารถ,207
กาตาร์,อำเภอแม่เมาะ,206
กาตาร์,อำเภอตาลสุม,206
กาตาร์,เขตลาดกระบัง,205
กาตาร์,อำเภอเมืองยโสธร,205
กาตาร์,อำเภอเมืองศรีสะเกษ,205
กาตาร์,อำเภอเมืองนครสวรรค์,204
กาตาร์,อำเภอพานทอง,204
กาตาร์,อำเภอเมืองสงขลา,203
กาตาร์,อำเภอเมืองปทุมธานี,203
กาตาร์,อำเภอเมืองยะลา,202
กาตาร์,อำเภอคลองขลุง,201
กาตาร์,อำเภอรัตนบุรี,201
กาตาร์,อำเภอกบินทร์บุรี,201
กาตาร์,อำเภอบ้านฉาง,201
กาตาร์,อำเภอดอกคำใต้,200
กาตาร์,อำเภอป่าแดด,200
กาตาร์,อำเภอสามพราน,200
กาตาร์,อำเภอเขาฉกรรจ์,199
กาตาร์,อำเภอสัตหีบ,198
กาตาร์,อำเภอพระยืน,198
กาตาร์,อำเภอน้ำปาด,197
กาตาร์,อำเภอกุดข้าวปุ้น,195
กาตาร์,อำเภอวังน้ำเย็น,195
กาตาร์,อำเภอกงไกรลาศ,194
กาตาร์,อำเภอธวัชบุรี,194
กาตาร์,อำเภอทุ่งช้าง,193
กาตาร์,อำเภอห้วยเม็ก,192
กาตาร์,อำเภอสมเด็จ,192
กาตาร์,อำเภอโพธิ์ไทร,192
กาตาร์,เขตคลองสามวา,191
กาตาร์,อำเภอบางปะอิน,189
กาตาร์,อำเภอเลิงนกทา,189
กาตาร์,อำเภอสองแคว,189
กาตาร์,อำเภอเขาวง,188
กาตาร์,เขตสายไหม,183
กาตาร์,อำเภอปากเกร็ด,182
กาตาร์,เขตหนองจอก,181
กาตาร์,อำเภอชุมแสง,181
กาตาร์,เขตบางเขน,179
กาตาร์,อำเภอคำม่วง,177
กาตาร์,อำเภอแม่ระมาด,176
กาตาร์,อำเภอเชียงยืน,176
กาตาร์,อำเภอพระทองคำ,176
กาตาร์,อำเภอเมืองอุตรดิตถ์,174
กาตาร์,อำเภอสอง,172
กาตาร์,อำเภอเมืองภูเก็ต,171
กาตาร์,อำเภอหางดง,170
กาตาร์,อำเภอสนามชัยเขต,170
กาตาร์,อำเภอโขงเจียม,168
กาตาร์,อำเภอบุ่งคล้า,167
กาตาร์,อำเภอศรีณรงค์,166
กาตาร์,อำเภอหัวตะพาน,165
กาตาร์,อำเภอจอมพระ,165
กาตาร์,อำเภอสำโรงทาบ,164
กาตาร์,อำเภอพรหมพิราม,164
กาตาร์,เขตบางกะปิ,164
กาตาร์,อำเภอคำเขื่อนแก้ว,162
กาตาร์,อำเภอเนินมะปราง,162
กาตาร์,อำเภอบ้านด่าน,161
กาตาร์,อำเภอนครไทย,159
กาตาร์,อำเภอสะบ้าย้อย,159
กาตาร์,อำเภอปทุมราชวงศา,159
กาตาร์,อำเภอห้างฉัตร,159
กาตาร์,อำเภอพรานกระต่าย,159
กาตาร์,อำเภอราษีไศล,157
กาตาร์,อำเภอขาณุวรลักษบุรี,156
กาตาร์,อำเภอกุดชุม,156
กาตาร์,อำเภอเมืองสระแก้ว,156
กาตาร์,เขตดอนเมือง,155
กาตาร์,อำเภอเมืองลพบุรี,155
กาตาร์,อำเภอโนนคูณ,155
กาตาร์,อำเภอศรีมหาโพธิ,154
กาตาร์,อำเภอแม่แจ่ม,153
กาตาร์,อำเภอตาพระยา,153
กาตาร์,อำเภอภูผาม่าน,151
กาตาร์,อำเภอเมืองกาญจนบุรี,150
กาตาร์,อำเภอสิงหนคร,150
กาตาร์,อำเภอดอยสะเก็ด,150
กาตาร์,อำเภอเทพา,150
กาตาร์,อำเภอห้วยราช,150
กาตาร์,เขตบางขุนเทียน,150
กาตาร์,อำเภอนาดูน,149
กาตาร์,เขตประเวศ,149
กาตาร์,อำเภอร้องกวาง,148
กาตาร์,อำเภอโนนสุวรรณ,147
กาตาร์,อำเภอบางเสาธง,147
กาตาร์,อำเภอปรางค์กู่,146
กาตาร์,อำเภอนาตาล,146
กาตาร์,อำเภอค้อวัง,146
กาตาร์,อำเภอโนนนารายณ์,146
กาตาร์,อำเภอสายบุรี,145
กาตาร์,อำเภอชานุมาน,145
กาตาร์,อำเภอบึงสามพัน,144
กาตาร์,อำเภอสารภี,143
กาตาร์,อำเภอพนมดงรัก,142
กาตาร์,อำเภอลาดยาว,141
กาตาร์,เขตบึงกุ่ม,141
กาตาร์,อำเภอหนองพอก,141
กาตาร์,อำเภอบางบ่อ,141
กาตาร์,อำเภอแจ้ห่ม,140
กาตาร์,อำเภอชนแดน,140
กาตาร์,อำเภอพระสมุทรเจดีย์,139
กาตาร์,อำเภอเทพารักษ์,139
กาตาร์,อำเภอรามัน,139
กาตาร์,อำเภอภูกามยาว,139
กาตาร์,อำเภอเชียงคาน,138
กาตาร์,อำเภอเมืองนครปฐม,137
กาตาร์,อำเภอศรีเทพ,137
กาตาร์,เขตมีนบุรี,136
กาตาร์,อำเภอดอยหลวง,136
กาตาร์,อำเภอแม่ทา,135
กาตาร์,อำเภอวังน้อย,135
กาตาร์,อำเภอยะหา,134
กาตาร์,อำเภอพนมไพร,134
กาตาร์,เขตบางแค,134
กาตาร์,อำเภอสหัสขันธ์,134
กาตาร์,เขตสวนหลวง,133
กาตาร์,อำเภอแม่ออน,133
กาตาร์,อำเภอชื่นชม,132
กาตาร์,อำเภอโคกโพธิ์,131
กาตาร์,อำเภอสันกำแพง,130
กาตาร์,อำเภอกระทุ่มแบน,130
กาตาร์,อำเภอบางใหญ่,129
กาตาร์,อำเภอเมืองสรวง,128
กาตาร์,อำเภอพระประแดง,128
กาตาร์,อำเภอวัฒนานคร,127
กาตาร์,อำเภอภูกระดึง,127
กาตาร์,อำเภอโพทะเล,125
กาตาร์,อำเภอจอมทอง,123
กาตาร์,อำเภอเมืองแพร่,123
กาตาร์,อำเภอจังหาร,121
กาตาร์,อำเภอลอง,120
กาตาร์,อำเภอฟากท่า,120
กาตาร์,อำเภอนาเยีย,119
กาตาร์,อำเภอบางกระทุ่ม,119
กาตาร์,อำเภอบางกรวย,118
กาตาร์,อำเภอนาด้วง,117
กาตาร์,อำเภอถลาง,116
กาตาร์,อำเภอปางศิลาทอง,115
กาตาร์,อำเภอขามทะเลสอ,115
กาตาร์,อำเภอแม่จริม,114
กาตาร์,อำเภอเมืองฉะเชิงเทรา,114
กาตาร์,อำเภอกมลาไสย,113
กาตาร์,อำเภอแปลงยาว,113
กาตาร์,อำเภอไพศาลี,112
กาตาร์,อำเภอลำดวน,111
กาตาร์,อำเภอเชียงกลาง,111
กาตาร์,อำเภอเขวาสินรินทร์,111
กาตาร์,อำเภอนิคมคำสร้อย,111
กาตาร์,อำเภอวังยาง,110
กาตาร์,อำเภอไชยปราการ,110
กาตาร์,เขตวังทองหลาง,109
กาตาร์,อำเภอบ้านบึง,109
กาตาร์,อำเภอพนัสนิคม,109
กาตาร์,อำเภอเสนางคนิคม,109
กาตาร์,อำเภอปากชม,108
กาตาร์,อำเภอห้วยทับทัน,106
กาตาร์,อำเภอตาคลี,106
กาตาร์,เขตจตุจักร,106
กาตาร์,อำเภอฆ้องชัย,105
กาตาร์,อำเภอพนา,105
กาตาร์,อำเภอนาน้อย,104
กาตาร์,อำเภอปาย,104
กาตาร์,อำเภอแม่เปิน,104
กาตาร์,เขตหนองแขม,104
กาตาร์,อำเภอพลับพลาชัย,104
กาตาร์,อำเภอโนนดินแดง,104
กาตาร์,อำเภอระโนด,103
กาตาร์,อำเภอบางมูลนาก,103
กาตาร์,อำเภอภูสิงห์,103
กาตาร์,อำเภอศรีรัตนะ,102
กาตาร์,อำเภอโกสัมพีนคร,102
กาตาร์,อำเภอโพธิ์ชัย,100
กาตาร์,อำเภอแก่งคอย,100
กาตาร์,อำเภอวังหิน,99
กาตาร์,อำเภอน้ำขุ่น,99
กาตาร์,อำเภอรือเสาะ,99
กาตาร์,อำเภอบรรพตพิสัย,99
กาตาร์,อำเภอด่านซ้าย,99
กาตาร์,อำเภอวชิรบารมี,99
กาตาร์,อำเภอตะพานหิน,98
กาตาร์,อำเภอวังน้ำเขียว,98
กาตาร์,อำเภอสันป่าตอง,97
กาตาร์,อำเภอปทุมรัตต์,97
กาตาร์,อำเภอไพรบึง,97
กาตาร์,อำเภอเมืองนราธิวาส,97
กาตาร์,อำเภอนามน,96
กาตาร์,อำเภอสามง่าม,95
กาตาร์,อำเภอสามชัย,95
กาตาร์,อำเภอหล่มเก่า,95
กาตาร์,อำเภอห้วยผึ้ง,95
กาตาร์,อำเภอกุดบาก,94
กาตาร์,อำเภอทุ่งหัวช้าง,94
กาตาร์,อำเภอเมืองสระบุรี,94
กาตาร์,อำเภอสว่างวีระวงศ์,93
กาตาร์,เขตลาดพร้าว,93
กาตาร์,อำเภออรัญประเทศ,92
กาตาร์,เขตดินแดง,92
กาตาร์,อำเภอวังโป่ง,92
กาตาร์,อำเภอพยุห์,92
กาตาร์,อำเภอสูงเม่น,92
กาตาร์,อำเภอพนมสารคาม,92
กาตาร์,อำเภอหนองแค,91
กาตาร์,อำเภอเมืองพิจิตร,91
กาตาร์,อำเภอหัวหิน,91
กาตาร์,อำเภอท่าตะโก,90
กาตาร์,เขตคันนายาว,89
กาตาร์,อำเภอสนม,89
กาตาร์,อำเภอชุมตาบง,88
กาตาร์,เขตพระโขนง,88
กาตาร์,อำเภอหนองหิน,88
กาตาร์,อำเภอสันติสุข,87
กาตาร์,อำเภอท่าปลา,87
กาตาร์,อำเภอดงหลวง,87
กาตาร์,อำเภอบ้านโป่ง,87
กาตาร์,อำเภอบางปะกง,86
กาตาร์,เขตบางนา,86
กาตาร์,อำเภอท่าแพ,86
กาตาร์,เขตจอมทอง,85
กาตาร์,อำเภอเชียงขวัญ,85
กาตาร์,เขตหลักสี่,84
กาตาร์,อำเภอเมืองนครศรีธรรมราช,84
กาตาร์,อำเภอท่าสองยาง,83
กาตาร์,อำเภอศรีสมเด็จ,83
กาตาร์,อำเภอพยุหะคีรี,82
กาตาร์,อำเภอบันนังสตา,82
กาตาร์,อำเภอพระนครศรีอยุธยา,82
กาตาร์,อำเภอเบญจลักษ์,82
กาตาร์,อำเภอเหล่าเสือโก้ก,82
กาตาร์,อำเภอวัดโบสถ์,82
กาตาร์,เขตธนบุรี,82
กาตาร์,อำเภอดอนจาน,82
กาตาร์,อำเภอนาดี,81
กาตาร์,อำเภอบ้านค่าย,80
กาตาร์,อำเภอป่าซาง,80
กาตาร์,อำเภอลืออำนาจ,80
กาตาร์,อำเภอคำชะอี,79
กาตาร์,เขตภาษีเจริญ,79
กาตาร์,อำเภอเมืองราชบุรี,79
กาตาร์,อำเภอซำสูง,78
กาตาร์,อำเภอเวียงเก่า,78
กาตาร์,เขตบางซื่อ,78
กาตาร์,อำเภอแม่ใจ,78
กาตาร์,เขตทุ่งครุ,78
กาตาร์,อำเภอเมืองสุพรรณบุรี,77
กาตาร์,อำเภอเมืองนครนายก,77
กาตาร์,อำเภอหนองบัว,77
กาตาร์,อำเภอลานสัก,77
กาตาร์,อำเภออุ้มผาง,76
กาตาร์,เขตสะพานสูง,76
กาตาร์,อำเภอบ้านไร่,76
กาตาร์,อำเภอตรอน,75
กาตาร์,อำเภอท่าศาลา,75
กาตาร์,อำเภอเมืองชัยนาท,74
กาตาร์,อำเภอแม่วาง,73
กาตาร์,เขตบางบอน,73
กาตาร์,อำเภอบาเจาะ,73
กาตาร์,อำเภอชัยบาดาล,72
กาตาร์,อำเภอหว้านใหญ่,72
กาตาร์,อำเภอเมืองปราจีนบุรี,72
กาตาร์,อำเภอกรงปินัง,72
กาตาร์,อำเภอตากใบ,71
กาตาร์,เขตคลองเตย,71
กาตาร์,อำเภอโคกสูง,70
กาตาร์,อำเภอทองแสนขัน,69
กาตาร์,เขตห้วยขวาง,69
กาตาร์,อำเภอท่าม่วง,68
กาตาร์,อำเภอป่าติ้ว,68
กาตาร์,อำเภอโพธิ์ทอง,67
กาตาร์,อำเภอโพธิ์ประทับช้าง,67
กาตาร์,อำเภอเมืองจันทบุรี,67
กาตาร์,อำเภออินทร์บุรี,67
กาตาร์,อำเภออุทัย,66
กาตาร์,อำเภอเดิมบางนางบวช,66
กาตาร์,อำเภอโพนทราย,66
กาตาร์,อำเภอท่ามะกา,66
กาตาร์,อำเภอโคกสำโรง,66
กาตาร์,อำเภอทุ่งศรีอุดม,66
กาตาร์,อำเภอบ้านโฮ่ง,65
กาตาร์,อำเภอเชียงม่วน,65
กาตาร์,อำเภอเสนา,64
กาตาร์,อำเภอเมืองตรัง,64
กาตาร์,อำเภอน้ำเกลี้ยง,64
กาตาร์,อำเภอปราณบุรี,64
กาตาร์,อำเภออู่ทอง,64
กาตาร์,อำเภอทับคล้อ,63
กาตาร์,อำเภอทรายมูล,62
กาตาร์,อำเภอสทิงพระ,62
กาตาร์,อำเภอลาดหลุมแก้ว,62
กาตาร์,อำเภอเมืองประจวบคีรีขันธ์,62
กาตาร์,อำเภอบ้านหมี่,61
กาตาร์,อำเภอภูหลวง,61
กาตาร์,อำเภอนิคมน้ำอูน,60
กาตาร์,อำเภอคลองหาด,60
กาตาร์,อำเภอระแงะ,60
กาตาร์,อำเภอเวียงแหง,59
กาตาร์,อำเภอโพธาราม,58
กาตาร์,อำเภอซับใหญ่,58
กาตาร์,อำเภอมวกเหล็ก,57
กาตาร์,อำเภอท่าตะเกียบ,56
กาตาร์,อำเภอทุ่งเขาหลวง,56
กาตาร์,อำเภอยางชุมน้อย,56
กาตาร์,อำเภอวังสมบูรณ์,56
กาตาร์,อำเภอกำแพงแสน,56
กาตาร์,อำเภอหนองฮี,56
กาตาร์,อำเภอตะกั่วป่า,55
กาตาร์,อำเภอสะเมิง,55
กาตาร์,อำเภอฮอด,55
กาตาร์,อำเภอศรีนคร,55
กาตาร์,อำเภอแกลง,55
กาตาร์,อำเภอศิลาลาด,55
กาตาร์,อำเภอทองผาภูมิ,55
กาตาร์,อำเภอแม่สะเรียง,55
กาตาร์,เขตสาทร,54
กาตาร์,อำเภอนครชัยศรี,53
กาตาร์,อำเภอสว่างอารมณ์,53
กาตาร์,อำเภอเมืองสุราษฎร์ธานี,53
กาตาร์,อำเภอกัลยาณิวัฒนา,52
กาตาร์,อำเภอไทรน้อย,52
กาตาร์,อำเภอมโนรมย์,52
กาตาร์,อำเภอดงเจริญ,52
กาตาร์,เขตวัฒนา,52
กาตาร์,อำเภอบางคล้า,51
กาตาร์,เขตบางคอแหลม,51
กาตาร์,อำเภออมก๋อย,51
กาตาร์,เขตบางกอกน้อย,51
กาตาร์,อำเภอรัตภูมิ,51
กาตาร์,อำเภอวังทรายพูน,50
กาตาร์,อำเภอหนองเสือ,50
กาตาร์,อำเภอท่าลี่,50
กาตาร์,อำเภอยี่งอ,50
กาตาร์,เขตทวีวัฒนา,50
กาตาร์,อำเภอกะทู้,49
กาตาร์,อำเภอศรีสาคร,49
กาตาร์,อำเภอลำสนธิ,49
กาตาร์,อำเภอเด่นชัย,49
กาตาร์,เขตบางพลัด,49
กาตาร์,อำเภอสามโคก,48
กาตาร์,อำเภอทุ่งยางแดง,48
กาตาร์,อำเภอนาทวี,48
กาตาร์,อำเภอแม่ลาน้อย,48
กาตาร์,อำเภอสอยดาว,48
กาตาร์,อำเภอโพธิ์ศรีสุวรรณ,48
กาตาร์,เขตพญาไท,48
กาตาร์,อำเภอหนองสูง,47
กาตาร์,อำเภอทัพทัน,47
กาตาร์,อำเภอเมืองกระบี่,47
กาตาร์,อำเภอบางเลน,47
กาตาร์,อำเภอตากฟ้า,47
กาตาร์,อำเภอชะอำ,47
กาตาร์,อำเภอน้ำหนาว,46
กาตาร์,อำเภอบึงสามัคคี,46
กาตาร์,อำเภอปากพะยูน,45
กาตาร์,อำเภอวิเศษชัยชาญ,45
กาตาร์,อำเภอสองพี่น้อง,45
กาตาร์,อำเภอประจันตคาม,45
กาตาร์,อำเภอพัฒนานิคม,45
กาตาร์,อำเภอปางมะผ้า,44
กาตาร์,อำเภอบ้านธิ,44
กาตาร์,อำเภอเมืองสมุทรสงคราม,44
กาตาร์,อำเภอลับแล,44
กาตาร์,เขตตลิ่งชัน,44
กาตาร์,เขตยานนาวา,43
กาตาร์,อำเภอหันคา,43
กาตาร์,อำเภอเมืองชุมพร,43
กาตาร์,เขตราษฎร์บูรณะ,43
กาตาร์,อำเภอเมืองเพชรบุรี,43
กาตาร์,เขตดุสิต,43
กาตาร์,อำเภอเบตง,43
กาตาร์,อำเภอเมยวดี,42
กาตาร์,อำเภอภูเรือ,42
กาตาร์,อำเภอแม่ลาน,42
กาตาร์,อำเภอไทยเจริญ,42
กาตาร์,อำเภอเมืองแม่ฮ่องสอน,42
กาตาร์,อำเภอเมืองอุทัยธานี,42
กาตาร์,อำเภอบ้านโพธิ์,41
กาตาร์,อำเภอกาบัง,41
กาตาร์,อำเภอปากพนัง,41
กาตาร์,อำเภอนาหมื่น,41
กาตาร์,อำเภอบางสะพาน,41
กาตาร์,อำเภอไทรโยค,39
กาตาร์,อำเภอควนขนุน,39
กาตาร์,อำเภอหนองหญ้าไซ,39
กาตาร์,อำเภอหลังสวน,39
กาตาร์,อำเภอเมืองตราด,39
กาตาร์,อำเภอบ้านสร้าง,39
กาตาร์,เขตราชเทวี,38
กาตาร์,อำเภอเต่างอย,38
กาตาร์,อำเภอทุ่งหว้า,38
กาตาร์,อำเภอสามชุก,38
กาตาร์,อำเภอสากเหล็ก,37
กาตาร์,อำเภอเมืองพัทลุง,37
กาตาร์,อำเภอด่านช้าง,37
กาตาร์,อำเภอบ้านแพ้ว,36
กาตาร์,อำเภอบางปลาม้า,36
กาตาร์,อำเภอเมืองระนอง,36
กาตาร์,อำเภอเก้าเลี้ยว,36
กาตาร์,อำเภอสุไหงปาดี,35
กาตาร์,อำเภอบึงนาราง,35
กาตาร์,อำเภอสรรคบุรี,35
กาตาร์,อำเภอเสาไห้,35
กาตาร์,อำเภอเลาขวัญ,35
กาตาร์,อำเภอบ้านนา,35
กาตาร์,อำเภอจะแนะ,34
กาตาร์,อำเภอโคกเจริญ,34
กาตาร์,อำเภอควนโดน,34
กาตาร์,อำเภอพระพุทธบาท,34
กาตาร์,อำเภอองครักษ์,34
กาตาร์,อำเภอศรีสวัสดิ์,33
กาตาร์,อำเภอผักไห่,33
กาตาร์,อำเภอสรรพยา,33
กาตาร์,อำเภอท่าเรือ,33
กาตาร์,อำเภอทุ่งสง,33
กาตาร์,อำเภอบ่อไร่,33
กาตาร์,อำเภอโกรกพระ,33
กาตาร์,อำเภอร่องคำ,32
กาตาร์,อำเภอเมืองอ่างทอง,32
กาตาร์,อำเภอร่อนพิบูลย์,32
กาตาร์,อำเภอจอมบึง,32
กาตาร์,อำเภอควนกาหลง,32
กาตาร์,อำเภอบางระจัน,32
กาตาร์,อำเภอเกาะสมุย,31
กาตาร์,อำเภอบางบาล,31
กาตาร์,อำเภอบางน้ำเปรี้ยว,31
กาตาร์,อำเภอนครหลวง,31
กาตาร์,อำเภอหัวไทร,30
กาตาร์,อำเภอเวียงหนองล่อง,30
กาตาร์,อำเภอหนองฉาง,30
กาตาร์,อำเภอท่าแซะ,29
กาตาร์,อำเภอแสวงหา,29
กาตาร์,อำเภอเมืองสิงห์บุรี,29
กาตาร์,เขตคลองสาน,29
กาตาร์,อำเภอศรีมโหสถ,29
กาตาร์,อำเภอศรีประจันต์,29
กาตาร์,อำเภอหนองม่วงไข่,29
กาตาร์,อำเภอเมืองจันทร์,29
กาตาร์,อำเภอพนมทวน,29
กาตาร์,อำเภอบ่อพลอย,28
กาตาร์,อำเภอเชียรใหญ่,28
กาตาร์,อำเภอสวนผึ้ง,28
กาตาร์,อำเภอดอยหล่อ,28
กาตาร์,อำเภอดำเนินสะดวก,28
กาตาร์,อำเภอชะอวด,28
กาตาร์,อำเภอเขาย้อย,28
กาตาร์,อำเภอกะพ้อ,27
กาตาร์,อำเภอสุไหงโก-ลก,27
กาตาร์,อำเภอบ่อทอง,27
กาตาร์,อำเภอสบเมย,27
กาตาร์,อำเภอห้วยยอด,27
กาตาร์,อำเภอวิหารแดง,27
กาตาร์,เขตบางกอกใหญ่,27
กาตาร์,อำเภอคลองท่อม,26
กาตาร์,อำเภอเจาะไอร้อง,26
กาตาร์,อำเภอดอยเต่า,26
กาตาร์,อำเภอท่ายาง,26
กาตาร์,อำเภอขลุง,26
กาตาร์,อำเภอบ้านหลวง,26
กาตาร์,อำเภอดอนเจดีย์,26
กาตาร์,อำเภอหนองมะโมง,25
กาตาร์,อำเภอปะเหลียน,25
กาตาร์,อำเภอวังม่วง,25
กาตาร์,เขตปทุมวัน,25
กาตาร์,อำเภอขุนยวม,25
กาตาร์,อำเภอโป่งน้ำร้อน,24
กาตาร์,อำเภอวัดสิงห์,24
กาตาร์,อำเภอควนเนียง,24
กาตาร์,อำเภอสามร้อยยอด,24
กาตาร์,อำเภอสามโก้,24
กาตาร์,อำเภอปากท่อ,24
กาตาร์,อำเภอหนองปรือ,24
กาตาร์,อำเภอบางไทร,24
กาตาร์,อำเภอเกาะจันทร์,24
กาตาร์,อำเภอสวี,24
กาตาร์,อำเภอมะนัง,24
กาตาร์,อำเภอบางแพ,24
กาตาร์,อำเภอท่าหลวง,23
กาตาร์,อำเภอภูเพียง,23
กาตาร์,อำเภอสังขละบุรี,23
กาตาร์,อำเภอพุนพิน,23
กาตาร์,อำเภอทับสะแก,22
กาตาร์,อำเภอป่าโมก,22
กาตาร์,อำเภอสิเกา,22
กาตาร์,อำเภอสิชล,22
กาตาร์,อำเภอดอนตูม,22
กาตาร์,อำเภอมหาราช,21
กาตาร์,อำเภอท่าใหม่,21
กาตาร์,อำเภอแก่งหางแมว,21
กาตาร์,เขตป้อมปราบศัตรูพ่าย,21
กาตาร์,อำเภอพุทธมณฑล,21
กาตาร์,อำเภอบางกล่ำ,21
กาตาร์,อำเภอด่านมะขามเตี้ย,21
กาตาร์,อำเภอท่าวุ้ง,21
กาตาร์,อำเภอลาดบัวหลวง,21
กาตาร์,อำเภอไชโย,20
กาตาร์,อำเภอหนองขาหย่าง,20
กาตาร์,อำเภออัมพวา,20
กาตาร์,อำเภอปากพลี,20
กาตาร์,เขตบางรัก,20
กาตาร์,อำเภอพรหมบุรี,19
กาตาร์,อำเภอบางปะหัน,19
กาตาร์,อำเภอแว้ง,19
กาตาร์,อำเภอค่ายบางระจัน,19
กาตาร์,อำเภอธารโต,19
กาตาร์,อำเภอเขาสมิง,19
กาตาร์,อำเภอป่าบอน,19
กาตาร์,อำเภอกระบุรี,18
กาตาร์,อำเภอไม้แก่น,18
กาตาร์,อำเภอกาญจนดิษฐ์,18
กาตาร์,อำเภอบ้านหมอ,18
กาตาร์,อำเภอบ้านแหลม,18
กาตาร์,อำเภอทุ่งใหญ่,17
กาตาร์,อำเภอเขาชะเมา,17
กาตาร์,อำเภอบึงบูรพ์,17
กาตาร์,อำเภอท่าชนะ,17
กาตาร์,อำเภอกุยบุรี,17
กาตาร์,เขตพระนคร,17
กาตาร์,อำเภอย่านตาขาว,17
กาตาร์,อำเภอบ่อเกลือ,16
กาตาร์,อำเภอเขาชัยสน,16
กาตาร์,อำเภอห้วยคต,16
กาตาร์,อำเภอนาหม่อม,16
กาตาร์,อำเภอพระพรหม,16
กาตาร์,อำเภอเนินขาม,15
กาตาร์,อำเภอเวียงสระ,15
กาตาร์,อำเภอหนองใหญ่,15
กาตาร์,อำเภอบางสะพานน้อย,14
กาตาร์,อำเภอบางซ้าย,14
กาตาร์,อำเภอกงหรา,14
กาตาร์,อำเภอหนองม่วง,14
กาตาร์,อำเภอบ้านลาด,14
กาตาร์,อำเภอฉวาง,13
กาตาร์,อำเภอกระแสสินธุ์,13
กาตาร์,อำเภอวังวิเศษ,13
กาตาร์,อำเภอนาแห้ว,13
กาตาร์,อำเภอลานสกา,13
กาตาร์,อำเภอตะโหมด,13
กาตาร์,อำเภอคุระบุรี,13
กาตาร์,อำเภอปะทิว,13
กาตาร์,อำเภอแหลมสิงห์,13
กาตาร์,อำเภอภาชี,12
กาตาร์,อำเภอห้วยกระเจา,12
กาตาร์,อำเภอเกาะช้าง,12
กาตาร์,อำเภอท่าช้าง,11
กาตาร์,เขตสัมพันธวงศ์,11
กาตาร์,อำเภอนาโยง,11
กาตาร์,อำเภอดอนสัก,10
กาตาร์,อำเภอทับปุด,10
กาตาร์,อำเภอหนองแซง,10
กาตาร์,อำเภอวังจันทร์,9
กาตาร์,อำเภอเกาะลันตา,9
กาตาร์,อำเภอคีรีรัฐนิคม,9
กาตาร์,อำเภอราชสาส์น,9
กาตาร์,อำเภอบางคนที,9
กาตาร์,อำเภอเขาพนม,9
กาตาร์,อำเภอทุ่งตะโก,9
กาตาร์,อำเภอบ้านนาสาร,9
กาตาร์,อำเภอสุคิริน,9
กาตาร์,อำเภอเคียนซา,9
กาตาร์,อำเภอเหนือคลอง,9
กาตาร์,อำเภอบ้านคา,8
กาตาร์,อำเภอบางขัน,8
กาตาร์,อำเภอปลายพระยา,8
กาตาร์,อำเภอคลองหอยโข่ง,8
กาตาร์,อำเภอเมืองพังงา,8
กาตาร์,อำเภอนบพิตำ,8
กาตาร์,อำเภอบางแก้ว,8
กาตาร์,อำเภอหนองโดน,8
กาตาร์,อำเภอไชยา,8
กาตาร์,อำเภอท้ายเหมือง,8
กาตาร์,อำเภอสระโบสถ์,8
กาตาร์,อำเภอพระแสง,8
กาตาร์,อำเภอตะกั่วทุ่ง,8
กาตาร์,อำเภอพนม,7
กาตาร์,อำเภอป่าพะยอม,7
กาตาร์,อำเภออ่าวลึก,7
กาตาร์,อำเภอรัษฎา,7
กาตาร์,อำเภอคลองใหญ่,7
กาตาร์,อำเภอนายายอาม,7
กาตาร์,อำเภอมะขาม,7
กาตาร์,อำเภอกะเปอร์,7
กาตาร์,อำเภอจุฬาภรณ์,7
กาตาร์,อำเภอหาดสำราญ,7
กาตาร์,อำเภอพิปูน,6
กาตาร์,อำเภอหนองหญ้าปล้อง,6
กาตาร์,อำเภอลำทับ,6
กาตาร์,อำเภอพรหมคีรี,6
กาตาร์,อำเภอละอุ่น,6
กาตาร์,อำเภอแหลมงอบ,6
กาตาร์,อำเภอละแม,6
กาตาร์,อำเภอศรีบรรพต,5
กาตาร์,อำเภอสุขสำราญ,5
กาตาร์,อำเภอถ้ำพรรณรา,5
กาตาร์,อำเภอวัดเพลง,5
กาตาร์,อำเภอเกาะยาว,5
กาตาร์,อำเภอเขาคิชฌกูฏ,5
กาตาร์,อำเภอคลองเขื่อน,5
กาตาร์,อำเภอพะโต๊ะ,4
กาตาร์,อำเภอเกาะพะงัน,4
กาตาร์,อำเภอกะปง,4
กาตาร์,อำเภอนาบอน,4
กาตาร์,อำเภอขนอม,4
กาตาร์,อำเภอแก่งกระจาน,4
กาตาร์,อำเภอศรีนครินทร์,4
กาตาร์,อำเภอเกาะสีชัง,4
กาตาร์,อำเภอบ้านตาขุน,4
กาตาร์,อำเภอดอนพุด,3
กาตาร์,อำเภอช้างกลาง,3
กาตาร์,อำเภอบ้านแพรก,3
กาตาร์,อำเภอชัยบุรี,2
กาตาร์,อำเภอท่าฉาง,2
กาตาร์,อำเภอบ้านนาเดิม,1
กาตาร์,อำเภอวิภาวดี,1
ไอร์แลนด์,อำเภอเถิน,15
ไอร์แลนด์,อำเภอทุ่งเสลี่ยม,12
ไอร์แลนด์,อำเภอเมืองอุดรธานี,11
ไอร์แลนด์,อำเภอบ้านฉาง,10
ไอร์แลนด์,อำเภอหนองหาน,10
ไอร์แลนด์,อำเภอบ้านตาก,10
ไอร์แลนด์,อำเภอสามเงา,9
ไอร์แลนด์,อำเภอเมืองหนองบัวลำภู,8
ไอร์แลนด์,อำเภอเมืองขอนแก่น,8
ไอร์แลนด์,อำเภอธาตุพนม,7
โปแลนด์,อำเภอเถิน,15
โปแลนด์,อำเภอทุ่งเสลี่ยม,12
โปแลนด์,อำเภอเมืองอุดรธานี,11
โปแลนด์,อำเภอบ้านตาก,10
โปแลนด์,อำเภอหนองหาน,10
โปแลนด์,อำเภอบ้านฉาง,10
โปแลนด์,อำเภอสามเงา,9
โปแลนด์,อำเภอเมืองขอนแก่น,8
โปแลนด์,อำเภอเมืองหนองบัวลำภู,8
โปแลนด์,อำเภอเมืองหนองคาย,7
โปแลนด์,อำเภอแม่พริก,7
โปแลนด์,อำเภอธาตุพนม,7
โปแลนด์,อำเภอศรีบุญเรือง,6
โปแลนด์,อำเภอกันทรลักษ์,6
โปแลนด์,อำเภอตะพานหิน,6
โปแลนด์,อำเภอเมืองนครราชสีมา,6
โปแลนด์,อำเภอสว่างแดนดิน,5
โปแลนด์,อำเภอลานกระบือ,5
โปแลนด์,อำเภอเมืองมุกดาหาร,5
โปแลนด์,อำเภอวานรนิวาส,5
โปแลนด์,อำเภอนาจะหลวย,5
โปแลนด์,อำเภอเมืองชัยภูมิ,5
โปแลนด์,อำเภอชุมแพ,5
โปแลนด์,อำเภอบ้านแท่น,5
โปแลนด์,อำเภอบ้านผือ,5
โปแลนด์,อำเภอนากลาง,5
โปแลนด์,อำเภอสวรรคโลก,4
โปแลนด์,อำเภอน้ำพอง,4
โปแลนด์,อำเภอกุดรัง,4
โปแลนด์,อำเภอไทรงาม,4
โปแลนด์,อำเภอสุวรรณคูหา,4
โปแลนด์,อำเภอเพ็ญ,4
โปแลนด์,อำเภอสีดา,4
โปแลนด์,เขตดอนเมือง,4
โปแลนด์,อำเภอเมืองนนทบุรี,4
โปแลนด์,อำเภอกุมภวาปี,4
โปแลนด์,อำเภอศรีราชา,4
โปแลนด์,อำเภอโซ่พิสัย,4
โปแลนด์,อำเภอดอนตาล,4
โปแลนด์,อำเภอเมืองกำแพงเพชร,4
โปแลนด์,อำเภอเมืองระยอง,4
โปแลนด์,อำเภอลำลูกกา,4
โปแลนด์,อำเภอบ้านดุง,4
โปแลนด์,อำเภอประทาย,4
โปแลนด์,อำเภอคอนสาร,4
โปแลนด์,อำเภอเมืองภูเก็ต,4
โปแลนด์,อำเภอห้างฉัตร,3
โปแลนด์,อำเภอเมืองสมุทรปราการ,3
โปแลนด์,อำเภอเดชอุดม,3
โปแลนด์,อำเภอคลองหลวง,3
โปแลนด์,อำเภอกันทรารมย์,3
โปแลนด์,อำเภอเมืองตรัง,3
โปแลนด์,อำเภอปราสาท,3
โปแลนด์,เขตดินแดง,3
โปแลนด์,อำเภอเมืองชลบุรี,3
โปแลนด์,อำเภอบรบือ,3
โปแลนด์,อำเภอชนบท,3
โปแลนด์,อำเภอเขาสวนกวาง,3
โปแลนด์,อำเภอโพนพิสัย,3
โปแลนด์,อำเภอพังโคน,3
โปแลนด์,อำเภอบางพลี,3
โปแลนด์,อำเภอปักธงชัย,3
โปแลนด์,อำเภอเมืองสุรินทร์,3
โปแลนด์,อำเภอหาดใหญ่,3
โปแลนด์,อำเภอหนองสองห้อง,3
โปแลนด์,อำเภอวังทอง,3
โปแลนด์,อำเภอด่านขุนทด,3
โปแลนด์,อำเภอบุณฑริก,3
โปแลนด์,อำเภอโคกโพธิ์ไชย,3
โปแลนด์,อำเภอเขมราฐ,3
โปแลนด์,อำเภอเมืองตาก,3
โปแลนด์,อำเภอบางระกำ,3
โปแลนด์,อำเภอแม่ระมาด,3
โปแลนด์,อำเภอเมืองสกลนคร,3
โปแลนด์,อำเภอเมืองสงขลา,3
โปแลนด์,อำเภอเมืองนครสวรรค์,3
โปแลนด์,อำเภอทุ่งฝน,2
โปแลนด์,อำเภอเมืองนครศรีธรรมราช,2
โปแลนด์,เขตคลองสามวา,2
โปแลนด์,เขตประเวศ,2
โปแลนด์,อำเภอมัญจาคีรี,2
โปแลนด์,อำเภอปรางค์กู่,2
โปแลนด์,อำเภอหนองเรือ,2
โปแลนด์,เขตลาดกระบัง,2
โปแลนด์,อำเภอหนองหงส์,2
โปแลนด์,อำเภอแม่ทะ,2
โปแลนด์,อำเภอห้วยกระเจา,2
โปแลนด์,อำเภอนาด้วง,2
โปแลนด์,อำเภอท่าบ่อ,2
โปแลนด์,อำเภอบางละมุง,2
โปแลนด์,อำเภอบางเสาธง,2
โปแลนด์,อำเภอกบินทร์บุรี,2
โปแลนด์,อำเภอเมืองนครพนม,2
โปแลนด์,อำเภอคูเมือง,2
โปแลนด์,อำเภอพล,2
โปแลนด์,อำเภอกระสัง,2
โปแลนด์,อำเภอนิคมพัฒนา,2
โปแลนด์,อำเภอสังคม,2
โปแลนด์,อำเภอบัวลาย,2
โปแลนด์,อำเภอมโนรมย์,2
โปแลนด์,อำเภอเมืองอำนาจเจริญ,2
โปแลนด์,อำเภอเมืองมหาสารคาม,2
โปแลนด์,อำเภอปทุมรัตต์,2
โปแลนด์,อำเภอบ้านกรวด,2
โปแลนด์,อำเภอกุดข้าวปุ้น,2
โปแลนด์,อำเภอเสลภูมิ,2
โปแลนด์,อำเภอโคกศรีสุพรรณ,2
โปแลนด์,อำเภอเมืองลำปาง,2
โปแลนด์,อำเภอหนองวัวซอ,2
โปแลนด์,อำเภอวาริชภูมิ,2
โปแลนด์,อำเภอตาคลี,2
โปแลนด์,อำเภอเฝ้าไร่,2
โปแลนด์,อำเภอปะคำ,2
โปแลนด์,อำเภออู่ทอง,2
โปแลนด์,อำเภอนาโพธิ์,2
โปแลนด์,อำเภอวังทรายพูน,2
โปแลนด์,อำเภออุบลรัตน์,2
โปแลนด์,เขตบางกะปิ,2
โปแลนด์,อำเภอคำม่วง,2
โปแลนด์,อำเภอท่าตะโก,2
โปแลนด์,อำเภอยางสีสุราช,2
โปแลนด์,อำเภอขุขันธ์,2
โปแลนด์,อำเภอหัวหิน,2
โปแลนด์,อำเภอเซกา,2
โปแลนด์,อำเภอบางมูลนาก,2
โปแลนด์,อำเภอพรหมพิราม,2
โปแลนด์,อำเภอหนองบัวแดง,2
โปแลนด์,อำเภออุทุมพรพิสัย,2
โปแลนด์,อำเภอบึงสามพัน,2
โปแลนด์,อำเภอเมืองเลย,2
โปแลนด์,อำเภอภูเขียว,2
โปแลนด์,อำเภอม่วงสามสิบ,2
โปแลนด์,อำเภอคำเขื่อนแก้ว,2
โปแลนด์,อำเภอบ้านไผ่,2
โปแลนด์,อำเภอเก้าเลี้ยว,2
โปแลนด์,อำเภอสูงเนิน,2
โปแลนด์,เขตบางเขน,2
โปแลนด์,อำเภอแวงน้อย,2
โปแลนด์,อำเภอครบุรี,2
โปแลนด์,อำเภอวิเศษชัยชาญ,2
โปแลนด์,อำเภอประโคนชัย,2
โปแลนด์,เขตบางซื่อ,2
โปแลนด์,อำเภอพุทไธสง,2
โปแลนด์,อำเภอบ้านหมี่,2
โปแลนด์,อำเภอโนนไทย,2
โปแลนด์,อำเภอมหาชนะชัย,2
โปแลนด์,อำเภอวังสามหมอ,2
โปแลนด์,อำเภอกุดจับ,2
โปแลนด์,อำเภอบัวเชด,2
โปแลนด์,อำเภอเมืองยโสธร,2
โปแลนด์,อำเภอพนมสารคาม,2
โปแลนด์,อำเภอเมืองกาฬสินธุ์,2
โปแลนด์,อำเภอนาหว้า,2
โปแลนด์,อำเภอคง,2
โปแลนด์,อำเภอเมืองตราด,2
โปแลนด์,อำเภอภูกามยาว,2
โปแลนด์,อำเภอวัดสิงห์,2
โปแลนด์,อำเภอเมืองพิษณุโลก,2
โปแลนด์,อำเภอประจักษ์ศิลปาคม,2
โปแลนด์,อำเภอวัฒนานคร,1
โปแลนด์,อำเภอเมืองอุบลราชธานี,1
โปแลนด์,อำเภอสามง่าม,1
โปแลนด์,อำเภอสังขะ,1
โปแลนด์,อำเภอเมืองแพร่,1
โปแลนด์,อำเภออากาศอำนวย,1
โปแลนด์,อำเภอปางศิลาทอง,1
โปแลนด์,อำเภอบ้านแพง,1
โปแลนด์,อำเภอพาน,1
โปแลนด์,อำเภอพัฒนานิคม,1
โปแลนด์,อำเภอบ่อไร่,1
โปแลนด์,อำเภอเกษตรสมบูรณ์,1
โปแลนด์,เขตหลักสี่,1
โปแลนด์,อำเภอหนองกี่,1
โปแลนด์,อำเภอศรีณรงค์,1
โปแลนด์,อำเภอทรายทองวัฒนา,1
โปแลนด์,อำเภอห้วยแถลง,1
โปแลนด์,อำเภอภูผาม่าน,1
โปแลนด์,อำเภอบ่อทอง,1
โปแลนด์,อำเภอพิชัย,1
โปแลนด์,อำเภอแม่เมาะ,1
โปแลนด์,อำเภออุทัย,1
โปแลนด์,อำเภอเมืองนครปฐม,1
โปแลนด์,อำเภอแม่ออน,1
โปแลนด์,อำเภอตะกั่วทุ่ง,1
โปแลนด์,อำเภอลานสกา,1
โปแลนด์,อำเภอศรีเมืองใหม่,1
โปแลนด์,อำเภอบัวใหญ่,1
โปแลนด์,อำเภอโนนศิลา,1
โปแลนด์,อำเภอเฉลิมพระเกียรติ,1
โปแลนด์,อำเภอเมืองบุรีรัมย์,1
โปแลนด์,อำเภอบางแพ,1
โปแลนด์,อำเภอโพนทอง,1
โปแลนด์,อำเภอโนนสะอาด,1
โปแลนด์,อำเภอวิเชียรบุรี,1
โปแลนด์,อำเภอบ่อพลอย,1
โปแลนด์,เขตสะพานสูง,1
โปแลนด์,อำเภอสนามชัยเขต,1
โปแลนด์,อำเภอถลาง,1
โปแลนด์,อำเภอพรรณานิคม,1
โปแลนด์,อำเภอกู่แก้ว,1
โปแลนด์,อำเภอเมืองพะเยา,1
โปแลนด์,อำเภอสมเด็จ,1
โปแลนด์,อำเภอโพธิ์ไทร,1
โปแลนด์,อำเภอแม่แตง,1
โปแลนด์,อำเภอสามโคก,1
โปแลนด์,เขตวัฒนา,1
โปแลนด์,เขตธนบุรี,1
โปแลนด์,อำเภอแวงใหญ่,1
โปแลนด์,อำเภอรัตนวาปี,1
โปแลนด์,อำเภอเมืองศรีสะเกษ,1
โปแลนด์,อำเภอเมืองเชียงราย,1
โปแลนด์,อำเภอดงหลวง,1
โปแลนด์,อำเภอย่านตาขาว,1
โปแลนด์,อำเภอสระใคร,1
โปแลนด์,เขตบางแค,1
โปแลนด์,อำเภอสามพราน,1
โปแลนด์,อำเภอบ้านแฮด,1
โปแลนด์,เขตบางนา,1
โปแลนด์,เขตบึงกุ่ม,1
โปแลนด์,อำเภอเมืองสุโขทัย,1
โปแลนด์,อำเภอเอราวัณ,1
โปแลนด์,อำเภอพยัคฆภูมิพิสัย,1
โปแลนด์,อำเภอมะขาม,1
โปแลนด์,อำเภอเมืองจันทบุรี,1
โปแลนด์,อำเภอแม่สอด,1
โปแลนด์,อำเภอแกดำ,1
โปแลนด์,อำเภอแม่จริม,1
โปแลนด์,อำเภอยางตลาด,1
โปแลนด์,อำเภอนาคู,1
โปแลนด์,อำเภอสำโรงทาบ,1
โปแลนด์,อำเภอภูพาน,1
โปแลนด์,อำเภอแม่ริม,1
โปแลนด์,อำเภอพรานกระต่าย,1
โปแลนด์,อำเภอลาดยาว,1
โปแลนด์,อำเภอศรีวิไล,1
โปแลนด์,อำเภอเมืองเชียงใหม่,1
โปแลนด์,อำเภอบ้านค่าย,1
โปแลนด์,อำเภอเมืองอุตรดิตถ์,1
โปแลนด์,อำเภอเจริญศิลป์,1
โปแลนด์,เขตบางกอกน้อย,1
โปแลนด์,อำเภอหนองไผ่,1
โปแลนด์,อำเภอพิมาย,1
โปแลนด์,อำเภอบรรพตพิสัย,1
โปแลนด์,อำเภอหนองหญ้าปล้อง,1
โปแลนด์,อำเภอพุนพิน,1
โปแลนด์,เขตสายไหม,1
โปแลนด์,อำเภอชาติตระการ,1
โปแลนด์,อำเภอเมืองร้อยเอ็ด,1
โปแลนด์,อำเภอละหานทราย,1
โปแลนด์,อำเภอเนินมะปราง,1
โปแลนด์,อำเภอแม่วงก์,1
โปแลนด์,อำเภอตระการพืชผล,1
โปแลนด์,อำเภอเขาค้อ,1
โปแลนด์,อำเภอวังหิน,1
โปแลนด์,อำเภอลี้,1
โปแลนด์,อำเภอท่าช้าง,1
โปแลนด์,อำเภอเชียงยืน,1
โปแลนด์,อำเภอแก้งสนามนาง,1
โปแลนด์,อำเภอราษีไศล,1
โปแลนด์,อำเภอศรีเทพ,1
โปแลนด์,อำเภอด่านช้าง,1
โปแลนด์,อำเภอโพธิ์ประทับช้าง,1
โปแลนด์,อำเภอลับแล,1
โปแลนด์,อำเภอโกสุมพิสัย,1
โปแลนด์,อำเภอศรีสำโรง,1
โปแลนด์,อำเภอคอนสวรรค์,1
โปแลนด์,อำเภอสัตหีบ,1
โปแลนด์,อำเภอสบปราบ,1
โปแลนด์,อำเภอคีรีมาศ,1
โปแลนด์,อำเภอชานุมาน,1
โปแลนด์,อำเภอเขื่องใน,1
โปแลนด์,อำเภอบ้านม่วง,1
โปแลนด์,อำเภอบางกรวย,1
โปแลนด์,อำเภอบ้านธิ,1
โปแลนด์,อำเภอพยุหะคีรี,1
โปแลนด์,อำเภอจะนะ,1
โปแลนด์,อำเภอปากคาด,1
โปแลนด์,อำเภอเมืองกาญจนบุรี,1
โปแลนด์,อำเภอกุสุมาลย์,1
โปแลนด์,อำเภอภูเพียง,1
โปแลนด์,อำเภอเวียงชัย,1
โปแลนด์,อำเภอตรอน,1
โปแลนด์,อำเภอแก่งคอย,1
โปแลนด์,อำเภอโพนสวรรค์,1
โปแลนด์,อำเภอสรรคบุรี,1
โปแลนด์,อำเภอหนองบัวระเหว,1
โปแลนด์,อำเภอเมืองสมุทรสาคร,1
โปแลนด์,อำเภอบางสะพาน,1
โปแลนด์,อำเภอจักราช,1
โปแลนด์,อำเภอระแงะ,1
โปแลนด์,อำเภอชะอวด,1
โปแลนด์,อำเภอค้อวัง,1
โปแลนด์,อำเภอสีคิ้ว,1
โปแลนด์,อำเภอพนมไพร,1
โปแลนด์,อำเภอเรณูนคร,1
โปแลนด์,อำเภอเทพารักษ์,1
โปแลนด์,อำเภอบางบัวทอง,1
โปแลนด์,อำเภอเปือยน้อย,1
โปแลนด์,อำเภอห้วยคต,1
โปแลนด์,เขตหนองแขม,1
โปแลนด์,อำเภอไทรน้อย,1
โปแลนด์,อำเภอเมืองชัยนาท,1
โปแลนด์,อำเภอภูซาง,1
โปแลนด์,อำเภอเมยวดี,1
โปแลนด์,อำเภอหนองแค,1
โปแลนด์,อำเภอเชียงคำ,1
โปแลนด์,อำเภอไทยเจริญ,1
โปแลนด์,อำเภอดอนเจดีย์,1
โปแลนด์,อำเภอไพศาลี,1
โปแลนด์,เขตปทุมวัน,1
โปแลนด์,อำเภอศรีสงคราม,1
โปแลนด์,อำเภอนาวัง,1
โปแลนด์,อำเภอพระยืน,1
โปแลนด์,อำเภอภูกระดึง,1
โปแลนด์,อำเภอพิบูลมังสาหาร,1
โปแลนด์,อำเภอโนนคูณ,1
โปแลนด์,อำเภอเมืองสระแก้ว,1
โปแลนด์,อำเภอคลองลาน,1
โปแลนด์,อำเภอศรีมหาโพธิ,1
โปแลนด์,อำเภอปากชม,1
โปแลนด์,เขตคันนายาว,1
โปแลนด์,อำเภอตาพระยา,1
โปแลนด์,อำเภอธัญบุรี,1
โปแลนด์,อำเภอนาแก,1
โปแลนด์,อำเภอเมืองราชบุรี,1
โปแลนด์,อำเภอโชคชัย,1
โปแลนด์,อำเภอพิบูลย์รักษ์,1
โปแลนด์,อำเภอห้วยเม็ก,1
โปแลนด์,อำเภอหนองสูง,1
โปแลนด์,อำเภอบ้านด่านลานหอย,1
โปแลนด์,อำเภอแก้งคร้อ,1
โปแลนด์,อำเภอบ้านสร้าง,1
โปแลนด์,อำเภอขามทะเลสอ,1
โปแลนด์,อำเภอปากช่อง,1
โปแลนด์,อำเภอกันทรวิชัย,1
โปแลนด์,อำเภอนาบอน,1
โปแลนด์,อำเภอสตึก,1
โปแลนด์,เขตวังทองหลาง,1
โปแลนด์,อำเภอเมืองบึงกาฬ,1
โปแลนด์,อำเภอหว้านใหญ่,1
โปแลนด์,อำเภอโนนสัง,1
โปแลนด์,อำเภอประทาย,157
โปแลนด์,อำเภอบ้านไผ่,75
โปแลนด์,อำเภอแม่สรวย,41
โปแลนด์,อำเภอบัวใหญ่,20
โปแลนด์,อำเภอแม่ฟ้าหลวง,18
โปแลนด์,อำเภอกระนวน,13
โปแลนด์,อำเภอเมืองอุดรธานี,12
โปแลนด์,อำเภอกุดรัง,10
โปแลนด์,อำเภอเขาสวนกวาง,8
โปแลนด์,อำเภอชุมพวง,8
โปแลนด์,อำเภอศรีสำโรง,7
โปแลนด์,อำเภอบัวลาย,6
โปแลนด์,อำเภอโพนพิสัย,6
โปแลนด์,อำเภอเมืองมหาสารคาม,6
โปแลนด์,อำเภอขามทะเลสอ,6
โปแลนด์,อำเภอเมืองสุโขทัย,6
โปแลนด์,อำเภอหนองสองห้อง,6
โปแลนด์,อำเภอบ้านแฮด,6
โปแลนด์,อำเภอน้ำโสม,5
โปแลนด์,อำเภอเมืองขอนแก่น,5
โปแลนด์,อำเภอหนองบัวแดง,5
โปแลนด์,อำเภอลำทะเมนชัย,5
โปแลนด์,อำเภอสีคิ้ว,5
โปแลนด์,อำเภอส่องดาว,5
โปแลนด์,อำเภอแม่จัน,4
โปแลนด์,อำเภอบุ่งคล้า,4
โปแลนด์,อำเภอเมืองเชียงราย,4
โปแลนด์,อำเภอเทิง,4
โปแลนด์,อำเภอเมืองนครราชสีมา,4
โปแลนด์,อำเภอโนนสูง,4
โปแลนด์,อำเภอคลองหลวง,4
โปแลนด์,อำเภอหนองวัวซอ,3
โปแลนด์,อำเภอชัยบาดาล,3
โปแลนด์,เขตบางคอแหลม,3
โปแลนด์,อำเภอศรีราชา,3
โปแลนด์,อำเภอสามพราน,3
โปแลนด์,อำเภอเถิน,3
โปแลนด์,อำเภอโนนสะอาด,3
โปแลนด์,อำเภอโกสุมพิสัย,3
โปแลนด์,อำเภอสว่างแดนดิน,3
โปแลนด์,อำเภอภูเวียง,3
โปแลนด์,อำเภอแม่สาย,3
โปแลนด์,อำเภอวารินชำราบ,3
โปแลนด์,อำเภอกุมภวาปี,3
โปแลนด์,อำเภอพระยืน,3
โปแลนด์,อำเภอโชคชัย,3
โปแลนด์,อำเภอหนองหาน,3
โปแลนด์,อำเภอไชยปราการ,3
โปแลนด์,อำเภอสัตหีบ,2
โปแลนด์,อำเภอแวงใหญ่,2
โปแลนด์,อำเภอเมืองร้อยเอ็ด,2
โปแลนด์,อำเภอหนองแสง,2
โปแลนด์,อำเภอชุมแพ,2
โปแลนด์,อำเภอตระการพืชผล,2
โปแลนด์,อำเภอน้ำพอง,2
โปแลนด์,อำเภอปราสาท,2
โปแลนด์,อำเภอเชียงของ,2
โปแลนด์,อำเภอขามสะแกแสง,2
โปแลนด์,อำเภอบางปะหัน,2
โปแลนด์,อำเภอบางบัวทอง,2
โปแลนด์,อำเภอธาตุพนม,2
โปแลนด์,อำเภอหล่มสัก,2
โปแลนด์,อำเภอนากลาง,2
โปแลนด์,อำเภอหนองบุญมาก,2
โปแลนด์,อำเภอลำทับ,2
โปแลนด์,อำเภอวังน้อย,2
โปแลนด์,อำเภอเชียงดาว,2
โปแลนด์,อำเภอดอยหลวง,2
โปแลนด์,อำเภอเดชอุดม,2
โปแลนด์,เขตดอนเมือง,2
โปแลนด์,อำเภอลำลูกกา,2
โปแลนด์,อำเภอบ้านผือ,2
โปแลนด์,อำเภอพญาเม็งราย,2
โปแลนด์,อำเภอเปือยน้อย,2
โปแลนด์,อำเภอเมืองยาง,2
โปแลนด์,เขตบางแค,2
โปแลนด์,อำเภอเมืองหนองคาย,2
โปแลนด์,อำเภอเมืองบุรีรัมย์,2
โปแลนด์,อำเภอห้วยเม็ก,2
โปแลนด์,อำเภอเชียงยืน,2
โปแลนด์,อำเภอวิเชียรบุรี,2
โปแลนด์,อำเภอบางบ่อ,2
โปแลนด์,อำเภอบางใหญ่,1
โปแลนด์,อำเภอกันทรารมย์,1
โปแลนด์,อำเภอเมืองชลบุรี,1
โปแลนด์,อำเภอเมืองสมุทรปราการ,1
โปแลนด์,อำเภอบุณฑริก,1
โปแลนด์,อำเภอปลวกแดง,1
โปแลนด์,อำเภอม่วงสามสิบ,1
โปแลนด์,อำเภออัมพวา,1
โปแลนด์,เขตประเวศ,1
โปแลนด์,อำเภอคูเมือง,1
โปแลนด์,อำเภอเมืองสุพรรณบุรี,1
โปแลนด์,อำเภออุบลรัตน์,1
โปแลนด์,อำเภอยางชุมน้อย,1
โปแลนด์,อำเภอน้ำยืน,1
โปแลนด์,อำเภอหนองโดน,1
โปแลนด์,อำเภอท่าม่วง,1
โปแลนด์,อำเภอพล,1
โปแลนด์,อำเภอเสิงสาง,1
โปแลนด์,อำเภอนาดูน,1
โปแลนด์,อำเภอเมืองหนองบัวลำภู,1
โปแลนด์,เขตห้วยขวาง,1
โปแลนด์,เขตลาดกระบัง,1
โปแลนด์,อำเภอสีชมพู,1
โปแลนด์,อำเภอโนนแดง,1
โปแลนด์,เขตสาทร,1
โปแลนด์,อำเภอเชียงขวัญ,1
โปแลนด์,เขตลาดพร้าว,1
โปแลนด์,อำเภอหางดง,1
โปแลนด์,อำเภอจุน,1
โปแลนด์,อำเภอนาตาล,1
โปแลนด์,อำเภอบรบือ,1
โปแลนด์,อำเภอเลิงนกทา,1
โปแลนด์,เขตหนองจอก,1
โปแลนด์,อำเภอซำสูง,1
โปแลนด์,อำเภอโคกสำโรง,1
โปแลนด์,อำเภอทุ่งเสลี่ยม,1
โปแลนด์,อำเภอเมืองปาน,1
โปแลนด์,อำเภออินทร์บุรี,1
โปแลนด์,อำเภอเมืองระยอง,1
โปแลนด์,อำเภอเมืองชัยภูมิ,1
โปแลนด์,อำเภอภักดีชุมพล,1
โปแลนด์,อำเภอเมืองกำแพงเพชร,1
โปแลนด์,อำเภอสูงเนิน,1
โปแลนด์,อำเภอบ้านลาด,1
โปแลนด์,อำเภอดอนจาน,1
โปแลนด์,อำเภอแคนดง,1
โปแลนด์,อำเภอเมืองนนทบุรี,1
โปแลนด์,อำเภอหนองนาคำ,1
โปแลนด์,อำเภอโพธิ์ชัย,1
โปแลนด์,อำเภอเมืองสระบุรี,1
โปแลนด์,อำเภอดอยสะเก็ด,1
โปแลนด์,อำเภอขุขันธ์,1
โปแลนด์,อำเภอผาขาว,1
โปแลนด์,อำเภอเมืองกระบี่,1
โปแลนด์,อำเภอเทพสถิต,1
โปแลนด์,อำเภอชื่นชม,1
โปแลนด์,อำเภอเมืองพิษณุโลก,1
โปแลนด์,อำเภอพนมสารคาม,1
โปแลนด์,อำเภอเนินสง่า,1
โปแลนด์,อำเภอบางละมุง,1
โปแลนด์,อำเภอกันทรลักษ์,1
โปแลนด์,อำเภอเมืองอำนาจเจริญ,1
โปแลนด์,อำเภอท่าตูม,1
โปแลนด์,อำเภอหนองหงส์,1
โปแลนด์,อำเภอแก่งหางแมว,1
โปแลนด์,อำเภอกมลาไสย,1
โปแลนด์,อำเภอเขวาสินรินทร์,1
โปแลนด์,อำเภอบ้านบึง,1
บาห์เรน,อำเภอประทาย,157
บาห์เรน,อำเภอบ้านไผ่,75
บาห์เรน,อำเภอแม่สรวย,41
บาห์เรน,อำเภอบัวใหญ่,20
บาห์เรน,อำเภอแม่ฟ้าหลวง,18
บาห์เรน,อำเภอกระนวน,13
บาห์เรน,อำเภอเมืองอุดรธานี,12
บาห์เรน,อำเภอกุดรัง,10
บาห์เรน,อำเภอชุมพวง,8
บาห์เรน,อำเภอเขาสวนกวาง,8
อินโดนีเซีย,อำเภอเมืองสมุทรปราการ,12
อินโดนีเซีย,อำเภอเมืองหนองคาย,8
อินโดนีเซีย,อำเภอแม่ริม,7
อินโดนีเซีย,อำเภอหางดง,7
อินโดนีเซีย,อำเภอเมืองเชียงราย,7
อินโดนีเซีย,อำเภอหนองหาน,6
อินโดนีเซีย,เขตลาดกระบัง,6
อินโดนีเซีย,อำเภอเมืองขอนแก่น,5
อินโดนีเซีย,อำเภอธัญบุรี,5
อินโดนีเซีย,อำเภอคอนสวรรค์,5
อินโดนีเซีย,อำเภอแก้งคร้อ,5
อินโดนีเซีย,อำเภอห้วยแถลง,5
อินโดนีเซีย,อำเภอสันกำแพง,5
อินโดนีเซีย,อำเภอโพนพิสัย,5
อินโดนีเซีย,อำเภอเมืองสมุทรสาคร,4
อินโดนีเซีย,อำเภอเขื่องใน,4
อินโดนีเซีย,อำเภอสันป่าตอง,4
อินโดนีเซีย,อำเภอคลองหลวง,4
อินโดนีเซีย,อำเภอเมืองภูเก็ต,4
อินโดนีเซีย,อำเภอเมืองนครสวรรค์,4
อินโดนีเซีย,อำเภอเมืองเชียงใหม่,4
อินโดนีเซีย,อำเภอสันทราย,4
อินโดนีเซีย,อำเภอหนองไผ่,4
อินโดนีเซีย,อำเภอแม่วงก์,4
อินโดนีเซีย,อำเภอเมืองสกลนคร,4
อินโดนีเซีย,อำเภอท่าบ่อ,4
อินโดนีเซีย,อำเภอวานรนิวาส,4
อินโดนีเซีย,เขตดอนเมือง,4
อินโดนีเซีย,อำเภอเมืองบึงกาฬ,4
อินโดนีเซีย,อำเภอเนินมะปราง,4
อินโดนีเซีย,อำเภอห้วยผึ้ง,4
อินโดนีเซีย,อำเภอพิชัย,4
อินโดนีเซีย,อำเภอเมืองชัยภูมิ,4
อินโดนีเซีย,อำเภอเมืองปาน,4
อินโดนีเซีย,อำเภอกุมภวาปี,4
อินโดนีเซีย,อำเภอหนองวัวซอ,4
อินโดนีเซีย,อำเภอพรหมพิราม,3
อินโดนีเซีย,อำเภอถลาง,3
อินโดนีเซีย,อำเภอปราสาท,3
อินโดนีเซีย,อำเภอปากเกร็ด,3
อินโดนีเซีย,เขตสะพานสูง,3
อินโดนีเซีย,อำเภอจักราช,3
อินโดนีเซีย,อำเภอบางมูลนาก,3
อินโดนีเซีย,อำเภอแปลงยาว,3
อินโดนีเซีย,อำเภอบางระกำ,3
อินโดนีเซีย,อำเภอโนนสัง,3
อินโดนีเซีย,อำเภอเมืองบุรีรัมย์,3
อินโดนีเซีย,อำเภอบางเสาธง,3
อินโดนีเซีย,อำเภอเมืองตราด,3
อินโดนีเซีย,อำเภอเมืองนนทบุรี,3
อินโดนีเซีย,อำเภอภูเขียว,3
อินโดนีเซีย,อำเภอสัตหีบ,3
อินโดนีเซีย,อำเภอจุน,3
อินโดนีเซีย,อำเภอเกษตรสมบูรณ์,3
อินโดนีเซีย,อำเภอกันทรลักษ์,3
อินโดนีเซีย,อำเภอยางตลาด,3
อินโดนีเซีย,อำเภอลำลูกกา,3
อินโดนีเซีย,อำเภอเมืองอุดรธานี,3
อินโดนีเซีย,อำเภอบางสะพาน,3
อินโดนีเซีย,อำเภอเถิน,3
อินโดนีเซีย,อำเภอสระใคร,3
อินโดนีเซีย,อำเภอศรีสัชนาลัย,3
อินโดนีเซีย,อำเภอรัตนบุรี,3
อินโดนีเซีย,อำเภอเจริญศิลป์,3
อินโดนีเซีย,อำเภอสังขะ,3
อินโดนีเซีย,อำเภอสารภี,3
อินโดนีเซีย,อำเภอตาพระยา,2
อินโดนีเซีย,เขตพระโขนง,2
อินโดนีเซีย,อำเภอคูเมือง,2
อินโดนีเซีย,อำเภอเมืองระยอง,2
อินโดนีเซีย,อำเภอปากคาด,2
อินโดนีเซีย,อำเภอเมืองยาง,2
อินโดนีเซีย,อำเภอเมืองตาก,2
อินโดนีเซีย,อำเภอเมืองปทุมธานี,2
อินโดนีเซีย,อำเภอเมืองอุบลราชธานี,2
อินโดนีเซีย,อำเภอวิเชียรบุรี,2
อินโดนีเซีย,อำเภอลาดบัวหลวง,2
อินโดนีเซีย,อำเภอน้ำโสม,2
อินโดนีเซีย,อำเภอตรอน,2
อินโดนีเซีย,อำเภอเมืองพะเยา,2
อินโดนีเซีย,อำเภอบ้านแท่น,2
อินโดนีเซีย,อำเภอโกรกพระ,2
อินโดนีเซีย,อำเภอพญาเม็งราย,2
อินโดนีเซีย,อำเภอเพ็ญ,2
อินโดนีเซีย,อำเภอบ้านดุง,2
อินโดนีเซีย,อำเภอสีคิ้ว,2
อินโดนีเซีย,อำเภอบรบือ,2
อินโดนีเซีย,อำเภอวาริชภูมิ,2
อินโดนีเซีย,อำเภอเฉลิมพระเกียรติ,2
อินโดนีเซีย,อำเภอแม่จัน,2
อินโดนีเซีย,อำเภอกระสัง,2
อินโดนีเซีย,เขตบึงกุ่ม,2
อินโดนีเซีย,อำเภอสะเดา,2
อินโดนีเซีย,อำเภอกุสุมาลย์,2
อินโดนีเซีย,อำเภอหนองกี่,2
อินโดนีเซีย,อำเภอเขาฉกรรจ์,2
อินโดนีเซีย,อำเภอเนินสง่า,2
อินโดนีเซีย,อำเภอพรรณานิคม,2
อินโดนีเซีย,อำเภอเมืองชลบุรี,2
อินโดนีเซีย,อำเภอปักธงชัย,2
อินโดนีเซีย,อำเภอโซ่พิสัย,2
อินโดนีเซีย,อำเภอบ้านไผ่,2
อินโดนีเซีย,อำเภอมัญจาคีรี,2
อินโดนีเซีย,อำเภอเมืองสุรินทร์,2
อินโดนีเซีย,อำเภอพาน,2
อินโดนีเซีย,อำเภอเวียงป่าเป้า,2
อินโดนีเซีย,เขตมีนบุรี,2
อินโดนีเซีย,อำเภอห้วยยอด,2
อินโดนีเซีย,อำเภอด่านขุนทด,2
อินโดนีเซีย,อำเภอเมืองกระบี่,2
อินโดนีเซีย,เขตทุ่งครุ,2
อินโดนีเซีย,อำเภอสำโรง,2
อินโดนีเซีย,อำเภอบางละมุง,2
อินโดนีเซีย,อำเภอราษีไศล,2
อินโดนีเซีย,อำเภอด่านซ้าย,2
อินโดนีเซีย,อำเภอโพธิ์ประทับช้าง,2
อินโดนีเซีย,อำเภอลี้,2
อินโดนีเซีย,อำเภอนครชัยศรี,2
อินโดนีเซีย,อำเภอเมืองพิษณุโลก,2
อินโดนีเซีย,อำเภอหนองหงส์,2
อินโดนีเซีย,อำเภออุทัย,2
อินโดนีเซีย,อำเภอพนัสนิคม,2
อินโดนีเซีย,อำเภอบุณฑริก,2
อินโดนีเซีย,อำเภอนาโพธิ์,2
อินโดนีเซีย,อำเภอกะทู้,2
อินโดนีเซีย,อำเภอเมืองลพบุรี,2
อินโดนีเซีย,อำเภอนางรอง,2
อินโดนีเซีย,อำเภอหนองบุญมาก,2
อินโดนีเซีย,อำเภอเมืองอำนาจเจริญ,2
อินโดนีเซีย,อำเภอหล่มสัก,2
อินโดนีเซีย,อำเภอน้ำพอง,2
อินโดนีเซีย,อำเภอหนองบัวระเหว,2
อินโดนีเซีย,อำเภอขุนตาล,2
อินโดนีเซีย,อำเภอเทพสถิต,2
อินโดนีเซีย,อำเภอศรีสงคราม,2
อินโดนีเซีย,อำเภอเสิงสาง,2
อินโดนีเซีย,อำเภอเมืองน่าน,2
อินโดนีเซีย,อำเภอหนองบัวแดง,2
อินโดนีเซีย,อำเภอสว่างแดนดิน,2
อินโดนีเซีย,อำเภอเวียงชัย,2
อินโดนีเซีย,เขตบางกะปิ,2
อินโดนีเซีย,อำเภอหนองหิน,1
อินโดนีเซีย,อำเภอวังม่วง,1
อินโดนีเซีย,อำเภอปากช่อง,1
อินโดนีเซีย,อำเภอคำชะอี,1
อินโดนีเซีย,อำเภอบึงสามัคคี,1
อินโดนีเซีย,อำเภอสูงเนิน,1
อินโดนีเซีย,อำเภอนาวัง,1
อินโดนีเซีย,เขตดินแดง,1
อินโดนีเซีย,อำเภอเลิงนกทา,1
อินโดนีเซีย,อำเภอท่าศาลา,1
อินโดนีเซีย,อำเภอยางสีสุราช,1
อินโดนีเซีย,อำเภอวาปีปทุม,1
อินโดนีเซีย,อำเภอตะพานหิน,1
อินโดนีเซีย,อำเภอป่าบอน,1
อินโดนีเซีย,อำเภอปลวกแดง,1
อินโดนีเซีย,อำเภอบ้านผือ,1
อินโดนีเซีย,อำเภอหนองใหญ่,1
อินโดนีเซีย,อำเภอธาตุพนม,1
อินโดนีเซีย,อำเภอภูสิงห์,1
อินโดนีเซีย,อำเภอเมืองสุพรรณบุรี,1
อินโดนีเซีย,อำเภอเมืองมุกดาหาร,1
อินโดนีเซีย,อำเภอเด่นชัย,1
อินโดนีเซีย,อำเภอบางปะกง,1
อินโดนีเซีย,อำเภอโพนทอง,1
อินโดนีเซีย,อำเภอห้วยราช,1
อินโดนีเซีย,อำเภอชัยบาดาล,1
อินโดนีเซีย,อำเภอพระทองคำ,1
อินโดนีเซีย,เขตราชเทวี,1
อินโดนีเซีย,อำเภอเมืองจันทบุรี,1
อินโดนีเซีย,อำเภอศีขรภูมิ,1
อินโดนีเซีย,อำเภอแสวงหา,1
อินโดนีเซีย,เขตบางซื่อ,1
อินโดนีเซีย,อำเภอเมืองอุตรดิตถ์,1
อินโดนีเซีย,อำเภอสามง่าม,1
อินโดนีเซีย,อำเภอเมืองสรวง,1
อินโดนีเซีย,อำเภอหนองสองห้อง,1
อินโดนีเซีย,อำเภอหนองแค,1
อินโดนีเซีย,อำเภอหนองฮี,1
อินโดนีเซีย,อำเภอหนองมะโมง,1
อินโดนีเซีย,อำเภอทรายทองวัฒนา,1
อินโดนีเซีย,อำเภอเสลภูมิ,1
อินโดนีเซีย,อำเภอเมืองหนองบัวลำภู,1
อินโดนีเซีย,อำเภอพนมดงรัก,1
อินโดนีเซีย,อำเภอเมืองพัทลุง,1
อินโดนีเซีย,อำเภอสามโก้,1
อินโดนีเซีย,อำเภอแวงใหญ่,1
อินโดนีเซีย,อำเภอเมืองเลย,1
อินโดนีเซีย,อำเภอโนนสูง,1
อินโดนีเซีย,อำเภอมหาชนะชัย,1
อินโดนีเซีย,อำเภอเมืองกาฬสินธุ์,1
อินโดนีเซีย,อำเภอแม่จริม,1
อินโดนีเซีย,อำเภอบางปะอิน,1
อินโดนีเซีย,อำเภอเมืองนครศรีธรรมราช,1
อินโดนีเซีย,อำเภอบรรพตพิสัย,1
อินโดนีเซีย,อำเภอสมเด็จ,1
อินโดนีเซีย,อำเภอเมืองเพชรบูรณ์,1
อินโดนีเซีย,อำเภอครบุรี,1
อินโดนีเซีย,อำเภอหนองแสง,1
อินโดนีเซีย,อำเภอบางบัวทอง,1
อินโดนีเซีย,อำเภอจังหาร,1
อินโดนีเซีย,อำเภอน้ำเกลี้ยง,1
อินโดนีเซีย,อำเภอแจ้ห่ม,1
อินโดนีเซีย,อำเภอลาดยาว,1
อินโดนีเซีย,อำเภอกุดจับ,1
อินโดนีเซีย,อำเภอบ้านโป่ง,1
อินโดนีเซีย,อำเภอแม่แตง,1
อินโดนีเซีย,อำเภอภักดีชุมพล,1
อินโดนีเซีย,อำเภอศรีธาตุ,1
อินโดนีเซีย,อำเภอหนองเรือ,1
อินโดนีเซีย,อำเภอวังชิ้น,1
อินโดนีเซีย,อำเภออุทุมพรพิสัย,1
อินโดนีเซีย,เขตภาษีเจริญ,1
อินโดนีเซีย,อำเภอเสนา,1
อินโดนีเซีย,อำเภอศรีราชา,1
อินโดนีเซีย,อำเภอมวกเหล็ก,1
อินโดนีเซีย,อำเภอละแม,1
อินโดนีเซีย,เขตราษฎร์บูรณะ,1
อินโดนีเซีย,อำเภออู่ทอง,1
อินโดนีเซีย,อำเภอบัวเชด,1
อินโดนีเซีย,อำเภอบ้านหมี่,1
อินโดนีเซีย,อำเภอเมืองนครพนม,1
อินโดนีเซีย,อำเภอเชียงของ,1
อินโดนีเซีย,อำเภอบางเลน,1
อินโดนีเซีย,อำเภอเชียงยืน,1
อินโดนีเซีย,อำเภอพุนพิน,1
อินโดนีเซีย,เขตวังทองหลาง,1
อินโดนีเซีย,อำเภอไทยเจริญ,1
อินโดนีเซีย,อำเภอขุขันธ์,1
อินโดนีเซีย,เขตบางนา,1
อินโดนีเซีย,อำเภอปากท่อ,1
อินโดนีเซีย,อำเภอสูงเม่น,1
อินโดนีเซีย,อำเภอดอนเจดีย์,1
อินโดนีเซีย,อำเภอรัตภูมิ,1
อินโดนีเซีย,อำเภอชะอำ,1
อินโดนีเซีย,อำเภอพุทไธสง,1
อินโดนีเซีย,อำเภอท่าตะเกียบ,1
อินโดนีเซีย,อำเภอทุ่งเสลี่ยม,1
อินโดนีเซีย,อำเภอทรายมูล,1
อินโดนีเซีย,อำเภอสุวรรณคูหา,1
อินโดนีเซีย,อำเภอเชียงคำ,1
อินโดนีเซีย,อำเภอโคกโพธิ์ไชย,1
อินโดนีเซีย,อำเภอปง,1
อินโดนีเซีย,อำเภอบ้านบึง,1
อินโดนีเซีย,อำเภอโคกสำโรง,1
อินโดนีเซีย,อำเภอตะกั่วป่า,1
อินโดนีเซีย,อำเภอศรีเทพ,1
อินโดนีเซีย,อำเภอหนองพอก,1
อินโดนีเซีย,อำเภอบ่อไร่,1
อินโดนีเซีย,อำเภอสีชมพู,1
อินโดนีเซีย,อำเภอเมืองสุราษฎร์ธานี,1
อินโดนีเซีย,อำเภอส่องดาว,1
อินโดนีเซีย,อำเภอพร้าว,1
อินโดนีเซีย,อำเภอโคกศรีสุพรรณ,1
อินโดนีเซีย,อำเภอบ้านโฮ่ง,1
อินโดนีเซีย,อำเภอปลาปาก,1
อินโดนีเซีย,อำเภออากาศอำนวย,1
อินโดนีเซีย,อำเภอกำแพงแสน,1
อินโดนีเซีย,อำเภอเหล่าเสือโก้ก,1
อินโดนีเซีย,อำเภอลำดวน,1
อินโดนีเซีย,อำเภอแม่สอด,1
อินโดนีเซีย,อำเภอโนนไทย,1
อินโดนีเซีย,เขตยานนาวา,1
อินโดนีเซีย,อำเภอบางระจัน,1
อินโดนีเซีย,เขตสาทร,1
อินโดนีเซีย,เขตบางคอแหลม,1
อินโดนีเซีย,อำเภอชุมตาบง,1
อินโดนีเซีย,อำเภอไทรน้อย,1
อินโดนีเซีย,อำเภอบำเหน็จณรงค์,1
อินโดนีเซีย,อำเภอจตุรพักตรพิมาน,1
อินโดนีเซีย,อำเภอเลาขวัญ,1
อินโดนีเซีย,อำเภอบ้านฉาง,1
อินโดนีเซีย,อำเภอโพธิ์ตาก,1
อินโดนีเซีย,อำเภอศรีนคร,1
อินโดนีเซีย,อำเภอสามโคก,1
อินโดนีเซีย,อำเภอโนนศิลา,1
อินโดนีเซีย,อำเภอบ้านค่าย,1
อินโดนีเซีย,อำเภอศรีเมืองใหม่,1
อินโดนีเซีย,อำเภอขุนหาญ,1
อินโดนีเซีย,อำเภอสันติสุข,1
อินโดนีเซีย,อำเภอท่าม่วง,1
อินโดนีเซีย,อำเภอท่าเรือ,1
อินโดนีเซีย,อำเภอกระทุ่มแบน,1
อินโดนีเซีย,อำเภอกันทรวิชัย,1
อินโดนีเซีย,อำเภอเมืองนครราชสีมา,1
อินโดนีเซีย,อำเภอคง,1
อินโดนีเซีย,อำเภอห้วยทับทัน,1
อินโดนีเซีย,อำเภอนาจะหลวย,1
อินโดนีเซีย,อำเภอจัตุรัส,1
อินโดนีเซีย,อำเภอพระนครศรีอยุธยา,1
อินโดนีเซีย,อำเภอสร้างคอม,1
อินโดนีเซีย,อำเภอบึงสามพัน,1
อินโดนีเซีย,อำเภอโคกเจริญ,1
อินโดนีเซีย,อำเภอหันคา,1
อินโดนีเซีย,อำเภอท่ามะกา,1
อินโดนีเซีย,อำเภอโกสุมพิสัย,1
อินโดนีเซีย,อำเภอแม่ลาน้อย,1
อินโดนีเซีย,อำเภอท่าอุเทน,1
อินโดนีเซีย,อำเภอศรีเชียงใหม่,1
อินโดนีเซีย,อำเภอบางใหญ่,1
อินโดนีเซีย,อำเภอเมืองสระแก้ว,1
อินโดนีเซีย,อำเภอสตึก,1
อินโดนีเซีย,อำเภอหนองเสือ,1
อินโดนีเซีย,อำเภอแม่เปิน,1
อินโดนีเซีย,อำเภอกบินทร์บุรี,1
อินโดนีเซีย,อำเภอทุ่งสง,1
อินโดนีเซีย,อำเภอบ้านโพธิ์,1
อินโดนีเซีย,อำเภอพิมาย,1
อินโดนีเซีย,อำเภอโขงเจียม,1
อินโดนีเซีย,อำเภอศรีบุญเรือง,1
อินโดนีเซีย,อำเภอแม่ทา,1
อินโดนีเซีย,อำเภอเมืองสุโขทัย,1
อินโดนีเซีย,อำเภอภูกระดึง,1
อินโดนีเซีย,เขตบางกอกน้อย,1
อินโดนีเซีย,เขตสวนหลวง,1
อินโดนีเซีย,อำเภอดอยเต่า,1
อินโดนีเซีย,อำเภอแม่ระมาด,1
อินโดนีเซีย,อำเภอแม่แจ่ม,1
อินโดนีเซีย,เขตสัมพันธวงศ์,1
อินโดนีเซีย,อำเภอประทาย,1
อินโดนีเซีย,อำเภอกุดข้าวปุ้น,1
อินโดนีเซีย,อำเภอโนนแดง,1
อินโดนีเซีย,อำเภอพิบูลมังสาหาร,1
อินโดนีเซีย,เขตสายไหม,1
อินโดนีเซีย,อำเภอศิลาลาด,1
อินโดนีเซีย,อำเภอสามพราน,1
อินโดนีเซีย,อำเภอพังโคน,1
อินโดนีเซีย,อำเภอเมืองนครนายก,1
อินโดนีเซีย,อำเภอไชยวาน,1
อินโดนีเซีย,อำเภอตาลสุม,1
อินโดนีเซีย,เขตหนองจอก,1
อินโดนีเซีย,อำเภอพนา,1
อินโดนีเซีย,อำเภอกู่แก้ว,1
อินโดนีเซีย,อำเภอเขมราฐ,1
อินโดนีเซีย,อำเภอเขาค้อ,1
อินโดนีเซีย,อำเภอสวรรคโลก,1
อินโดนีเซีย,อำเภอเดชอุดม,1
อินโดนีเซีย,อำเภอแก้งสนามนาง,1
อินโดนีเซีย,อำเภอตากฟ้า,1
อินโดนีเซีย,อำเภอฝาง,1
อินโดนีเซีย,อำเภอปากชม,1
อินโดนีเซีย,เขตบางแค,1
อินโดนีเซีย,อำเภอบ้านแฮด,1
อินโดนีเซีย,อำเภอบ้านฝาง,1
อินโดนีเซีย,อำเภอจอมพระ,1
อินโดนีเซีย,อำเภอท่ายาง,1
อินโดนีเซีย,อำเภอเมืองลำปาง,1
อินโดนีเซีย,อำเภอศรีสมเด็จ,1
อินโดนีเซีย,อำเภอเมืองอุดรธานี,15
อินโดนีเซีย,อำเภอศรีบุญเรือง,14
อินโดนีเซีย,อำเภอเมืองหนองบัวลำภู,10
อินโดนีเซีย,อำเภอท่าบ่อ,9
อินโดนีเซีย,อำเภอเถิน,9
อินโดนีเซีย,อำเภอสว่างแดนดิน,7
อินโดนีเซีย,อำเภอศรีเชียงใหม่,7
อินโดนีเซีย,อำเภอวานรนิวาส,7
อินโดนีเซีย,อำเภอพุทไธสง,6
อินโดนีเซีย,อำเภอเมืองพิษณุโลก,6
อินโดนีเซีย,อำเภอเมืองนครราชสีมา,6
อินโดนีเซีย,อำเภอเพ็ญ,6
อินโดนีเซีย,อำเภอนากลาง,6
อินโดนีเซีย,อำเภอพระยืน,6
อินโดนีเซีย,อำเภอศีขรภูมิ,5
อินโดนีเซีย,อำเภอเมืองพิจิตร,5
อินโดนีเซีย,อำเภอบ้านดุง,5
อินโดนีเซีย,อำเภอทุ่งเสลี่ยม,5
อินโดนีเซีย,อำเภอเมืองบุรีรัมย์,4
อินโดนีเซีย,เขตบางกะปิ,4
อินโดนีเซีย,อำเภอเมืองสมุทรปราการ,4
อินโดนีเซีย,อำเภอหัวตะพาน,4
อินโดนีเซีย,อำเภอรัตนบุรี,4
อินโดนีเซีย,อำเภอเมืองยโสธร,4
อินโดนีเซีย,อำเภอเมืองหนองคาย,4
อินโดนีเซีย,อำเภอศรีธาตุ,4
อินโดนีเซีย,อำเภอเมืองลำปาง,4
อินโดนีเซีย,อำเภอโซ่พิสัย,4
อินโดนีเซีย,อำเภอธวัชบุรี,4
อินโดนีเซีย,อำเภอเมืองสงขลา,4
อินโดนีเซีย,อำเภอบางบัวทอง,4
อินโดนีเซีย,เขตมีนบุรี,4
อินโดนีเซีย,อำเภอบ้านฝาง,4
อินโดนีเซีย,อำเภอเมืองชัยภูมิ,3
อินโดนีเซีย,อำเภอเมืองเชียงราย,3
อินโดนีเซีย,อำเภอสบปราบ,3
อินโดนีเซีย,อำเภอเมืองกำแพงเพชร,3
อินโดนีเซีย,อำเภอเชียงของ,3
อินโดนีเซีย,อำเภอเมืองอำนาจเจริญ,3
อินโดนีเซีย,เขตบางเขน,3
อินโดนีเซีย,อำเภอปะคำ,3
อินโดนีเซีย,อำเภอคำเขื่อนแก้ว,3
อินโดนีเซีย,อำเภอวังสามหมอ,3
อินโดนีเซีย,อำเภอหนองบุญมาก,3
อินโดนีเซีย,อำเภอบรบือ,3
อินโดนีเซีย,อำเภอเกษตรวิสัย,3
อินโดนีเซีย,อำเภอบ้านตาก,3
อินโดนีเซีย,อำเภอเมืองนครนายก,3
อินโดนีเซีย,อำเภอเมืองสกลนคร,3
อินโดนีเซีย,อำเภอสิงหนคร,3
อินโดนีเซีย,อำเภอเทพสถิต,3
อินโดนีเซีย,อำเภอศรีราชา,3
อินโดนีเซีย,อำเภอบ้านโป่ง,3
อินโดนีเซีย,อำเภอคลองหลวง,3
อินโดนีเซีย,อำเภอมัญจาคีรี,3
อินโดนีเซีย,อำเภอนครชัยศรี,3
อินโดนีเซีย,อำเภอหาดใหญ่,2
อินโดนีเซีย,อำเภอบางบาล,2
อินโดนีเซีย,อำเภอเนินมะปราง,2
อินโดนีเซีย,อำเภอแม่พริก,2
อินโดนีเซีย,อำเภอบัวลาย,2
อินโดนีเซีย,อำเภอสวรรคโลก,2
อินโดนีเซีย,อำเภอท่าตูม,2
อินโดนีเซีย,อำเภอรัตนวาปี,2
อินโดนีเซีย,อำเภอภูเขียว,2
อินโดนีเซีย,อำเภอภักดีชุมพล,2
อินโดนีเซีย,อำเภอเมืองสุโขทัย,2
อินโดนีเซีย,อำเภอโกสุมพิสัย,2
อินโดนีเซีย,อำเภอประทาย,2
อินโดนีเซีย,อำเภอนิคมพัฒนา,2
อินโดนีเซีย,อำเภอพยุห์,2
อินโดนีเซีย,อำเภอพรหมพิราม,2
อินโดนีเซีย,อำเภอชนบท,2
อินโดนีเซีย,อำเภอเขาวง,2
อินโดนีเซีย,อำเภอบางพลี,2
อินโดนีเซีย,อำเภอนาคู,2
อินโดนีเซีย,อำเภอชุมพวง,2
อินโดนีเซีย,เขตสวนหลวง,2
อินโดนีเซีย,อำเภอสนม,2
อินโดนีเซีย,อำเภอแก้งสนามนาง,2
อินโดนีเซีย,อำเภอโนนคูณ,2
อินโดนีเซีย,เขตคันนายาว,2
อินโดนีเซีย,เขตคลองเตย,2
อินโดนีเซีย,อำเภอสุวรรณภูมิ,2
อินโดนีเซีย,อำเภอแม่สรวย,2
อินโดนีเซีย,อำเภอปากเกร็ด,2
อินโดนีเซีย,อำเภอดอกคำใต้,2
อินโดนีเซีย,อำเภอห้วยทับทัน,2
อินโดนีเซีย,อำเภอบัวใหญ่,2
อินโดนีเซีย,อำเภอเมืองสระบุรี,2
อินโดนีเซีย,อำเภอม่วงสามสิบ,2
อินโดนีเซีย,อำเภอพลับพลาชัย,2
อินโดนีเซีย,เขตวังทองหลาง,2
อินโดนีเซีย,อำเภอชุมแพ,2
อินโดนีเซีย,อำเภอบ้านเขว้า,2
อินโดนีเซีย,อำเภอฝาง,2
อินโดนีเซีย,อำเภอโพทะเล,2
อินโดนีเซีย,อำเภอโพธิ์ตาก,2
อินโดนีเซีย,อำเภอสุวรรณคูหา,2
อินโดนีเซีย,อำเภอนาดี,2
อินโดนีเซีย,อำเภอพระทองคำ,2
อินโดนีเซีย,อำเภอเจริญศิลป์,2
อินโดนีเซีย,เขตจตุจักร,2
อินโดนีเซีย,อำเภอเมืองสุราษฎร์ธานี,2
อินโดนีเซีย,อำเภอจัตุรัส,2
อินโดนีเซีย,อำเภอหนองไผ่,2
อินโดนีเซีย,อำเภอเมืองกาญจนบุรี,2
อินโดนีเซีย,อำเภอชื่นชม,2
อินโดนีเซีย,อำเภอคง,2
อินโดนีเซีย,อำเภอวารินชำราบ,2
อินโดนีเซีย,อำเภอเมืองนครปฐม,2
อินโดนีเซีย,อำเภอบ้านไร่,2
อินโดนีเซีย,อำเภอหนองหญ้าปล้อง,2
อินโดนีเซีย,อำเภอน้ำปาด,2
อินโดนีเซีย,อำเภอเชียงยืน,2
อินโดนีเซีย,อำเภอกันทรลักษ์,2
อินโดนีเซีย,อำเภอเกาะคา,2
อินโดนีเซีย,อำเภอโนนสะอาด,1
อินโดนีเซีย,อำเภอบึงโขงหลง,1
อินโดนีเซีย,อำเภอไพศาลี,1
อินโดนีเซีย,อำเภอเสริมงาม,1
อินโดนีเซีย,อำเภอพล,1
อินโดนีเซีย,อำเภอยี่งอ,1
อินโดนีเซีย,อำเภอบางมูลนาก,1
อินโดนีเซีย,อำเภอเมืองปาน,1
อินโดนีเซีย,อำเภอบางแพ,1
อินโดนีเซีย,อำเภอท่าวุ้ง,1
อินโดนีเซีย,อำเภอเมืองขอนแก่น,1
อินโดนีเซีย,อำเภอป่าแดด,1
อินโดนีเซีย,อำเภอแม่ฟ้าหลวง,1
อินโดนีเซีย,อำเภอบางกรวย,1
อินโดนีเซีย,อำเภอสันป่าตอง,1
อินโดนีเซีย,อำเภอเวียงเก่า,1
อินโดนีเซีย,อำเภอหว้านใหญ่,1
อินโดนีเซีย,เขตคลองสาน,1
อินโดนีเซีย,อำเภอคอนสวรรค์,1
อินโดนีเซีย,เขตดอนเมือง,1
อินโดนีเซีย,อำเภอเมืองชลบุรี,1
อินโดนีเซีย,อำเภอบางระกำ,1
อินโดนีเซีย,อำเภอเดิมบางนางบวช,1
อินโดนีเซีย,อำเภอพบพระ,1
อินโดนีเซีย,เขตประเวศ,1
อินโดนีเซีย,อำเภอนามน,1
อินโดนีเซีย,อำเภอเมืองอุทัยธานี,1
อินโดนีเซีย,เขตลาดกระบัง,1
อินโดนีเซีย,อำเภอสองพี่น้อง,1
อินโดนีเซีย,อำเภอแวงน้อย,1
อินโดนีเซีย,เขตห้วยขวาง,1
อินโดนีเซีย,เขตลาดพร้าว,1
อินโดนีเซีย,อำเภอชำนิ,1
อินโดนีเซีย,อำเภอศรีมหาโพธิ,1
อินโดนีเซีย,อำเภอหนองวัวซอ,1
อินโดนีเซีย,อำเภอด่านมะขามเตี้ย,1
อินโดนีเซีย,อำเภอพรหมคีรี,1
อินโดนีเซีย,อำเภอเกษตรสมบูรณ์,1
อินโดนีเซีย,เขตทวีวัฒนา,1
อินโดนีเซีย,อำเภอกระสัง,1
อินโดนีเซีย,อำเภอสะเดา,1
อินโดนีเซีย,อำเภอประจักษ์ศิลปาคม,1
อินโดนีเซีย,อำเภอเมืองสมุทรสาคร,1
อินโดนีเซีย,เขตพระโขนง,1
อินโดนีเซีย,อำเภอลำปลายมาศ,1
อินโดนีเซีย,อำเภอด่านขุนทด,1
อินโดนีเซีย,อำเภอเมืองปราจีนบุรี,1
อินโดนีเซีย,อำเภอเมืองจันทร์,1
อินโดนีเซีย,อำเภอโนนสุวรรณ,1
อินโดนีเซีย,อำเภอพระพุทธบาท,1
อินโดนีเซีย,อำเภอเวียงเชียงรุ้ง,1
อินโดนีเซีย,อำเภอเสิงสาง,1
อินโดนีเซีย,อำเภอหัวหิน,1
อินโดนีเซีย,เขตคลองสามวา,1
อินโดนีเซีย,อำเภอเมืองภูเก็ต,1
อินโดนีเซีย,อำเภอปราสาท,1
อินโดนีเซีย,อำเภอสัตหีบ,1
อินโดนีเซีย,อำเภอวังเจ้า,1
อินโดนีเซีย,อำเภอโพธิ์ชัย,1
อินโดนีเซีย,อำเภอท่าหลวง,1
อินโดนีเซีย,อำเภอแม่จัน,1
อินโดนีเซีย,อำเภอเมืองแพร่,1
อินโดนีเซีย,อำเภอนิคมน้ำอูน,1
อินโดนีเซีย,อำเภอบ่อทอง,1
อินโดนีเซีย,อำเภอขลุง,1
อินโดนีเซีย,อำเภอไชยปราการ,1
อินโดนีเซีย,อำเภอพยัคฆภูมิพิสัย,1
อินโดนีเซีย,อำเภอโนนสัง,1
อินโดนีเซีย,อำเภอบางน้ำเปรี้ยว,1
อินโดนีเซีย,อำเภอคลองลาน,1
อินโดนีเซีย,อำเภอขามทะเลสอ,1
อินโดนีเซีย,อำเภอป่าติ้ว,1
อินโดนีเซีย,อำเภอเมืองสิงห์บุรี,1
อินโดนีเซีย,อำเภอแม่ริม,1
อินโดนีเซีย,อำเภอเทพารักษ์,1
อินโดนีเซีย,อำเภอปะทิว,1
อินโดนีเซีย,อำเภอวังหิน,1
อินโดนีเซีย,อำเภอบ้านใหม่ไชยพจน์,1
อินโดนีเซีย,อำเภอน้ำโสม,1
อินโดนีเซีย,อำเภอนาตาล,1
อินโดนีเซีย,อำเภอหางดง,1
อินโดนีเซีย,อำเภอขาณุวรลักษบุรี,1
อินโดนีเซีย,อำเภอเขาสมิง,1
อินโดนีเซีย,อำเภอปทุมรัตต์,1
อินโดนีเซีย,อำเภอลำสนธิ,1
อินโดนีเซีย,อำเภอนางรอง,1
อินโดนีเซีย,อำเภอเซกา,1
อินโดนีเซีย,อำเภอศรีสำโรง,1
อินโดนีเซีย,อำเภอพญาเม็งราย,1
อินโดนีเซีย,อำเภอหนองม่วงไข่,1
อินโดนีเซีย,อำเภอเปือยน้อย,1
อินโดนีเซีย,อำเภอสังคม,1
อินโดนีเซีย,อำเภอท่าลี่,1
อินโดนีเซีย,อำเภอน้ำขุ่น,1
อินโดนีเซีย,อำเภอสีคิ้ว,1
อินโดนีเซีย,อำเภอพนมไพร,1
อินโดนีเซีย,อำเภอพัฒนานิคม,1
อินโดนีเซีย,อำเภอสิรินธร,1
อินโดนีเซีย,อำเภอห้วยเม็ก,1
อินโดนีเซีย,อำเภอหล่มสัก,1
อินโดนีเซีย,อำเภอสามชัย,1
อินโดนีเซีย,อำเภอลำทะเมนชัย,1
อินโดนีเซีย,อำเภอเมืองสุรินทร์,1
อินโดนีเซีย,อำเภอวังสะพุง,1
อินโดนีเซีย,อำเภอเวียงชัย,1
อินโดนีเซีย,อำเภอปางศิลาทอง,1
อินโดนีเซีย,อำเภอเมืองเชียงใหม่,1
อินโดนีเซีย,อำเภอลานกระบือ,1
อินโดนีเซีย,อำเภอสามเงา,1
อินโดนีเซีย,เขตบางกอกใหญ่,1
อินโดนีเซีย,อำเภอประโคนชัย,1
อินโดนีเซีย,อำเภอบ้านแท่น,1
อินโดนีเซีย,อำเภอห้างฉัตร,1
อินโดนีเซีย,อำเภอแก้งคร้อ,1
อินโดนีเซีย,อำเภอเสนางคนิคม,1
อินโดนีเซีย,อำเภอเมืองร้อยเอ็ด,1
อินโดนีเซีย,อำเภอพาน,1
อินโดนีเซีย,อำเภอเมืองศรีสะเกษ,1
อินโดนีเซีย,อำเภอดอนตาล,1
อินโดนีเซีย,อำเภอตาคลี,1
อินโดนีเซีย,อำเภอสำโรง,1
อินโดนีเซีย,อำเภอบ้านกรวด,1
อินโดนีเซีย,อำเภอวังโป่ง,1
อินโดนีเซีย,อำเภอโพนพิสัย,1
อินโดนีเซีย,อำเภอตระการพืชผล,1
อินโดนีเซีย,อำเภอชุมแสง,1
อินโดนีเซีย,อำเภอเมืองประจวบคีรีขันธ์,1
อินโดนีเซีย,อำเภอนาเชือก,1
อินโดนีเซีย,อำเภอชุมพลบุรี,1
อินโดนีเซีย,อำเภอบ้านแหลม,1
อินโดนีเซีย,อำเภอจอมบึง,1
อินโดนีเซีย,อำเภอดอนตูม,1
อินโดนีเซีย,อำเภอขุนหาญ,14
อินโดนีเซีย,อำเภอเมืองอุดรธานี,7
อินโดนีเซีย,อำเภอเมืองสกลนคร,7
อินโดนีเซีย,อำเภอพิมาย,6
อินโดนีเซีย,อำเภอนาดี,6
อินโดนีเซีย,อำเภอธัญบุรี,6
อินโดนีเซีย,อำเภอตระการพืชผล,5
อินโดนีเซีย,อำเภอเมืองหนองบัวลำภู,5
อินโดนีเซีย,เขตวังทองหลาง,5
อินโดนีเซีย,อำเภอปากเกร็ด,5
อินโดนีเซีย,อำเภอเมืองสมุทรปราการ,5
อินโดนีเซีย,อำเภอโนนสัง,5
อินโดนีเซีย,อำเภอลำลูกกา,5
อินโดนีเซีย,อำเภอปากช่อง,4
อินโดนีเซีย,อำเภอเมืองนครราชสีมา,4
อินโดนีเซีย,เขตบางขุนเทียน,4
อินโดนีเซีย,อำเภอกุดข้าวปุ้น,4
อินโดนีเซีย,เขตบางแค,4
อินโดนีเซีย,อำเภอสว่างแดนดิน,4
อินโดนีเซีย,อำเภอเดชอุดม,4
อินโดนีเซีย,อำเภอบางเสาธง,4
อินโดนีเซีย,อำเภอศรีสำโรง,3
อินโดนีเซีย,อำเภอสันทราย,3
อินโดนีเซีย,อำเภอพร้าว,3
อินโดนีเซีย,อำเภอกระสัง,3
อินโดนีเซีย,อำเภอเมืองเพชรบูรณ์,3
อินโดนีเซีย,อำเภอบางพลี,3
อินโดนีเซีย,อำเภอวิเชียรบุรี,3
อินโดนีเซีย,อำเภอเชียงคำ,3
อินโดนีเซีย,อำเภอวานรนิวาส,3
อินโดนีเซีย,เขตประเวศ,3
อินโดนีเซีย,อำเภอพิบูลมังสาหาร,3
อินโดนีเซีย,อำเภอพระประแดง,3
อินโดนีเซีย,อำเภอเฉลิมพระเกียรติ,3
อินโดนีเซีย,อำเภอหนองไผ่,3
อินโดนีเซีย,อำเภอขุขันธ์,3
อินโดนีเซีย,อำเภอขามสะแกแสง,3
อินโดนีเซีย,อำเภอเมืองปทุมธานี,3
อินโดนีเซีย,อำเภอสามง่าม,3
อินโดนีเซีย,อำเภอพิบูลย์รักษ์,3
อินโดนีเซีย,อำเภอหล่มสัก,3
อินโดนีเซีย,อำเภอเมืองสุพรรณบุรี,3
อินโดนีเซีย,อำเภอสามพราน,3
อินโดนีเซีย,อำเภอบรรพตพิสัย,3
อินโดนีเซีย,อำเภอนาโพธิ์,3
อินโดนีเซีย,อำเภอสีชมพู,3
อินโดนีเซีย,อำเภอวังทรายพูน,3
อินโดนีเซีย,อำเภอปลาปาก,3
อินโดนีเซีย,อำเภอสตึก,3
อินโดนีเซีย,อำเภอเมืองพิษณุโลก,3
อินโดนีเซีย,อำเภอบ้านดุง,3
อินโดนีเซีย,อำเภอบางละมุง,3
อินโดนีเซีย,อำเภอเมืองลำพูน,3
อินโดนีเซีย,เขตบางกะปิ,3
อินโดนีเซีย,อำเภอคง,3
อินโดนีเซีย,อำเภอธวัชบุรี,3
อินโดนีเซีย,อำเภอวังทอง,3
อินโดนีเซีย,อำเภอเมืองสุรินทร์,3
อินโดนีเซีย,อำเภอบางบัวทอง,3
อินโดนีเซีย,อำเภอโนนสูง,3
อินโดนีเซีย,อำเภอเมืองแพร่,2
อินโดนีเซีย,อำเภอเมืองสระแก้ว,2
อินโดนีเซีย,เขตภาษีเจริญ,2
อินโดนีเซีย,อำเภอโพธิ์ไทร,2
อินโดนีเซีย,อำเภอจังหาร,2
อินโดนีเซีย,อำเภอเมืองภูเก็ต,2
อินโดนีเซีย,อำเภอเขาสวนกวาง,2
อินโดนีเซีย,อำเภอเมืองเชียงราย,2
อินโดนีเซีย,อำเภอเมืองยโสธร,2
อินโดนีเซีย,อำเภอวาปีปทุม,2
อินโดนีเซีย,อำเภอห้วยแถลง,2
อินโดนีเซีย,อำเภอทุ่งเสลี่ยม,2
อินโดนีเซีย,อำเภอทับคล้อ,2
อินโดนีเซีย,อำเภอบ้านผือ,2
อินโดนีเซีย,อำเภอนบพิตำ,2
อินโดนีเซีย,อำเภอพนมไพร,2
อินโดนีเซีย,อำเภอลับแล,2
อินโดนีเซีย,อำเภอท่าม่วง,2
อินโดนีเซีย,อำเภอเสลภูมิ,2
อินโดนีเซีย,อำเภอพล,2
อินโดนีเซีย,อำเภอเมืองนครสวรรค์,2
อินโดนีเซีย,อำเภอวังโป่ง,2
อินโดนีเซีย,อำเภอบ้านหมี่,2
อินโดนีเซีย,อำเภอโกสัมพีนคร,2
อินโดนีเซีย,อำเภอประจักษ์ศิลปาคม,2
อินโดนีเซีย,อำเภอบางระกำ,2
อินโดนีเซีย,อำเภอนากลาง,2
อินโดนีเซีย,เขตคลองสามวา,2
อินโดนีเซีย,อำเภอรัตนบุรี,2
อินโดนีเซีย,อำเภอกระทุ่มแบน,2
อินโดนีเซีย,อำเภอวัฒนานคร,2
อินโดนีเซีย,อำเภอชัยบาดาล,2
อินโดนีเซีย,อำเภอคำม่วง,2
อินโดนีเซีย,อำเภอหนองหาน,2
อินโดนีเซีย,อำเภอไชยวาน,2
อินโดนีเซีย,อำเภอไพศาลี,2
อินโดนีเซีย,อำเภอหนองพอก,2
อินโดนีเซีย,อำเภอจอมพระ,2
อินโดนีเซีย,เขตบางซื่อ,2
อินโดนีเซีย,อำเภอเดิมบางนางบวช,2
อินโดนีเซีย,อำเภอโพธิ์ทอง,2
อินโดนีเซีย,เขตพญาไท,2
อินโดนีเซีย,อำเภอสมเด็จ,2
อินโดนีเซีย,อำเภอทุ่งฝน,2
อินโดนีเซีย,อำเภอบึงนาราง,2
อินโดนีเซีย,อำเภอเมืองนครศรีธรรมราช,2
อินโดนีเซีย,อำเภอแกลง,2
อินโดนีเซีย,อำเภอเฝ้าไร่,2
อินโดนีเซีย,อำเภอคำเขื่อนแก้ว,2
อินโดนีเซีย,อำเภอเพ็ญ,1
อินโดนีเซีย,อำเภอดอนสัก,1
อินโดนีเซีย,อำเภอสอยดาว,1
อินโดนีเซีย,อำเภอเขาวง,1
อินโดนีเซีย,อำเภอบางคล้า,1
อินโดนีเซีย,อำเภอดอยหลวง,1
อินโดนีเซีย,อำเภอน้ำพอง,1
อินโดนีเซีย,อำเภอมัญจาคีรี,1
อินโดนีเซีย,อำเภอชาติตระการ,1
อินโดนีเซีย,อำเภอดงเจริญ,1
อินโดนีเซีย,อำเภอเกาะสมุย,1
อินโดนีเซีย,อำเภอแม่ลาว,1
อินโดนีเซีย,อำเภอแม่สาย,1
อินโดนีเซีย,อำเภอเมืองเพชรบุรี,1
อินโดนีเซีย,อำเภอบ้านม่วง,1
อินโดนีเซีย,อำเภอชานุมาน,1
อินโดนีเซีย,อำเภอจอมทอง,1
อินโดนีเซีย,อำเภอทัพทัน,1
อินโดนีเซีย,อำเภอเขาพนม,1
อินโดนีเซีย,อำเภอคอนสาร,1
อินโดนีเซีย,อำเภอสนามชัยเขต,1
อินโดนีเซีย,อำเภอลอง,1
อินโดนีเซีย,อำเภอวังสมบูรณ์,1
อินโดนีเซีย,อำเภอบางสะพาน,1
อินโดนีเซีย,อำเภอเมืองกำแพงเพชร,1
อินโดนีเซีย,อำเภอวังน้อย,1
อินโดนีเซีย,เขตปทุมวัน,1
อินโดนีเซีย,อำเภอพรหมพิราม,1
อินโดนีเซีย,อำเภอเมืองบึงกาฬ,1
อินโดนีเซีย,อำเภอกุดบาก,1
อินโดนีเซีย,อำเภอบางบาล,1
อินโดนีเซีย,อำเภอหนองกี่,1
อินโดนีเซีย,อำเภอป่าซาง,1
อินโดนีเซีย,อำเภอสหัสขันธ์,1
อินโดนีเซีย,อำเภอบ้านไร่,1
อินโดนีเซีย,อำเภอปักธงชัย,1
อินโดนีเซีย,อำเภอบุณฑริก,1
อินโดนีเซีย,อำเภอเขาคิชฌกูฏ,1
อินโดนีเซีย,อำเภอพิชัย,1
อินโดนีเซีย,อำเภอปทุมราชวงศา,1
อินโดนีเซีย,อำเภอพระยืน,1
อินโดนีเซีย,อำเภอเมืองชัยภูมิ,1
อินโดนีเซีย,อำเภอกันทรลักษ์,1
อินโดนีเซีย,อำเภอท่าตูม,1
อินโดนีเซีย,อำเภอสิชล,1
อินโดนีเซีย,อำเภอพระสมุทรเจดีย์,1
อินโดนีเซีย,อำเภอชุมแพ,1
อินโดนีเซีย,อำเภอเกษตรวิสัย,1
อินโดนีเซีย,เขตจตุจักร,1
อินโดนีเซีย,อำเภอเมืองระนอง,1
อินโดนีเซีย,อำเภอเทิง,1
อินโดนีเซีย,อำเภอพยุห์,1
อินโดนีเซีย,อำเภอโพนสวรรค์,1
อินโดนีเซีย,อำเภอทุ่งเขาหลวง,1
อินโดนีเซีย,อำเภอเบญจลักษ์,1
อินโดนีเซีย,อำเภอบ้านตาก,1
อินโดนีเซีย,อำเภอนาแก,1
อินโดนีเซีย,เขตดุสิต,1
อินโดนีเซีย,อำเภอกาบเชิง,1
อินโดนีเซีย,อำเภอพรานกระต่าย,1
อินโดนีเซีย,อำเภอแม่อาย,1
อินโดนีเซีย,อำเภอเนินขาม,1
อินโดนีเซีย,เขตตลิ่งชัน,1
อินโดนีเซีย,อำเภอศรีรัตนะ,1
อินโดนีเซีย,อำเภอนิคมพัฒนา,1
อินโดนีเซีย,อำเภอสว่างอารมณ์,1
อินโดนีเซีย,อำเภอดอยสะเก็ด,1
อินโดนีเซีย,อำเภอโพธิ์ประทับช้าง,1
อินโดนีเซีย,อำเภอจุน,1
อินโดนีเซีย,เขตทุ่งครุ,1
อินโดนีเซีย,อำเภอนครหลวง,1
อินโดนีเซีย,อำเภอเขวาสินรินทร์,1
อินโดนีเซีย,อำเภอกุฉินารายณ์,1
อินโดนีเซีย,อำเภอเมืองพะเยา,1
อินโดนีเซีย,อำเภอกุสุมาลย์,1
อินโดนีเซีย,อำเภอเมืองลพบุรี,1
อินโดนีเซีย,อำเภอท่าคันโท,1
อินโดนีเซีย,อำเภอเมืองมหาสารคาม,1
อินโดนีเซีย,อำเภอเมืองราชบุรี,1
อินโดนีเซีย,อำเภอสังขะ,1
อินโดนีเซีย,อำเภอไทรงาม,1
อินโดนีเซีย,อำเภอคลองหาด,1
อินโดนีเซีย,อำเภอศรีสวัสดิ์,1
อินโดนีเซีย,อำเภอเมืองนนทบุรี,1
อินโดนีเซีย,อำเภอภูซาง,1
อินโดนีเซีย,อำเภอจักราช,1
อินโดนีเซีย,อำเภอพนมทวน,1
อินโดนีเซีย,อำเภอเขื่องใน,1
อินโดนีเซีย,อำเภอผาขาว,1
อินโดนีเซีย,อำเภอบ้านเหลื่อม,1
อินโดนีเซีย,อำเภอชื่นชม,1
อินโดนีเซีย,เขตหนองแขม,1
อินโดนีเซีย,อำเภอเมืองชุมพร,1
อินโดนีเซีย,เขตคันนายาว,1
อินโดนีเซีย,อำเภอกุมภวาปี,1
อินโดนีเซีย,อำเภอสวี,1
อินโดนีเซีย,อำเภอบางปลาม้า,1
อินโดนีเซีย,อำเภอเมืองฉะเชิงเทรา,1
อินโดนีเซีย,อำเภอเมืองกาญจนบุรี,1
อินโดนีเซีย,อำเภอห้วยกระเจา,1
อินโดนีเซีย,อำเภอเมืองน่าน,1
อินโดนีเซีย,อำเภอป่าโมก,1
อินโดนีเซีย,อำเภอเมืองหนองคาย,1
อินโดนีเซีย,อำเภอหนองหงส์,1
อินโดนีเซีย,อำเภอเมืองสงขลา,1
อินโดนีเซีย,อำเภอเขาฉกรรจ์,1
อินโดนีเซีย,อำเภอเมืองพิจิตร,1
อินโดนีเซีย,อำเภอแม่ทะ,1
ซาอุดีอาระเบีย,อำเภอตะกั่วป่า,37
ซาอุดีอาระเบีย,อำเภอเสนา,18
ซาอุดีอาระเบีย,อำเภอถลาง,14
ซาอุดีอาระเบีย,อำเภอสามโคก,12
ซาอุดีอาระเบีย,อำเภอบางเลน,9
ซาอุดีอาระเบีย,อำเภอวาปีปทุม,8
ซาอุดีอาระเบีย,อำเภอเมืองสงขลา,8
ซาอุดีอาระเบีย,อำเภอหาดใหญ่,8
ซาอุดีอาระเบีย,อำเภอพระนครศรีอยุธยา,8
ซาอุดีอาระเบีย,อำเภอเมืองราชบุรี,6
ซาอุดีอาระเบีย,อำเภอเมืองเชียงราย,6
ซาอุดีอาระเบีย,อำเภอพิมาย,6
ซาอุดีอาระเบีย,อำเภอดำเนินสะดวก,5
ซาอุดีอาระเบีย,อำเภอกำแพงแสน,5
ซาอุดีอาระเบีย,อำเภอเมืองยะลา,5
ซาอุดีอาระเบีย,อำเภอบ้านโป่ง,5
ซาอุดีอาระเบีย,อำเภอเมืองกาญจนบุรี,5
ซาอุดีอาระเบีย,อำเภอเมืองกำแพงเพชร,4
ซาอุดีอาระเบีย,อำเภอเมืองลำปาง,4
ซาอุดีอาระเบีย,อำเภอเมืองนครพนม,4
ซาอุดีอาระเบีย,อำเภอบางพลี,4
ซาอุดีอาระเบีย,อำเภอธาตุพนม,4
ซาอุดีอาระเบีย,อำเภอศรีราชา,4
ซาอุดีอาระเบีย,อำเภอเมืองสมุทรสงคราม,4
ซาอุดีอาระเบีย,อำเภอเพ็ญ,4
ซาอุดีอาระเบีย,อำเภอบางไทร,4
ซาอุดีอาระเบีย,อำเภอกุมภวาปี,4
ซาอุดีอาระเบีย,อำเภอป่าโมก,3
ซาอุดีอาระเบีย,อำเภอเมืองชุมพร,3
ซาอุดีอาระเบีย,อำเภอทองผาภูมิ,3
ซาอุดีอาระเบีย,อำเภอลำปลายมาศ,3
ซาอุดีอาระเบีย,อำเภอคลองหลวง,3
ซาอุดีอาระเบีย,อำเภอยะรัง,3
ซาอุดีอาระเบีย,อำเภอเมืองปัตตานี,3
ซาอุดีอาระเบีย,อำเภอบางสะพาน,3
ซาอุดีอาระเบีย,อำเภอพลับพลาชัย,3
ซาอุดีอาระเบีย,อำเภอสวนผึ้ง,3
ซาอุดีอาระเบีย,อำเภอบางบาล,3
ซาอุดีอาระเบีย,อำเภอตะกั่วทุ่ง,3
ซาอุดีอาระเบีย,อำเภอท่ามะกา,3
ซาอุดีอาระเบีย,อำเภอเมืองนครราชสีมา,2
ซาอุดีอาระเบีย,อำเภอเมืองสกลนคร,2
ซาอุดีอาระเบีย,อำเภอหนองหญ้าไซ,2
ซาอุดีอาระเบีย,อำเภอโพทะเล,2
ซาอุดีอาระเบีย,อำเภอลานสกา,2
ซาอุดีอาระเบีย,อำเภอพรหมบุรี,2
ซาอุดีอาระเบีย,เขตบางแค,2
ซาอุดีอาระเบีย,อำเภอบางละมุง,2
ซาอุดีอาระเบีย,อำเภอเมืองนครศรีธรรมราช,2
ซาอุดีอาระเบีย,อำเภอทุ่งสง,2
ซาอุดีอาระเบีย,อำเภอสว่างวีระวงศ์,2
ซาอุดีอาระเบีย,อำเภอชนแดน,2
ซาอุดีอาระเบีย,อำเภอปากช่อง,2
ซาอุดีอาระเบีย,อำเภอหนองสองห้อง,2
ซาอุดีอาระเบีย,อำเภอลาดหลุมแก้ว,2
ซาอุดีอาระเบีย,อำเภอนิคมพัฒนา,2
ซาอุดีอาระเบีย,อำเภอคุระบุรี,2
ซาอุดีอาระเบีย,อำเภอเมืองเพชรบูรณ์,2
ซาอุดีอาระเบีย,อำเภอธัญบุรี,2
ซาอุดีอาระเบีย,อำเภอโนนสะอาด,2
ซาอุดีอาระเบีย,อำเภอเถิน,2
ซาอุดีอาระเบีย,อำเภอหนองวัวซอ,2
ซาอุดีอาระเบีย,อำเภอเมืองสุราษฎร์ธานี,2
ซาอุดีอาระเบีย,อำเภอสะเมิง,2
ซาอุดีอาระเบีย,เขตบางเขน,2
ซาอุดีอาระเบีย,อำเภอบาเจาะ,2
ซาอุดีอาระเบีย,อำเภอร่อนพิบูลย์,2
ซาอุดีอาระเบีย,อำเภอตาคลี,2
ซาอุดีอาระเบีย,อำเภอเจริญศิลป์,2
ซาอุดีอาระเบีย,อำเภอบางปลาม้า,2
ซาอุดีอาระเบีย,เขตพญาไท,2
ซาอุดีอาระเบีย,อำเภอหนองไผ่,2
ซาอุดีอาระเบีย,อำเภอตระการพืชผล,2
ซาอุดีอาระเบีย,อำเภอบ้านตาก,2
ซาอุดีอาระเบีย,อำเภอยะหา,2
ซาอุดีอาระเบีย,อำเภอรามัน,2
ซาอุดีอาระเบีย,อำเภอจะนะ,2
ซาอุดีอาระเบีย,อำเภอเมืองเลย,2
ซาอุดีอาระเบีย,อำเภอพิบูลมังสาหาร,1
ซาอุดีอาระเบีย,อำเภอปากพนัง,1
ซาอุดีอาระเบีย,อำเภอบึงบูรพ์,1
ซาอุดีอาระเบีย,อำเภอหนองหาน,1
ซาอุดีอาระเบีย,เขตบางรัก,1
ซาอุดีอาระเบีย,อำเภอไพรบึง,1
ซาอุดีอาระเบีย,อำเภอหล่มสัก,1
ซาอุดีอาระเบีย,อำเภอหนองแสง,1
ซาอุดีอาระเบีย,อำเภอเมืองสมุทรปราการ,1
ซาอุดีอาระเบีย,อำเภอห้วยแถลง,1
ซาอุดีอาระเบีย,อำเภอชุมแพ,1
ซาอุดีอาระเบีย,เขตบึงกุ่ม,1
ซาอุดีอาระเบีย,อำเภอนาวัง,1
ซาอุดีอาระเบีย,อำเภอโคกโพธิ์,1
ซาอุดีอาระเบีย,อำเภอลืออำนาจ,1
ซาอุดีอาระเบีย,อำเภอคูเมือง,1
ซาอุดีอาระเบีย,อำเภอเมืองหนองคาย,1
ซาอุดีอาระเบีย,อำเภอวานรนิวาส,1
ซาอุดีอาระเบีย,อำเภอวิเศษชัยชาญ,1
ซาอุดีอาระเบีย,อำเภอบางมูลนาก,1
ซาอุดีอาระเบีย,อำเภอคอนสวรรค์,1
ซาอุดีอาระเบีย,อำเภอกาบัง,1
ซาอุดีอาระเบีย,อำเภอวังทรายพูน,1
ซาอุดีอาระเบีย,อำเภอวัดโบสถ์,1
ซาอุดีอาระเบีย,อำเภอพยุหะคีรี,1
ซาอุดีอาระเบีย,อำเภอหนองเสือ,1
ซาอุดีอาระเบีย,อำเภอนครหลวง,1
ซาอุดีอาระเบีย,อำเภอภูสิงห์,1
ซาอุดีอาระเบีย,อำเภอลอง,1
ซาอุดีอาระเบีย,เขตดุสิต,1
ซาอุดีอาระเบีย,อำเภอท่าบ่อ,1
ซาอุดีอาระเบีย,อำเภอผักไห่,1
ซาอุดีอาระเบีย,อำเภอบางระกำ,1
ซาอุดีอาระเบีย,อำเภอวังสะพุง,1
ซาอุดีอาระเบีย,อำเภอวารินชำราบ,1
ซาอุดีอาระเบีย,อำเภอท่าลี่,1
ซาอุดีอาระเบีย,อำเภอบ้านคา,1
ซาอุดีอาระเบีย,อำเภอกระสัง,1
ซาอุดีอาระเบีย,อำเภอเมืองชลบุรี,1
ซาอุดีอาระเบีย,อำเภอบางกล่ำ,1
ซาอุดีอาระเบีย,อำเภอปากเกร็ด,1
ซาอุดีอาระเบีย,อำเภอบ้านหมี่,1
ซาอุดีอาระเบีย,อำเภอทับปุด,1
ซาอุดีอาระเบีย,อำเภอเมืองศรีสะเกษ,1
ซาอุดีอาระเบีย,อำเภอบุณฑริก,1
ซาอุดีอาระเบีย,อำเภอสรรคบุรี,1
ซาอุดีอาระเบีย,อำเภอสองพี่น้อง,1
ซาอุดีอาระเบีย,อำเภอรัตภูมิ,1
ซาอุดีอาระเบีย,อำเภอหนองจิก,1
ซาอุดีอาระเบีย,อำเภอบ้านแท่น,1
ซาอุดีอาระเบีย,อำเภอบางปะกง,1
ซาอุดีอาระเบีย,อำเภอสิงหนคร,1
ซาอุดีอาระเบีย,อำเภอบ่อทอง,1
ซาอุดีอาระเบีย,อำเภอขุนหาญ,1
ซาอุดีอาระเบีย,อำเภอบางแพ,1
ซาอุดีอาระเบีย,อำเภอพระสมุทรเจดีย์,1
ซาอุดีอาระเบีย,อำเภอเมืองยาง,1
ซาอุดีอาระเบีย,อำเภอตะโหมด,1
ซาอุดีอาระเบีย,อำเภอเมืองร้อยเอ็ด,1
ซาอุดีอาระเบีย,อำเภอท้ายเหมือง,1
ซาอุดีอาระเบีย,อำเภอศรีสมเด็จ,1
ซาอุดีอาระเบีย,อำเภอชัยบาดาล,1
ซาอุดีอาระเบีย,อำเภอขลุง,1
ซาอุดีอาระเบีย,อำเภอแก้งสนามนาง,1
ซาอุดีอาระเบีย,อำเภอบ่อพลอย,1
ซาอุดีอาระเบีย,อำเภอสามเงา,1
ซาอุดีอาระเบีย,อำเภอสังขะ,1
ซาอุดีอาระเบีย,อำเภอเมืองนครปฐม,1
ซาอุดีอาระเบีย,อำเภอบ้านดุง,1
ซาอุดีอาระเบีย,อำเภอยะหริ่ง,1
ซาอุดีอาระเบีย,อำเภอเอราวัณ,1
ซาอุดีอาระเบีย,อำเภอเนินมะปราง,1
ซาอุดีอาระเบีย,เขตประเวศ,1
ซาอุดีอาระเบีย,อำเภอแม่เมาะ,1
ซาอุดีอาระเบีย,อำเภอวชิรบารมี,1
ซาอุดีอาระเบีย,อำเภอกันทรลักษ์,1
ซาอุดีอาระเบีย,อำเภอมวกเหล็ก,1
ซาอุดีอาระเบีย,อำเภอธวัชบุรี,1
ซาอุดีอาระเบีย,อำเภอเมืองตรัง,1
ซาอุดีอาระเบีย,อำเภอกระทุ่มแบน,1
ซาอุดีอาระเบีย,อำเภอเมืองยโสธร,1
ซาอุดีอาระเบีย,อำเภอกมลาไสย,1
ซาอุดีอาระเบีย,อำเภอเมืองปทุมธานี,1
ซาอุดีอาระเบีย,อำเภอเมืองอุทัยธานี,1
ซาอุดีอาระเบีย,อำเภอบางกรวย,1
ซาอุดีอาระเบีย,อำเภอเกาะคา,1
ซาอุดีอาระเบีย,อำเภอเขาฉกรรจ์,1
ซาอุดีอาระเบีย,เขตดินแดง,1
ซาอุดีอาระเบีย,อำเภอบรรพตพิสัย,1
ซาอุดีอาระเบีย,อำเภอเมืองชัยนาท,1
ซาอุดีอาระเบีย,อำเภอท่าแซะ,1
ซาอุดีอาระเบีย,อำเภอเมืองอุตรดิตถ์,1
ซาอุดีอาระเบีย,อำเภอเลาขวัญ,1
ซาอุดีอาระเบีย,อำเภอแม่จัน,1
ซาอุดีอาระเบีย,อำเภอสุคิริน,1
ซาอุดีอาระเบีย,อำเภอพรหมพิราม,1
ซาอุดีอาระเบีย,อำเภอกงหรา,1
ซาอุดีอาระเบีย,อำเภอดอนสัก,1
ซาอุดีอาระเบีย,อำเภอโพธิ์ทอง,1
ซาอุดีอาระเบีย,อำเภอจอมบึง,1
ซาอุดีอาระเบีย,อำเภอเมืองอุดรธานี,1
ซาอุดีอาระเบีย,อำเภอหนองเรือ,1
ซาอุดีอาระเบีย,อำเภอเมืองลพบุรี,1
ซาอุดีอาระเบีย,อำเภอเมืองบุรีรัมย์,1
ซาอุดีอาระเบีย,อำเภอบ้านนา,1
ซาอุดีอาระเบีย,อำเภอกันทรารมย์,1
ซาอุดีอาระเบีย,อำเภอมโนรมย์,1
ซาอุดีอาระเบีย,อำเภอนาจะหลวย,1
ซาอุดีอาระเบีย,เขตหนองแขม,1
ซาอุดีอาระเบีย,อำเภอเมืองสมุทรสาคร,1
ซาอุดีอาระเบีย,อำเภอวังสมบูรณ์,1
ซาอุดีอาระเบีย,อำเภอน้ำโสม,1
ซาอุดีอาระเบีย,อำเภอเมืองสรวง,1
ซาอุดีอาระเบีย,อำเภอบ้านฝาง,1
ซาอุดีอาระเบีย,อำเภอเมืองภูเก็ต,1
ซาอุดีอาระเบีย,อำเภอรือเสาะ,1
ซาอุดีอาระเบีย,อำเภอปากพะยูน,1
ซาอุดีอาระเบีย,เขตบางบอน,1
ซาอุดีอาระเบีย,อำเภอบ้านกรวด,1
ซาอุดีอาระเบีย,อำเภอหัวหิน,1
ซาอุดีอาระเบีย,อำเภอด่านขุนทด,1
ซาอุดีอาระเบีย,อำเภอมัญจาคีรี,1
ซาอุดีอาระเบีย,อำเภอเมืองนนทบุรี,1
ซาอุดีอาระเบีย,เขตทุ่งครุ,1
ซาอุดีอาระเบีย,อำเภอเวียงป่าเป้า,1
ซาอุดีอาระเบีย,อำเภอน้ำพอง,1
ซาอุดีอาระเบีย,อำเภอท่าเรือ,1
ซาอุดีอาระเบีย,อำเภอบำเหน็จณรงค์,1
ซาอุดีอาระเบีย,เขตบางนา,1
ซาอุดีอาระเบีย,อำเภอปะทิว,1
ซาอุดีอาระเบีย,อำเภอน้ำเกลี้ยง,1
ซาอุดีอาระเบีย,อำเภอแว้ง,1
ซาอุดีอาระเบีย,อำเภอเวียงสา,1
ซาอุดีอาระเบีย,อำเภอวาริชภูมิ,1
ซาอุดีอาระเบีย,อำเภอเขมราฐ,1
ซาอุดีอาระเบีย,เขตยานนาวา,1
ซาอุดีอาระเบีย,อำเภอบางเสาธง,1
ซาอุดีอาระเบีย,อำเภอพยัคฆภูมิพิสัย,1
ซาอุดีอาระเบีย,อำเภอลี้,1
ซาอุดีอาระเบีย,เขตบางซื่อ,1
ซาอุดีอาระเบีย,อำเภอสหัสขันธ์,1
สวิตเซอร์แลนด์,อำเภอหนองหาน,7
สวิตเซอร์แลนด์,อำเภอเมืองนครราชสีมา,5
สวิตเซอร์แลนด์,อำเภอบางบัวทอง,5
สวิตเซอร์แลนด์,อำเภอเมืองสมุทรปราการ,5
สวิตเซอร์แลนด์,อำเภอเมืองขอนแก่น,5
สวิตเซอร์แลนด์,อำเภอศรีราชา,5
สวิตเซอร์แลนด์,อำเภอเมืองสุรินทร์,5
สวิตเซอร์แลนด์,เขตคลองสามวา,4
สวิตเซอร์แลนด์,อำเภอประทาย,4
สวิตเซอร์แลนด์,อำเภอเมืองอุดรธานี,4
สวิตเซอร์แลนด์,อำเภอพล,4
สวิตเซอร์แลนด์,อำเภอนางรอง,4
สวิตเซอร์แลนด์,เขตสวนหลวง,3
สวิตเซอร์แลนด์,อำเภอกุมภวาปี,3
สวิตเซอร์แลนด์,เขตลาดกระบัง,3
สวิตเซอร์แลนด์,อำเภอบางกรวย,3
สวิตเซอร์แลนด์,อำเภอสูงเนิน,3
สวิตเซอร์แลนด์,อำเภอเถิน,3
สวิตเซอร์แลนด์,อำเภอเมืองพิษณุโลก,3
สวิตเซอร์แลนด์,อำเภอพาน,3
สวิตเซอร์แลนด์,อำเภอสัตหีบ,3
สวิตเซอร์แลนด์,อำเภอบ้านใหม่ไชยพจน์,3
สวิตเซอร์แลนด์,อำเภอเทิง,3
สวิตเซอร์แลนด์,อำเภอแก้งสนามนาง,3
สวิตเซอร์แลนด์,อำเภอหาดใหญ่,3
สวิตเซอร์แลนด์,อำเภอห้วยแถลง,3
สวิตเซอร์แลนด์,อำเภอเขมราฐ,3
สวิตเซอร์แลนด์,อำเภอทุ่งเสลี่ยม,3
สวิตเซอร์แลนด์,อำเภอปลาปาก,3
สวิตเซอร์แลนด์,อำเภอบางละมุง,3
สวิตเซอร์แลนด์,อำเภอพรรณานิคม,3
สวิตเซอร์แลนด์,อำเภอเมืองระยอง,3
สวิตเซอร์แลนด์,อำเภอโนนสูง,3
สวิตเซอร์แลนด์,อำเภอยางตลาด,3
สวิตเซอร์แลนด์,อำเภอปราสาท,3
สวิตเซอร์แลนด์,เขตบางเขน,2
สวิตเซอร์แลนด์,อำเภอโขงเจียม,2
สวิตเซอร์แลนด์,อำเภอนาหว้า,2
สวิตเซอร์แลนด์,อำเภอโพธิ์ประทับช้าง,2
สวิตเซอร์แลนด์,อำเภอเมืองนครปฐม,2
สวิตเซอร์แลนด์,อำเภอห้วยผึ้ง,2
สวิตเซอร์แลนด์,อำเภอบัวลาย,2
สวิตเซอร์แลนด์,อำเภอบ้านตาก,2
สวิตเซอร์แลนด์,อำเภอรัตนบุรี,2
สวิตเซอร์แลนด์,อำเภอพยุหะคีรี,2
สวิตเซอร์แลนด์,อำเภอชุมแสง,2
สวิตเซอร์แลนด์,เขตมีนบุรี,2
สวิตเซอร์แลนด์,อำเภอเมืองนนทบุรี,2
สวิตเซอร์แลนด์,อำเภอองครักษ์,2
สวิตเซอร์แลนด์,อำเภอไชยวาน,2
สวิตเซอร์แลนด์,อำเภอคลองลาน,2
สวิตเซอร์แลนด์,อำเภอเมืองกำแพงเพชร,2
สวิตเซอร์แลนด์,อำเภอโนนนารายณ์,2
สวิตเซอร์แลนด์,อำเภอตากฟ้า,2
สวิตเซอร์แลนด์,อำเภอมโนรมย์,2
สวิตเซอร์แลนด์,อำเภอแม่สาย,2
สวิตเซอร์แลนด์,อำเภอบ้านดุง,2
สวิตเซอร์แลนด์,อำเภอเมืองลำปาง,2
สวิตเซอร์แลนด์,อำเภอพุทไธสง,2
สวิตเซอร์แลนด์,อำเภอเมืองชลบุรี,2
สวิตเซอร์แลนด์,อำเภอหนองกี่,2
สวิตเซอร์แลนด์,อำเภอบรรพตพิสัย,2
สวิตเซอร์แลนด์,อำเภออาจสามารถ,2
สวิตเซอร์แลนด์,อำเภอคลองหลวง,2
สวิตเซอร์แลนด์,อำเภอตาพระยา,2
สวิตเซอร์แลนด์,อำเภอกระทุ่มแบน,2
สวิตเซอร์แลนด์,อำเภอเมืองยาง,2
สวิตเซอร์แลนด์,อำเภอลาดยาว,2
สวิตเซอร์แลนด์,อำเภอแม่พริก,2
สวิตเซอร์แลนด์,อำเภอปากช่อง,2
สวิตเซอร์แลนด์,อำเภอพระยืน,2
สวิตเซอร์แลนด์,อำเภอเกษตรสมบูรณ์,2
สวิตเซอร์แลนด์,เขตบางกะปิ,2
สวิตเซอร์แลนด์,อำเภอหนองสองห้อง,2
สวิตเซอร์แลนด์,อำเภอพร้าว,2
สวิตเซอร์แลนด์,อำเภอเมืองบึงกาฬ,2
สวิตเซอร์แลนด์,อำเภอเมืองชัยนาท,2
สวิตเซอร์แลนด์,อำเภอเมืองฉะเชิงเทรา,2
สวิตเซอร์แลนด์,อำเภอปากเกร็ด,2
สวิตเซอร์แลนด์,อำเภอหนองไผ่,2
สวิตเซอร์แลนด์,อำเภอชุมแพ,2
สวิตเซอร์แลนด์,อำเภอเมืองหนองบัวลำภู,2
สวิตเซอร์แลนด์,อำเภอพังโคน,2
สวิตเซอร์แลนด์,อำเภอบ้านกรวด,2
สวิตเซอร์แลนด์,อำเภอบ้านโพธิ์,2
สวิตเซอร์แลนด์,อำเภอบางใหญ่,2
สวิตเซอร์แลนด์,เขตดินแดง,2
สวิตเซอร์แลนด์,อำเภอลอง,2
สวิตเซอร์แลนด์,อำเภอเมืองหนองคาย,2
สวิตเซอร์แลนด์,อำเภอกันทรลักษ์,2
สวิตเซอร์แลนด์,อำเภอเมืองชัยภูมิ,2
สวิตเซอร์แลนด์,อำเภอเมืองสมุทรสาคร,2
สวิตเซอร์แลนด์,อำเภอลำปลายมาศ,2
สวิตเซอร์แลนด์,อำเภอกะทู้,2
สวิตเซอร์แลนด์,อำเภอเมืองสกลนคร,2
สวิตเซอร์แลนด์,เขตหนองจอก,2
สวิตเซอร์แลนด์,อำเภอศรีสำโรง,2
สวิตเซอร์แลนด์,อำเภอโพนพิสัย,2
สวิตเซอร์แลนด์,อำเภอบางพลี,2
สวิตเซอร์แลนด์,อำเภอแม่อาย,2
สวิตเซอร์แลนด์,อำเภอโพธิ์ชัย,2
สวิตเซอร์แลนด์,อำเภอเมืองภูเก็ต,1
สวิตเซอร์แลนด์,อำเภอหนองแค,1
สวิตเซอร์แลนด์,อำเภอสำโรง,1
สวิตเซอร์แลนด์,อำเภอชุมพวง,1
สวิตเซอร์แลนด์,อำเภอสังขะ,1
สวิตเซอร์แลนด์,เขตบางขุนเทียน,1
สวิตเซอร์แลนด์,อำเภอแกลง,1
สวิตเซอร์แลนด์,เขตจตุจักร,1
สวิตเซอร์แลนด์,อำเภอบางน้ำเปรี้ยว,1
สวิตเซอร์แลนด์,อำเภอวังสามหมอ,1
สวิตเซอร์แลนด์,อำเภอปากพะยูน,1
สวิตเซอร์แลนด์,อำเภอกมลาไสย,1
สวิตเซอร์แลนด์,อำเภอพนัสนิคม,1
สวิตเซอร์แลนด์,อำเภอเชียงคาน,1
สวิตเซอร์แลนด์,อำเภอโพธาราม,1
สวิตเซอร์แลนด์,อำเภอสว่างวีระวงศ์,1
สวิตเซอร์แลนด์,อำเภอโพธิ์ทอง,1
สวิตเซอร์แลนด์,อำเภอเสนางคนิคม,1
สวิตเซอร์แลนด์,อำเภอเมืองเพชรบูรณ์,1
สวิตเซอร์แลนด์,อำเภอนาดี,1
สวิตเซอร์แลนด์,อำเภออัมพวา,1
สวิตเซอร์แลนด์,อำเภอเพ็ญ,1
สวิตเซอร์แลนด์,อำเภอพรานกระต่าย,1
สวิตเซอร์แลนด์,อำเภอพญาเม็งราย,1
สวิตเซอร์แลนด์,อำเภอสันป่าตอง,1
สวิตเซอร์แลนด์,อำเภอวังน้ำเย็น,1
สวิตเซอร์แลนด์,อำเภอนาตาล,1
สวิตเซอร์แลนด์,อำเภอกงไกรลาศ,1
สวิตเซอร์แลนด์,เขตบางคอแหลม,1
สวิตเซอร์แลนด์,อำเภอวิเชียรบุรี,1
สวิตเซอร์แลนด์,อำเภอปราณบุรี,1
สวิตเซอร์แลนด์,เขตสายไหม,1
สวิตเซอร์แลนด์,อำเภอสีดา,1
สวิตเซอร์แลนด์,อำเภอศรีวิไล,1
สวิตเซอร์แลนด์,อำเภอพนมไพร,1
สวิตเซอร์แลนด์,อำเภอธาตุพนม,1
สวิตเซอร์แลนด์,อำเภอท่าวังผา,1
สวิตเซอร์แลนด์,อำเภอเมืองจันทบุรี,1
สวิตเซอร์แลนด์,อำเภอชื่นชม,1
สวิตเซอร์แลนด์,อำเภอนาวัง,1
สวิตเซอร์แลนด์,อำเภอยางสีสุราช,1
สวิตเซอร์แลนด์,อำเภอหนองบัวระเหว,1
สวิตเซอร์แลนด์,อำเภอลาดบัวหลวง,1
สวิตเซอร์แลนด์,อำเภอหนองกุงศรี,1
สวิตเซอร์แลนด์,อำเภอน้ำพอง,1
สวิตเซอร์แลนด์,อำเภอศรีณรงค์,1
สวิตเซอร์แลนด์,อำเภอเมืองนราธิวาส,1
สวิตเซอร์แลนด์,อำเภอโคกโพธิ์,1
สวิตเซอร์แลนด์,อำเภอเอราวัณ,1
สวิตเซอร์แลนด์,อำเภอหล่มเก่า,1
สวิตเซอร์แลนด์,อำเภอบางแพ,1
สวิตเซอร์แลนด์,อำเภอบางบ่อ,1
สวิตเซอร์แลนด์,เขตบางกอกน้อย,1
สวิตเซอร์แลนด์,อำเภอหางดง,1
สวิตเซอร์แลนด์,อำเภอโกสุมพิสัย,1
สวิตเซอร์แลนด์,อำเภอคูเมือง,1
สวิตเซอร์แลนด์,อำเภอโนนศิลา,1
สวิตเซอร์แลนด์,อำเภอผักไห่,1
สวิตเซอร์แลนด์,อำเภอเชียรใหญ่,1
สวิตเซอร์แลนด์,อำเภอสะเดา,1
สวิตเซอร์แลนด์,อำเภอพรเจริญ,1
สวิตเซอร์แลนด์,อำเภอเมืองอำนาจเจริญ,1
สวิตเซอร์แลนด์,อำเภอตระการพืชผล,1
สวิตเซอร์แลนด์,อำเภอเมืองนครสวรรค์,1
สวิตเซอร์แลนด์,อำเภอโป่งน้ำร้อน,1
สวิตเซอร์แลนด์,อำเภอศรีเทพ,1
สวิตเซอร์แลนด์,อำเภอหนองแสง,1
สวิตเซอร์แลนด์,อำเภอเมืองสระบุรี,1
สวิตเซอร์แลนด์,อำเภอนาเชือก,1
สวิตเซอร์แลนด์,อำเภอคอนสาร,1
สวิตเซอร์แลนด์,อำเภอเทพสถิต,1
สวิตเซอร์แลนด์,อำเภอเมืองนครศรีธรรมราช,1
สวิตเซอร์แลนด์,อำเภอท่าเรือ,1
สวิตเซอร์แลนด์,อำเภอห้างฉัตร,1
สวิตเซอร์แลนด์,อำเภอวังทอง,1
สวิตเซอร์แลนด์,อำเภอลำลูกกา,1
สวิตเซอร์แลนด์,อำเภอกัลยาณิวัฒนา,1
สวิตเซอร์แลนด์,อำเภอเฉลิมพระเกียรติ,1
สวิตเซอร์แลนด์,อำเภอกันทรวิชัย,1
สวิตเซอร์แลนด์,อำเภอสรรพยา,1
สวิตเซอร์แลนด์,อำเภอสามร้อยยอด,1
สวิตเซอร์แลนด์,อำเภอเมืองยโสธร,1
สวิตเซอร์แลนด์,อำเภอวังเหนือ,1
สวิตเซอร์แลนด์,อำเภอปรางค์กู่,1
สวิตเซอร์แลนด์,อำเภอคลองขลุง,1
สวิตเซอร์แลนด์,อำเภอบ้านลาด,1
สวิตเซอร์แลนด์,อำเภอดงเจริญ,1
สวิตเซอร์แลนด์,เขตลาดพร้าว,1
สวิตเซอร์แลนด์,อำเภอเมืองสตูล,1
สวิตเซอร์แลนด์,อำเภอเกาะคา,1
สวิตเซอร์แลนด์,อำเภอเทพารักษ์,1
สวิตเซอร์แลนด์,อำเภอภูเขียว,1
สวิตเซอร์แลนด์,อำเภอบ้านม่วง,1
สวิตเซอร์แลนด์,อำเภอเสลภูมิ,1
สวิตเซอร์แลนด์,อำเภอแคนดง,1
สวิตเซอร์แลนด์,อำเภอสบปราบ,1
สวิตเซอร์แลนด์,อำเภอวังสมบูรณ์,1
สวิตเซอร์แลนด์,อำเภอหนองเรือ,1
สวิตเซอร์แลนด์,อำเภอสามง่าม,1
สวิตเซอร์แลนด์,อำเภอแกดำ,1
สวิตเซอร์แลนด์,เขตป้อมปราบศัตรูพ่าย,1
สวิตเซอร์แลนด์,อำเภอแวงน้อย,1
สวิตเซอร์แลนด์,อำเภอบ้านหมอ,1
สวิตเซอร์แลนด์,เขตบางนา,1
สวิตเซอร์แลนด์,อำเภอชนแดน,1
สวิตเซอร์แลนด์,อำเภอแม่ริม,1
สวิตเซอร์แลนด์,อำเภอบางเลน,1
สวิตเซอร์แลนด์,อำเภอนาหมื่น,1
สวิตเซอร์แลนด์,อำเภอปทุมราชวงศา,1
สวิตเซอร์แลนด์,อำเภอเมืองบุรีรัมย์,1
สวิตเซอร์แลนด์,อำเภอเจาะไอร้อง,1
สวิตเซอร์แลนด์,อำเภอเมืองลพบุรี,1
สวิตเซอร์แลนด์,อำเภอสว่างแดนดิน,1
สวิตเซอร์แลนด์,อำเภอศรีประจันต์,1
สวิตเซอร์แลนด์,อำเภอคง,1
สวิตเซอร์แลนด์,อำเภอพรหมพิราม,1
สวิตเซอร์แลนด์,อำเภอแก่งกระจาน,1
สวิตเซอร์แลนด์,อำเภอแม่วาง,1
สวิตเซอร์แลนด์,อำเภอเมืองตรัง,1
สวิตเซอร์แลนด์,อำเภอยี่งอ,1
สวิตเซอร์แลนด์,อำเภอหัวหิน,1
สวิตเซอร์แลนด์,อำเภอท่าปลา,1
สวิตเซอร์แลนด์,อำเภอบ้านฝาง,1
สวิตเซอร์แลนด์,อำเภอหนองจิก,1
สวิตเซอร์แลนด์,เขตประเวศ,1
สวิตเซอร์แลนด์,อำเภอสวนผึ้ง,1
สวิตเซอร์แลนด์,อำเภอชานุมาน,1
สวิตเซอร์แลนด์,อำเภอท่าบ่อ,1
สวิตเซอร์แลนด์,อำเภอสูงเม่น,1
สวิตเซอร์แลนด์,อำเภอสิงหนคร,1
สวิตเซอร์แลนด์,อำเภอธัญบุรี,1
สวิตเซอร์แลนด์,อำเภอท่าชนะ,1
สวิตเซอร์แลนด์,อำเภอวัดสิงห์,1
สวิตเซอร์แลนด์,อำเภอแม่สอด,1
สวิตเซอร์แลนด์,อำเภอเมืองพังงา,1
สวิตเซอร์แลนด์,อำเภอสันกำแพง,1
สวิตเซอร์แลนด์,อำเภอมหาชนะชัย,1
สวิตเซอร์แลนด์,อำเภอเชียงขวัญ,1
สวิตเซอร์แลนด์,อำเภอนาเยีย,1
สวิตเซอร์แลนด์,อำเภอบรบือ,1
สวิตเซอร์แลนด์,อำเภอบางกระทุ่ม,1
สวิตเซอร์แลนด์,อำเภอจัตุรัส,1
สวิตเซอร์แลนด์,อำเภอบ้านแหลม,1
สวิตเซอร์แลนด์,อำเภอวานรนิวาส,1
สวิตเซอร์แลนด์,อำเภอศรีบุญเรือง,1
สวิตเซอร์แลนด์,อำเภอเกษตรวิสัย,1
สวิตเซอร์แลนด์,อำเภอเมืองสิงห์บุรี,1
สวิตเซอร์แลนด์,อำเภอบันนังสตา,1
สวิตเซอร์แลนด์,อำเภอไม้แก่น,1
สวิตเซอร์แลนด์,อำเภอคุระบุรี,1
สวิตเซอร์แลนด์,อำเภอรือเสาะ,1
สวิตเซอร์แลนด์,อำเภอภูเวียง,1
สวิตเซอร์แลนด์,อำเภอยะรัง,1
สวิตเซอร์แลนด์,อำเภอเมืองยะลา,1
สวิตเซอร์แลนด์,อำเภอหนองวัวซอ,1
สวิตเซอร์แลนด์,อำเภอบ้านเหลื่อม,1
สวิตเซอร์แลนด์,อำเภอสว่างอารมณ์,1
สวิตเซอร์แลนด์,เขตคันนายาว,1
สวิตเซอร์แลนด์,อำเภอทัพทัน,1
สวิตเซอร์แลนด์,อำเภอบ้านฉาง,1
สวิตเซอร์แลนด์,อำเภอดอยสะเก็ด,1
สวิตเซอร์แลนด์,อำเภอพุนพิน,1
สวิตเซอร์แลนด์,อำเภอขามทะเลสอ,1
สวิตเซอร์แลนด์,อำเภอกุฉินารายณ์,1
สวิตเซอร์แลนด์,อำเภอเมืองลำพูน,1
สวิตเซอร์แลนด์,อำเภอเขื่องใน,1
สวิตเซอร์แลนด์,อำเภอหนองหญ้าไซ,1
สวิตเซอร์แลนด์,อำเภอบัวเชด,1
สวิตเซอร์แลนด์,อำเภอนาโพธิ์,1
สวิตเซอร์แลนด์,อำเภอกระนวน,1
สวิตเซอร์แลนด์,อำเภอกุดจับ,1
สวิตเซอร์แลนด์,อำเภอเมืองอุบลราชธานี,1
สวิตเซอร์แลนด์,อำเภอเจริญศิลป์,1
สวิตเซอร์แลนด์,อำเภอบางปะอิน,1
สวิตเซอร์แลนด์,เขตวัฒนา,1
สวิตเซอร์แลนด์,อำเภอศรีมหาโพธิ,1
สวิตเซอร์แลนด์,อำเภอศรีเชียงใหม่,1
สวิตเซอร์แลนด์,อำเภอพนมสารคาม,1
สวิตเซอร์แลนด์,อำเภอเมืองนครนายก,1
สวิตเซอร์แลนด์,อำเภอวิเศษชัยชาญ,1
สวิตเซอร์แลนด์,อำเภอศรีสัชนาลัย,1
สวิตเซอร์แลนด์,อำเภอโคกเจริญ,1
สวิตเซอร์แลนด์,อำเภอลี้,1
สวิตเซอร์แลนด์,อำเภอบ้านแฮด,1
สวิตเซอร์แลนด์,อำเภอห้วยเม็ก,1
สวิตเซอร์แลนด์,อำเภอวาริชภูมิ,1
สวิตเซอร์แลนด์,อำเภอศีขรภูมิ,1
สวิตเซอร์แลนด์,อำเภอวังน้อย,1
สวิตเซอร์แลนด์,อำเภอเมืองเพชรบุรี,1
สวิตเซอร์แลนด์,อำเภอเขาค้อ,1
สวิตเซอร์แลนด์,อำเภออุทัย,1
สวิตเซอร์แลนด์,อำเภอบ้านด่านลานหอย,1
สวิตเซอร์แลนด์,อำเภอประจักษ์ศิลปาคม,1
มาเก๊า,อำเภอหนองหาน,7
มาเก๊า,อำเภอศรีราชา,5
มาเก๊า,อำเภอเมืองนครราชสีมา,5
มาเก๊า,อำเภอเมืองสุรินทร์,5
มาเก๊า,อำเภอเมืองขอนแก่น,5
มาเก๊า,อำเภอเมืองสมุทรปราการ,5
มาเก๊า,อำเภอบางบัวทอง,5
มาเก๊า,อำเภอเมืองอุดรธานี,4
มาเก๊า,อำเภอนางรอง,4
มาเก๊า,อำเภอประทาย,4
มาเก๊า,อำเภอโพทะเล,24
มาเก๊า,อำเภอเถิน,23
มาเก๊า,อำเภอทุ่งเสลี่ยม,9
มาเก๊า,อำเภอศรีราชา,9
มาเก๊า,อำเภอนิคมพัฒนา,7
มาเก๊า,อำเภอเมืองระยอง,7
มาเก๊า,อำเภอเมืองสมุทรปราการ,6
มาเก๊า,อำเภอบางละมุง,6
มาเก๊า,อำเภอเพ็ญ,6
มาเก๊า,อำเภอนากลาง,6
มาเก๊า,อำเภอเมืองกำแพงเพชร,5
มาเก๊า,อำเภอบางมูลนาก,5
มาเก๊า,อำเภอเดชอุดม,5
มาเก๊า,อำเภอสวรรคโลก,4
มาเก๊า,อำเภอวานรนิวาส,4
มาเก๊า,อำเภอสว่างแดนดิน,4
มาเก๊า,อำเภอสามเงา,4
มาเก๊า,อำเภอเมืองขอนแก่น,4
มาเก๊า,อำเภอบ้านฉาง,4
มาเก๊า,อำเภอสัตหีบ,4
มาเก๊า,อำเภอพยุหะคีรี,3
มาเก๊า,อำเภอโซ่พิสัย,3
มาเก๊า,อำเภอบ้านดุง,3
มาเก๊า,อำเภอเลิงนกทา,3
มาเก๊า,อำเภอเมืองตาก,3
มาเก๊า,อำเภอดงเจริญ,3
มาเก๊า,อำเภอเมืองพิษณุโลก,3
มาเก๊า,อำเภอพิมาย,2
มาเก๊า,อำเภอลานกระบือ,2
มาเก๊า,อำเภอศรีสำโรง,2
มาเก๊า,อำเภอเมืองเลย,2
มาเก๊า,เขตบึงกุ่ม,2
มาเก๊า,อำเภอบางบ่อ,2
มาเก๊า,อำเภอเฉลิมพระเกียรติ,2
มาเก๊า,อำเภออุบลรัตน์,2
มาเก๊า,อำเภอนาเชือก,2
มาเก๊า,อำเภออาจสามารถ,2
มาเก๊า,อำเภอนาด้วง,2
มาเก๊า,อำเภอน้ำโสม,2
มาเก๊า,อำเภอเมืองลำปาง,2
มาเก๊า,อำเภอวังทอง,2
มาเก๊า,อำเภอทรายทองวัฒนา,2
มาเก๊า,อำเภอเมืองสุโขทัย,2
มาเก๊า,อำเภอเมืองชัยภูมิ,2
มาเก๊า,อำเภอเขาสวนกวาง,2
มาเก๊า,อำเภอพิชัย,2
มาเก๊า,อำเภอชุมพลบุรี,2
มาเก๊า,อำเภอพังโคน,2
มาเก๊า,อำเภอปทุมราชวงศา,2
มาเก๊า,อำเภอเมืองเชียงราย,2
มาเก๊า,อำเภอท่าม่วง,2
มาเก๊า,อำเภอเมืองสกลนคร,2
มาเก๊า,อำเภอเมืองเชียงใหม่,2
มาเก๊า,อำเภอเมืองนครราชสีมา,2
มาเก๊า,อำเภอบุณฑริก,2
มาเก๊า,อำเภอกระสัง,2
มาเก๊า,อำเภอพุทไธสง,2
มาเก๊า,อำเภอหล่มสัก,2
มาเก๊า,อำเภอเขื่องใน,2
มาเก๊า,อำเภอสีชมพู,2
มาเก๊า,เขตวังทองหลาง,2
มาเก๊า,อำเภอเฝ้าไร่,2
มาเก๊า,อำเภอละหานทราย,2
มาเก๊า,อำเภอแม่พริก,2
มาเก๊า,อำเภอนางรอง,1
มาเก๊า,อำเภอหนองวัวซอ,1
มาเก๊า,อำเภอชุมพวง,1
มาเก๊า,อำเภอหัวหิน,1
มาเก๊า,อำเภอแวงน้อย,1
มาเก๊า,อำเภอบ่อไร่,1
มาเก๊า,เขตราษฎร์บูรณะ,1
มาเก๊า,อำเภอเสริมงาม,1
มาเก๊า,อำเภอกระนวน,1
มาเก๊า,อำเภอชุมตาบง,1
มาเก๊า,อำเภอบ้านฝาง,1
มาเก๊า,อำเภอเมืองหนองบัวลำภู,1
มาเก๊า,อำเภอลำลูกกา,1
มาเก๊า,อำเภอกบินทร์บุรี,1
มาเก๊า,อำเภอวังทรายพูน,1
มาเก๊า,อำเภอเมืองนครพนม,1
มาเก๊า,อำเภอฆ้องชัย,1
มาเก๊า,อำเภอท่าอุเทน,1
มาเก๊า,อำเภอปากพะยูน,1
มาเก๊า,อำเภอห้วยแถลง,1
มาเก๊า,อำเภอหนองกี่,1
มาเก๊า,อำเภอไพศาลี,1
มาเก๊า,อำเภอปทุมรัตต์,1
มาเก๊า,อำเภอแม่จัน,1
มาเก๊า,อำเภอโคกสำโรง,1
มาเก๊า,อำเภอวังชิ้น,1
มาเก๊า,อำเภอโนนนารายณ์,1
มาเก๊า,อำเภอปลวกแดง,1
มาเก๊า,อำเภอน้ำเกลี้ยง,1
มาเก๊า,อำเภอธัญบุรี,1
มาเก๊า,อำเภอเสลภูมิ,1
มาเก๊า,อำเภอเมืองสระแก้ว,1
มาเก๊า,อำเภอพิบูลย์รักษ์,1
มาเก๊า,อำเภอศรีสัชนาลัย,1
มาเก๊า,อำเภอเกาะคา,1
มาเก๊า,อำเภอแม่ทะ,1
มาเก๊า,อำเภอปากคาด,1
มาเก๊า,อำเภอบ้านตาก,1
มาเก๊า,อำเภอคง,1
มาเก๊า,อำเภอกู่แก้ว,1
มาเก๊า,อำเภอบางระกำ,1
มาเก๊า,อำเภอคำเขื่อนแก้ว,1
มาเก๊า,อำเภอท่าบ่อ,1
มาเก๊า,อำเภอจักราช,1
มาเก๊า,อำเภอหนองสองห้อง,1
มาเก๊า,อำเภอปะคำ,1
มาเก๊า,อำเภอแคนดง,1
มาเก๊า,อำเภอสระใคร,1
มาเก๊า,เขตบางซื่อ,1
มาเก๊า,อำเภอเมืองพิจิตร,1
มาเก๊า,อำเภอน้ำพอง,1
มาเก๊า,เขตหนองจอก,1
มาเก๊า,เขตบางนา,1
มาเก๊า,อำเภอทุ่งฝน,1
มาเก๊า,อำเภอแม่สอด,1
มาเก๊า,อำเภอเทพสถิต,1
มาเก๊า,อำเภอวชิรบารมี,1
มาเก๊า,อำเภอแวงใหญ่,1
มาเก๊า,อำเภอหนองหงส์,1
มาเก๊า,อำเภอพล,1
มาเก๊า,อำเภอวังม่วง,1
มาเก๊า,อำเภอหนองเรือ,1
มาเก๊า,อำเภอศรีธาตุ,1
มาเก๊า,อำเภอวัฒนานคร,1
มาเก๊า,อำเภอศรีเมืองใหม่,1
มาเก๊า,อำเภอยางตลาด,1
มาเก๊า,อำเภองาว,1
มาเก๊า,อำเภอภูสิงห์,1
มาเก๊า,อำเภอกุดชุม,1
มาเก๊า,อำเภอทุ่งสง,1
มาเก๊า,อำเภอเมืองอุทัยธานี,1
มาเก๊า,อำเภอสิรินธร,1
มาเก๊า,อำเภอเจริญศิลป์,1
มาเก๊า,อำเภอโนนคูณ,1
มาเก๊า,อำเภอคลองหลวง,1
มาเก๊า,อำเภอโพนพิสัย,1
มาเก๊า,อำเภอเมืองนครศรีธรรมราช,1
มาเก๊า,อำเภอสุวรรณคูหา,1
มาเก๊า,อำเภอโนนไทย,1
มาเก๊า,อำเภอปรางค์กู่,1
มาเก๊า,อำเภอพระประแดง,1
มาเก๊า,อำเภอคีรีมาศ,1
มาเก๊า,อำเภอโกสุมพิสัย,1
มาเก๊า,อำเภอวังเจ้า,1
มาเก๊า,อำเภอปากช่อง,1
มาเก๊า,อำเภอดอยสะเก็ด,1
มาเก๊า,อำเภอร้องกวาง,1
มาเก๊า,อำเภอเกษตรสมบูรณ์,1
มาเก๊า,อำเภอเมืองเพชรบูรณ์,1
มาเก๊า,อำเภอบ้านผือ,1
มาเก๊า,อำเภอเมืองหนองคาย,1
มาเก๊า,อำเภอศรีสมเด็จ,1
มาเก๊า,อำเภอฮอด,1
มาเก๊า,อำเภอเกษตรวิสัย,1
มาเก๊า,อำเภอศรีสงคราม,1
มาเก๊า,อำเภอสามชัย,1
มาเก๊า,อำเภอบางปะกง,1
มาเก๊า,อำเภอบึงโขงหลง,1
มาเก๊า,อำเภอสรรพยา,1
มาเก๊า,อำเภอเมืองอุตรดิตถ์,1
มาเก๊า,อำเภอท่าปลา,1
มาเก๊า,อำเภอแม่วงก์,1
มาเก๊า,อำเภอครบุรี,1
มาเก๊า,อำเภอเชียงดาว,1
มาเก๊า,อำเภอทองผาภูมิ,1
มาเก๊า,อำเภอกุดข้าวปุ้น,1
มาเก๊า,อำเภอสามง่าม,1
มาเก๊า,อำเภอคูเมือง,1
มาเก๊า,อำเภอเมืองสมุทรสาคร,1
มาเก๊า,อำเภอบัวลาย,1
มาเก๊า,อำเภอบรบือ,1
มาเก๊า,อำเภอเวียงสา,1
มาเก๊า,อำเภอวังสะพุง,1
มาเก๊า,อำเภอสทิงพระ,1
มาเก๊า,อำเภอไชยวาน,1
มาเก๊า,อำเภอเมืองสุรินทร์,1
มาเก๊า,อำเภอบางเลน,1
มาเก๊า,อำเภอปากเกร็ด,1
มาเก๊า,อำเภออุทุมพรพิสัย,1
มาเก๊า,อำเภอลอง,1
มาเก๊า,อำเภอบางกระทุ่ม,1
มาเก๊า,อำเภอศรีเชียงใหม่,1
มาเก๊า,อำเภอยางสีสุราช,1
มาเก๊า,อำเภอแก้งคร้อ,1
มาเก๊า,อำเภอเมืองศรีสะเกษ,1
มาเก๊า,อำเภอแม่ทา,1
มาเก๊า,อำเภอเมืองอุบลราชธานี,1
มาเก๊า,อำเภอเมืองอุดรธานี,1
มาเก๊า,อำเภอโนนสัง,1
มาเก๊า,อำเภอน้ำยืน,1
มาเก๊า,อำเภอโนนสูง,1
มาเก๊า,อำเภอวาปีปทุม,1
มาเก๊า,อำเภอชาติตระการ,1
มาเก๊า,อำเภอภูผาม่าน,1
มาเก๊า,อำเภอป่าซาง,1
มาเก๊า,อำเภอศรีบุญเรือง,1
มาเก๊า,อำเภอนาวัง,1
มาเก๊า,อำเภอนาเยีย,1
มาเก๊า,อำเภอเมืองนครปฐม,1
มาเก๊า,อำเภอพระยืน,1
มาเก๊า,อำเภอบ้านโป่ง,1
มาเก๊า,อำเภอบ้านเขว้า,1
มาเก๊า,อำเภอเมืองนครสวรรค์,1
มาเก๊า,อำเภอขาณุวรลักษบุรี,1
มาเก๊า,อำเภอตาพระยา,1
มาเก๊า,อำเภอเมืองกาญจนบุรี,1
มาเก๊า,เขตบางเขน,1
กรีซ,อำเภอสันทราย,7
กรีซ,อำเภอเมืองเชียงใหม่,7
กรีซ,อำเภอสารภี,6
กรีซ,เขตคลองสามวา,6
กรีซ,อำเภอแม่ฟ้าหลวง,5
กรีซ,อำเภอเมืองภูเก็ต,5
กรีซ,อำเภอเมืองเชียงราย,5
กรีซ,อำเภอเมืองขอนแก่น,5
กรีซ,อำเภอเมืองสมุทรปราการ,5
กรีซ,อำเภอฝาง,4
กรีซ,อำเภอบ้านผือ,4
กรีซ,อำเภอธาตุพนม,4
กรีซ,อำเภอธัญบุรี,4
กรีซ,อำเภอเมืองลำปาง,4
กรีซ,เขตพระโขนง,3
กรีซ,อำเภอเมืองแพร่,3
กรีซ,เขตมีนบุรี,3
กรีซ,อำเภอปลาปาก,3
กรีซ,อำเภอบางกรวย,3
กรีซ,อำเภอแม่สาย,3
กรีซ,อำเภอเมืองอุบลราชธานี,3
กรีซ,อำเภอเมืองนครพนม,3
กรีซ,อำเภอกะทู้,3
กรีซ,อำเภอหาดใหญ่,3
กรีซ,อำเภอเมืองสมุทรสาคร,3
กรีซ,อำเภอสิรินธร,3
กรีซ,อำเภอเมืองนครราชสีมา,3
กรีซ,เขตลาดกระบัง,3
กรีซ,เขตประเวศ,3
กรีซ,อำเภอหางดง,3
กรีซ,อำเภอคลองหลวง,3
กรีซ,เขตภาษีเจริญ,3
กรีซ,เขตคลองเตย,3
กรีซ,อำเภอเมืองอุดรธานี,3
กรีซ,อำเภอจตุรพักตรพิมาน,2
กรีซ,เขตบางแค,2
กรีซ,เขตลาดพร้าว,2
กรีซ,อำเภอลำลูกกา,2
กรีซ,อำเภอภูเขียว,2
กรีซ,อำเภอป่าแดด,2
กรีซ,อำเภอรัตนวาปี,2
กรีซ,อำเภอตาคลี,2
กรีซ,เขตบางพลัด,2
กรีซ,อำเภอแม่จัน,2
กรีซ,เขตหนองแขม,2
กรีซ,อำเภอเมืองมุกดาหาร,2
กรีซ,อำเภอเพ็ญ,2
กรีซ,อำเภอเสนา,2
กรีซ,อำเภอสีคิ้ว,2
กรีซ,อำเภอหล่มสัก,2
กรีซ,อำเภอบ้านแพง,2
กรีซ,อำเภอบางเสาธง,2
กรีซ,อำเภอนาวัง,2
กรีซ,อำเภอตระการพืชผล,2
กรีซ,อำเภอวานรนิวาส,2
กรีซ,อำเภอไชยปราการ,2
กรีซ,อำเภอสามพราน,2
กรีซ,อำเภอพิชัย,2
กรีซ,อำเภอรัตนบุรี,2
กรีซ,อำเภอแม่สรวย,2
กรีซ,เขตบางคอแหลม,2
กรีซ,อำเภออู่ทอง,2
กรีซ,อำเภอพิมาย,2
กรีซ,อำเภอบางบัวทอง,2
กรีซ,อำเภอท่าชนะ,2
กรีซ,อำเภอหัวตะพาน,2
กรีซ,อำเภอนาจะหลวย,2
กรีซ,อำเภอดอยสะเก็ด,2
กรีซ,เขตสายไหม,2
กรีซ,อำเภอเมืองน่าน,2
กรีซ,อำเภอบรบือ,2
กรีซ,อำเภอเมืองสกลนคร,2
กรีซ,อำเภอเมืองนนทบุรี,2
กรีซ,อำเภอน้ำโสม,2
กรีซ,อำเภอป่าซาง,2
กรีซ,อำเภอปากเกร็ด,2
กรีซ,อำเภอเวียงชัย,1
กรีซ,อำเภอหนองพอก,1
กรีซ,เขตคลองสาน,1
กรีซ,อำเภอเชียงม่วน,1
กรีซ,อำเภอโพธาราม,1
กรีซ,อำเภอวังเจ้า,1
กรีซ,อำเภอไชยวาน,1
กรีซ,อำเภอกุดจับ,1
กรีซ,อำเภอนากลาง,1
กรีซ,อำเภอขุนหาญ,1
กรีซ,เขตบางเขน,1
กรีซ,อำเภอเมืองพัทลุง,1
กรีซ,อำเภอยางตลาด,1
กรีซ,อำเภอบ้านใหม่ไชยพจน์,1
กรีซ,อำเภอผาขาว,1
กรีซ,อำเภอชื่นชม,1
กรีซ,อำเภอวังเหนือ,1
กรีซ,อำเภอพังโคน,1
กรีซ,อำเภอบางละมุง,1
กรีซ,อำเภอเมืองราชบุรี,1
กรีซ,อำเภอทรายทองวัฒนา,1
กรีซ,อำเภอศรีบุญเรือง,1
กรีซ,อำเภอภูกามยาว,1
กรีซ,อำเภอโพนพิสัย,1
กรีซ,เขตตลิ่งชัน,1
กรีซ,อำเภอบ้านแฮด,1
กรีซ,เขตหลักสี่,1
กรีซ,อำเภอท่าใหม่,1
กรีซ,อำเภอกุยบุรี,1
กรีซ,อำเภอพระประแดง,1
กรีซ,อำเภอท่าปลา,1
กรีซ,เขตป้อมปราบศัตรูพ่าย,1
กรีซ,อำเภอเมืองปทุมธานี,1
กรีซ,อำเภออุทุมพรพิสัย,1
กรีซ,อำเภอหนองหาน,1
กรีซ,อำเภอบ้านด่านลานหอย,1
กรีซ,อำเภอแม่ริม,1
กรีซ,อำเภอศรีณรงค์,1
กรีซ,เขตบึงกุ่ม,1
กรีซ,อำเภอพระสมุทรเจดีย์,1
กรีซ,อำเภอดอนตาล,1
กรีซ,อำเภอบ้านค่าย,1
กรีซ,อำเภอศรีสมเด็จ,1
กรีซ,เขตบางกะปิ,1
กรีซ,อำเภอบ้านดุง,1
กรีซ,อำเภอเสริมงาม,1
กรีซ,อำเภอวังสามหมอ,1
กรีซ,อำเภอศรีสงคราม,1
กรีซ,อำเภอปากพนัง,1
กรีซ,อำเภอเมืองพะเยา,1
กรีซ,อำเภอจัตุรัส,1
กรีซ,อำเภอกุมภวาปี,1
กรีซ,อำเภอศรีมหาโพธิ,1
กรีซ,อำเภอโนนสูง,1
กรีซ,อำเภอวังชิ้น,1
กรีซ,อำเภอเมืองกาญจนบุรี,1
กรีซ,อำเภอสัตหีบ,1
กรีซ,เขตบางนา,1
กรีซ,อำเภอเมืองจันทบุรี,1
กรีซ,เขตธนบุรี,1
กรีซ,อำเภอกบินทร์บุรี,1
กรีซ,อำเภอบางคล้า,1
กรีซ,เขตบางกอกใหญ่,1
กรีซ,อำเภอสิเกา,1
กรีซ,อำเภอเวียงสา,1
กรีซ,อำเภอปะเหลียน,1
กรีซ,อำเภอพรเจริญ,1
กรีซ,อำเภอภักดีชุมพล,1
กรีซ,อำเภอโกสุมพิสัย,1
กรีซ,อำเภออ่าวลึก,1
กรีซ,อำเภอเดชอุดม,1
กรีซ,อำเภอบางใหญ่,1
กรีซ,อำเภอแม่ลาว,1
กรีซ,อำเภอขุนตาล,1
กรีซ,อำเภอพล,1
กรีซ,อำเภอหนองหงส์,1
กรีซ,อำเภอบางปลาม้า,1
กรีซ,อำเภอสตึก,1
กรีซ,อำเภอสิชล,1
กรีซ,อำเภอบ้านนาสาร,1
กรีซ,อำเภออุบลรัตน์,1
กรีซ,เขตทุ่งครุ,1
กรีซ,อำเภอเนินมะปราง,1
กรีซ,อำเภอวังน้ำเย็น,1
กรีซ,อำเภอประโคนชัย,1
กรีซ,อำเภอพรรณานิคม,1
กรีซ,อำเภอเฉลิมพระเกียรติ,1
กรีซ,อำเภอแม่สอด,1
กรีซ,อำเภอไชโย,1
กรีซ,อำเภอขลุง,1
กรีซ,อำเภอเมืองตราด,1
กรีซ,เขตวังทองหลาง,1
กรีซ,อำเภอทับปุด,1
กรีซ,อำเภอเชียงดาว,1
กรีซ,อำเภอเวียงแหง,1
กรีซ,อำเภอเมืองนครศรีธรรมราช,1
กรีซ,อำเภอกาญจนดิษฐ์,1
กรีซ,อำเภอปง,1
กรีซ,เขตคันนายาว,1
กรีซ,อำเภอศรีราชา,1
กรีซ,เขตวัฒนา,1
กรีซ,อำเภอเมืองหนองบัวลำภู,1
กรีซ,อำเภออากาศอำนวย,1
กรีซ,อำเภอเมืองระยอง,1
กรีซ,อำเภอบ้านม่วง,1
กรีซ,อำเภอเชียรใหญ่,1
กรีซ,อำเภอวังน้อย,1
กรีซ,อำเภอเมยวดี,1
กรีซ,อำเภอปัว,1
กรีซ,อำเภอวังทรายพูน,1
กรีซ,อำเภอเมืองหนองคาย,1
กรีซ,อำเภอกระสัง,1
กรีซ,เขตดุสิต,1
กรีซ,อำเภอตะพานหิน,1
กรีซ,อำเภอเถิน,1
กรีซ,อำเภอสามร้อยยอด,1
กรีซ,อำเภอชะอำ,1
กรีซ,อำเภอแม่ทา,1
กรีซ,เขตห้วยขวาง,1
กรีซ,อำเภอดอนเจดีย์,1
กรีซ,อำเภอคำม่วง,1
กรีซ,อำเภอเมืองบุรีรัมย์,1
กรีซ,อำเภอศรีสัชนาลัย,1
กรีซ,อำเภอกุดรัง,1
กรีซ,เขตจอมทอง,1
กรีซ,อำเภอเมืองกาฬสินธุ์,1
กรีซ,อำเภอนาแก,1
กรีซ,อำเภอขนอม,1
กรีซ,อำเภอกันทรารมย์,1
กรีซ,อำเภอสามเงา,1
กรีซ,อำเภอแม่วาง,1
กรีซ,อำเภอกู่แก้ว,1
กรีซ,เขตปทุมวัน,1
กรีซ,อำเภอบ้านแพ้ว,1
กรีซ,เขตบางกอกน้อย,1
กรีซ,เขตบางซื่อ,1
กรีซ,อำเภอกันตัง,1
กรีซ,อำเภอเสลภูมิ,1
กรีซ,อำเภอเมืองนครนายก,1
กรีซ,อำเภอถลาง,1
กรีซ,อำเภอบางสะพาน,1
กรีซ,อำเภอโซ่พิสัย,1
กรีซ,อำเภอลาดหลุมแก้ว,1
กรีซ,อำเภอจุฬาภรณ์,1
กรีซ,อำเภอด่านขุนทด,1
กรีซ,อำเภอหนองเรือ,1
อินเดีย,อำเภอเมืองเชียงใหม่,7
อินเดีย,อำเภอสันทราย,7
อินเดีย,อำเภอสารภี,6
อินเดีย,เขตคลองสามวา,6
อินเดีย,อำเภอเมืองภูเก็ต,5
อินเดีย,อำเภอเมืองขอนแก่น,5
อินเดีย,อำเภอแม่ฟ้าหลวง,5
อินเดีย,อำเภอเมืองเชียงราย,5
อินเดีย,อำเภอเมืองสมุทรปราการ,5
อินเดีย,อำเภอเมืองลำปาง,4
อินเดีย,อำเภอแม่สรวย,11
อินเดีย,อำเภอเมืองอุดรธานี,8
อินเดีย,อำเภอเมืองอำนาจเจริญ,8
อินเดีย,อำเภอเจริญศิลป์,7
อินเดีย,อำเภอบ้านไผ่,7
อินเดีย,อำเภอศรีธาตุ,6
อินเดีย,อำเภอหนองหาน,6
อินเดีย,อำเภอเมืองขอนแก่น,6
อินเดีย,อำเภอทุ่งเสลี่ยม,5
อินเดีย,อำเภอแม่วงก์,5
เยอรมนี,อำเภอสตึก,8
เยอรมนี,อำเภอบ้านฝาง,4
เยอรมนี,อำเภอบางละมุง,4
เยอรมนี,เขตสายไหม,4
เยอรมนี,อำเภอบ้านหมี่,3
เยอรมนี,อำเภอเมืองนนทบุรี,3
เยอรมนี,อำเภอเมืองสมุทรปราการ,3
เยอรมนี,อำเภอโคกสำโรง,3
เยอรมนี,เขตดอนเมือง,3
เยอรมนี,เขตบึงกุ่ม,3
เยอรมนี,อำเภอเมืองลพบุรี,3
เยอรมนี,เขตบางเขน,3
เยอรมนี,อำเภอสีคิ้ว,2
เยอรมนี,เขตลาดกระบัง,2
เยอรมนี,อำเภอครบุรี,2
เยอรมนี,อำเภอท่าม่วง,2
เยอรมนี,เขตหนองแขม,2
เยอรมนี,อำเภอสามร้อยยอด,2
เยอรมนี,อำเภอบางบ่อ,2
เยอรมนี,อำเภอบางใหญ่,2
เยอรมนี,อำเภอสิรินธร,2
เยอรมนี,เขตบางขุนเทียน,2
เยอรมนี,เขตสัมพันธวงศ์,2
เยอรมนี,อำเภอเมืองอุดรธานี,2
เยอรมนี,อำเภอบัวเชด,2
เยอรมนี,อำเภอเมืองนครศรีธรรมราช,2
เยอรมนี,เขตวังทองหลาง,2
เยอรมนี,เขตพระโขนง,2
เยอรมนี,อำเภอเมืองสมุทรสงคราม,2
เยอรมนี,อำเภอเมืองพะเยา,2
เยอรมนี,อำเภอปราสาท,2
เยอรมนี,อำเภอเมืองนครราชสีมา,2
เยอรมนี,อำเภอนาเชือก,2
เยอรมนี,อำเภอเทิง,2
เยอรมนี,เขตดินแดง,2
เยอรมนี,อำเภอสามเงา,2
เยอรมนี,อำเภอบ้านไร่,2
เยอรมนี,เขตบางนา,2
เยอรมนี,อำเภอทับสะแก,2
เยอรมนี,อำเภอเมืองนครพนม,2
เยอรมนี,อำเภอกันทรลักษ์,2
เยอรมนี,อำเภอบรบือ,2
เยอรมนี,อำเภออาจสามารถ,2
เยอรมนี,อำเภอโนนแดง,2
เยอรมนี,อำเภอเชียงคำ,2
เยอรมนี,อำเภอชุมพวง,2
เยอรมนี,อำเภอน้ำพอง,2
เยอรมนี,อำเภอเมืองบุรีรัมย์,1
เยอรมนี,อำเภอแวงใหญ่,1
เยอรมนี,อำเภอเขวาสินรินทร์,1
เยอรมนี,อำเภอนากลาง,1
เยอรมนี,อำเภอบางปะหัน,1
เยอรมนี,อำเภอสัตหีบ,1
เยอรมนี,อำเภอศรีเชียงใหม่,1
เยอรมนี,อำเภอน้ำปาด,1
เยอรมนี,อำเภอสันป่าตอง,1
เยอรมนี,อำเภอปลาปาก,1
เยอรมนี,เขตคลองสามวา,1
เยอรมนี,อำเภอโคกศรีสุพรรณ,1
เยอรมนี,อำเภอพิมาย,1
เยอรมนี,อำเภอปะคำ,1
เยอรมนี,อำเภอดำเนินสะดวก,1
เยอรมนี,อำเภอเมืองนครนายก,1
เยอรมนี,อำเภอควนขนุน,1
เยอรมนี,อำเภอหนองหงส์,1
เยอรมนี,อำเภอกาญจนดิษฐ์,1
เยอรมนี,อำเภอบ้านหมอ,1
เยอรมนี,อำเภอสว่างแดนดิน,1
เยอรมนี,อำเภอเมืองจันทบุรี,1
เยอรมนี,อำเภอรัตนบุรี,1
เยอรมนี,อำเภอภาชี,1
เยอรมนี,อำเภอแก่งกระจาน,1
เยอรมนี,อำเภอคง,1
เยอรมนี,อำเภอเขาสมิง,1
เยอรมนี,อำเภอเมืองสงขลา,1
เยอรมนี,อำเภอประทาย,1
เยอรมนี,อำเภอจังหาร,1
เยอรมนี,เขตห้วยขวาง,1
เยอรมนี,อำเภอเมืองปทุมธานี,1
เยอรมนี,เขตมีนบุรี,1
เยอรมนี,อำเภอสีดา,1
เยอรมนี,อำเภอเชียงของ,1
เยอรมนี,อำเภอศรีบุญเรือง,1
เยอรมนี,เขตราชเทวี,1
เยอรมนี,เขตจตุจักร,1
เยอรมนี,อำเภอไชโย,1
เยอรมนี,อำเภอกระสัง,1
เยอรมนี,อำเภอสร้างคอม,1
เยอรมนี,เขตสวนหลวง,1
เยอรมนี,อำเภอขามสะแกแสง,1
เยอรมนี,อำเภอเมืองขอนแก่น,1
เยอรมนี,อำเภอหัวหิน,1
เยอรมนี,อำเภอสังคม,1
เยอรมนี,อำเภอวานรนิวาส,1
เยอรมนี,อำเภอเมืองร้อยเอ็ด,1
เยอรมนี,อำเภอเกษตรสมบูรณ์,1
เยอรมนี,อำเภอบ้านดุง,1
เยอรมนี,อำเภอเมืองเชียงใหม่,1
เยอรมนี,อำเภอราษีไศล,1
เยอรมนี,อำเภอเดชอุดม,1
เยอรมนี,อำเภอปราณบุรี,1
เยอรมนี,อำเภอแม่จริม,1
เยอรมนี,อำเภอพล,1
เยอรมนี,เขตบางคอแหลม,1
เยอรมนี,อำเภอพุนพิน,1
เยอรมนี,อำเภอกระทุ่มแบน,1
เยอรมนี,อำเภอบางพลี,1
เยอรมนี,อำเภอเมืองอำนาจเจริญ,1
เยอรมนี,อำเภอหลังสวน,1
เยอรมนี,อำเภอศรีสัชนาลัย,1
เยอรมนี,อำเภอเมืองลำปาง,1
เยอรมนี,อำเภอเมืองชัยภูมิ,1
เยอรมนี,อำเภอสามพราน,1
เยอรมนี,อำเภอสองพี่น้อง,1
เยอรมนี,อำเภอเมืองยะลา,1
เยอรมนี,อำเภอเมืองตาก,1
เยอรมนี,อำเภอเมืองกระบี่,1
เยอรมนี,อำเภอเมืองศรีสะเกษ,1
เยอรมนี,อำเภอท่าชนะ,1
เยอรมนี,เขตคันนายาว,1
เยอรมนี,อำเภอตะพานหิน,1
เยอรมนี,อำเภอเมืองนครสวรรค์,1
เยอรมนี,อำเภอนาหว้า,1
เยอรมนี,อำเภอหนองม่วงไข่,1
เยอรมนี,อำเภอศรีสำโรง,1
เยอรมนี,อำเภอบางกรวย,1
เยอรมนี,อำเภอลำปลายมาศ,1
เยอรมนี,อำเภอคลองหลวง,1
เยอรมนี,อำเภอเมืองระนอง,1
เยอรมนี,อำเภอเมืองหนองบัวลำภู,1
เยอรมนี,อำเภอพิบูลมังสาหาร,1
เยอรมนี,อำเภอปะเหลียน,1
เยอรมนี,อำเภอลาดยาว,1
เยอรมนี,อำเภอสารภี,1
เยอรมนี,อำเภอคลองลาน,1
เยอรมนี,อำเภอชุมพลบุรี,1
เยอรมนี,อำเภอทุ่งฝน,1
เยอรมนี,อำเภอบางบัวทอง,1
เยอรมนี,อำเภอพยุหะคีรี,1
เยอรมนี,อำเภอหนองสองห้อง,1
เยอรมนี,อำเภอขาณุวรลักษบุรี,1
เยอรมนี,อำเภอโพธาราม,1
เยอรมนี,อำเภอเมืองจันทร์,1
เยอรมนี,อำเภอภูเวียง,1
เยอรมนี,อำเภอเมืองชัยนาท,1
เยอรมนี,อำเภอลี้,1
เยอรมนี,อำเภอเมืองสุราษฎร์ธานี,1
เยอรมนี,อำเภอจตุรพักตรพิมาน,1
เยอรมนี,อำเภอทองผาภูมิ,1
เยอรมนี,อำเภอโขงเจียม,1
เยอรมนี,อำเภอวังหิน,1
เยอรมนี,อำเภอบ้านค่าย,1
เยอรมนี,อำเภอบ้านบึง,1
เยอรมนี,อำเภอเมืองเพชรบูรณ์,1
เยอรมนี,อำเภอด่านซ้าย,1
เยอรมนี,อำเภอโนนสูง,1
เยอรมนี,อำเภอโกสุมพิสัย,1
เยอรมนี,อำเภอบ้านใหม่ไชยพจน์,1
เยอรมนี,อำเภอพาน,1
เยอรมนี,เขตบางบอน,1
เยอรมนี,อำเภอบางซ้าย,1
เยอรมนี,อำเภอป่าติ้ว,1
เยอรมนี,อำเภอลำลูกกา,1
เยอรมนี,อำเภอแกลง,1
เยอรมนี,อำเภอด่านขุนทด,1
เยอรมนี,อำเภอเกาะสมุย,1
เยอรมนี,เขตตลิ่งชัน,1
เยอรมนี,อำเภอศรีราชา,7
เยอรมนี,อำเภอเมืองนครราชสีมา,7
เยอรมนี,อำเภอเมืองสมุทรปราการ,6
เยอรมนี,อำเภอบ้านดุง,5
เยอรมนี,อำเภอลานกระบือ,4
เยอรมนี,อำเภอขาณุวรลักษบุรี,4
เยอรมนี,อำเภอบางพลี,4
เยอรมนี,เขตวัฒนา,3
เยอรมนี,เขตบางกะปิ,3
เยอรมนี,อำเภอบางบัวทอง,3
เยอรมนี,อำเภอเพ็ญ,3
เยอรมนี,เขตคลองสามวา,3
เยอรมนี,อำเภอโพทะเล,3
เยอรมนี,อำเภอเมืองสมุทรสาคร,3
เยอรมนี,อำเภอเมืองสุราษฎร์ธานี,3
เยอรมนี,อำเภอระโนด,3
เยอรมนี,อำเภอหาดใหญ่,3
เยอรมนี,อำเภอเมืองสกลนคร,3
เยอรมนี,อำเภอเมืองขอนแก่น,3
เยอรมนี,เขตมีนบุรี,3
เยอรมนี,อำเภอไชยวาน,3
เยอรมนี,เขตทุ่งครุ,3
เยอรมนี,อำเภอสีคิ้ว,3
เยอรมนี,อำเภอวังยาง,2
เยอรมนี,อำเภอเมืองระยอง,2
เยอรมนี,อำเภอเมืองพิจิตร,2
เยอรมนี,อำเภอบางปะอิน,2
เยอรมนี,อำเภอนาแก,2
เยอรมนี,อำเภอศรีสมเด็จ,2
เยอรมนี,อำเภอเมืองปราจีนบุรี,2
เยอรมนี,อำเภอเมืองหนองคาย,2
เยอรมนี,อำเภอเมืองเพชรบูรณ์,2
เยอรมนี,เขตบางซื่อ,2
เยอรมนี,อำเภอเมืองเพชรบุรี,2
เยอรมนี,อำเภอลำลูกกา,2
เยอรมนี,อำเภอธวัชบุรี,2
เยอรมนี,อำเภอเมืองกาญจนบุรี,2
เยอรมนี,อำเภอโนนสูง,2
เยอรมนี,อำเภอจังหาร,2
เยอรมนี,อำเภอพัฒนานิคม,2
เยอรมนี,อำเภอบางระกำ,2
เยอรมนี,เขตบางเขน,2
เยอรมนี,อำเภอวารินชำราบ,2
เยอรมนี,อำเภอดอยสะเก็ด,2
เยอรมนี,เขตดุสิต,2
เยอรมนี,อำเภอบ้านแพ้ว,2
เยอรมนี,อำเภอวังทอง,2
เยอรมนี,อำเภอธาตุพนม,2
เยอรมนี,อำเภอตะพานหิน,2
เยอรมนี,อำเภอรัตภูมิ,2
เยอรมนี,อำเภอคง,2
เยอรมนี,เขตธนบุรี,2
เยอรมนี,อำเภอเคียนซา,2
เยอรมนี,เขตสายไหม,2
เยอรมนี,เขตบึงกุ่ม,2
เยอรมนี,อำเภอเมืองนครปฐม,2
เยอรมนี,เขตบางแค,2
เยอรมนี,อำเภอสามง่าม,2
เยอรมนี,อำเภอพระสมุทรเจดีย์,1
เยอรมนี,อำเภอเสนา,1
เยอรมนี,อำเภอเสาไห้,1
เยอรมนี,เขตลาดพร้าว,1
เยอรมนี,อำเภอวังชิ้น,1
เยอรมนี,อำเภอศรีนครินทร์,1
เยอรมนี,อำเภอปากช่อง,1
เยอรมนี,อำเภอบ้านโป่ง,1
เยอรมนี,อำเภอแก้งสนามนาง,1
เยอรมนี,อำเภอเชียงคำ,1
เยอรมนี,อำเภอเมืองสระแก้ว,1
เยอรมนี,อำเภอเมืองพัทลุง,1
เยอรมนี,เขตคลองสาน,1
เยอรมนี,อำเภออุทุมพรพิสัย,1
เยอรมนี,อำเภอบ้านฉาง,1
เยอรมนี,อำเภอควนเนียง,1
เยอรมนี,อำเภอสหัสขันธ์,1
เยอรมนี,อำเภอเขื่องใน,1
เยอรมนี,อำเภอเมืองกาฬสินธุ์,1
เยอรมนี,อำเภอพนมสารคาม,1
เยอรมนี,อำเภอวิเชียรบุรี,1
เยอรมนี,อำเภอลอง,1
เยอรมนี,อำเภอนิคมคำสร้อย,1
เยอรมนี,อำเภอถลาง,1
เยอรมนี,อำเภอสวรรคโลก,1
เยอรมนี,อำเภอพรานกระต่าย,1
เยอรมนี,อำเภอพระพุทธบาท,1
เยอรมนี,อำเภอวังน้ำเย็น,1
เยอรมนี,อำเภอเขาค้อ,1
เยอรมนี,อำเภอยางตลาด,1
เยอรมนี,อำเภอบ้านโพธิ์,1
เยอรมนี,อำเภอขุนตาล,1
เยอรมนี,อำเภอหนองกี่,1
เยอรมนี,อำเภอตะโหมด,1
เยอรมนี,อำเภอท่าเรือ,1
เยอรมนี,อำเภอฝาง,1
เยอรมนี,อำเภอวังโป่ง,1
เยอรมนี,อำเภอปากเกร็ด,1
เยอรมนี,อำเภอเมืองเชียงราย,1
เยอรมนี,อำเภอสะเดา,1
เยอรมนี,อำเภอเขาย้อย,1
เยอรมนี,อำเภอบ้านคา,1
เยอรมนี,อำเภอเวียงป่าเป้า,1
เยอรมนี,อำเภออัมพวา,1
เยอรมนี,อำเภอกำแพงแสน,1
เยอรมนี,อำเภอพนัสนิคม,1
เยอรมนี,อำเภอซำสูง,1
เยอรมนี,อำเภอม่วงสามสิบ,1
เยอรมนี,อำเภอเมืองพิษณุโลก,1
เยอรมนี,อำเภอบางสะพาน,1
เยอรมนี,อำเภอหางดง,1
เยอรมนี,อำเภอภูกามยาว,1
เยอรมนี,อำเภอเมืองชุมพร,1
เยอรมนี,อำเภอวัฒนานคร,1
เยอรมนี,อำเภอเชียงคาน,1
เยอรมนี,อำเภอเก้าเลี้ยว,1
เยอรมนี,อำเภอวิเศษชัยชาญ,1
เยอรมนี,อำเภอแม่สาย,1
เยอรมนี,เขตประเวศ,1
เยอรมนี,เขตหนองจอก,1
เยอรมนี,อำเภอพังโคน,1
เยอรมนี,อำเภอบรบือ,1
เยอรมนี,อำเภอสามโคก,1
เยอรมนี,อำเภอเฉลิมพระเกียรติ,1
เยอรมนี,อำเภอเชียงม่วน,1
เยอรมนี,อำเภอเชียรใหญ่,1
เยอรมนี,อำเภอบางมูลนาก,1
เยอรมนี,อำเภอหนองแซง,1
เยอรมนี,อำเภอบุณฑริก,1
เยอรมนี,อำเภอวังน้อย,1
เยอรมนี,อำเภอบ้านม่วง,1
เยอรมนี,อำเภอนาด้วง,1
เยอรมนี,อำเภอเขาฉกรรจ์,1
เยอรมนี,อำเภอเมืองอุตรดิตถ์,1
เยอรมนี,อำเภอบึงบูรพ์,1
เยอรมนี,อำเภอเมืองฉะเชิงเทรา,1
เยอรมนี,อำเภอหนองบุญมาก,1
เยอรมนี,เขตคลองเตย,1
เยอรมนี,อำเภอศรีวิไล,1
เยอรมนี,อำเภอพรเจริญ,1
เยอรมนี,อำเภอละงู,1
เยอรมนี,อำเภอท่าใหม่,1
เยอรมนี,อำเภอบางกล่ำ,1
เยอรมนี,อำเภอสอยดาว,1
เยอรมนี,อำเภอเมืองสมุทรสงคราม,1
เยอรมนี,อำเภอดอกคำใต้,1
เยอรมนี,อำเภอดอนจาน,1
เยอรมนี,อำเภอพรรณานิคม,1
เยอรมนี,อำเภอมโนรมย์,1
เยอรมนี,เขตดอนเมือง,1
เยอรมนี,อำเภอร่อนพิบูลย์,1
เยอรมนี,อำเภออากาศอำนวย,1
เยอรมนี,อำเภอเมืองตรัง,1
เยอรมนี,อำเภอท่าวังผา,1
เยอรมนี,อำเภอเมืองราชบุรี,1
เยอรมนี,อำเภอบางใหญ่,1
เยอรมนี,อำเภอแม่วงก์,1
เยอรมนี,อำเภอบางเลน,1
เยอรมนี,อำเภอคำม่วง,1
เยอรมนี,อำเภอสันทราย,1
เยอรมนี,อำเภอพระประแดง,1
เยอรมนี,อำเภอโกรกพระ,1
เยอรมนี,อำเภอหนองโดน,1
เยอรมนี,อำเภอครบุรี,1
เยอรมนี,อำเภอนครชัยศรี,1
เยอรมนี,อำเภอกันทรลักษ์,1
เยอรมนี,อำเภอเมืองสระบุรี,1
เยอรมนี,อำเภอบ้านผือ,1
เยอรมนี,อำเภอเมืองชลบุรี,1
เยอรมนี,อำเภอพรหมคีรี,1
เยอรมนี,อำเภอเมืองภูเก็ต,1
เยอรมนี,อำเภอบ้านฝาง,1
เยอรมนี,อำเภอบัวใหญ่,1
คาซัคสถาน,อำเภอทุ่งเสลี่ยม,78
คาซัคสถาน,อำเภอบ้านตาก,38
คาซัคสถาน,อำเภอเถิน,21
คาซัคสถาน,อำเภอแม่พริก,12
คาซัคสถาน,อำเภอหนองบุญมาก,7
คาซัคสถาน,อำเภอเมืองพิษณุโลก,5
คาซัคสถาน,อำเภอคง,3
คาซัคสถาน,อำเภอเมืองตาก,3
คาซัคสถาน,อำเภอโพธิ์ประทับช้าง,3
คาซัคสถาน,อำเภอสามเงา,2
คาซัคสถาน,อำเภอบางละมุง,9
คาซัคสถาน,อำเภอเมืองนครราชสีมา,6
คาซัคสถาน,เขตบางกะปิ,5
คาซัคสถาน,อำเภอเมืองเชียงใหม่,5
คาซัคสถาน,เขตดอนเมือง,4
คาซัคสถาน,อำเภอศรีเมืองใหม่,4
คาซัคสถาน,อำเภอเมืองอุดรธานี,4
คาซัคสถาน,เขตบางเขน,4
คาซัคสถาน,เขตสวนหลวง,3
คาซัคสถาน,อำเภอน้ำเกลี้ยง,3
ฟิลิปปินส์,อำเภอบางละมุง,9
ฟิลิปปินส์,อำเภอเมืองนครราชสีมา,6
ฟิลิปปินส์,เขตบางกะปิ,5
ฟิลิปปินส์,อำเภอเมืองเชียงใหม่,5
ฟิลิปปินส์,อำเภอเมืองอุดรธานี,4
ฟิลิปปินส์,เขตดอนเมือง,4
ฟิลิปปินส์,เขตบางเขน,4
ฟิลิปปินส์,อำเภอศรีเมืองใหม่,4
ฟิลิปปินส์,อำเภอสันทราย,3
ฟิลิปปินส์,เขตสวนหลวง,3
ฟิลิปปินส์,อำเภอโนนแดง,3
ฟิลิปปินส์,อำเภอศีขรภูมิ,3
ฟิลิปปินส์,อำเภอน้ำเกลี้ยง,3
ฟิลิปปินส์,อำเภอเมืองสมุทรปราการ,3
ฟิลิปปินส์,เขตวัฒนา,3
ฟิลิปปินส์,อำเภอบ้านดุง,2
ฟิลิปปินส์,เขตดินแดง,2
ฟิลิปปินส์,อำเภอเมืองภูเก็ต,2
ฟิลิปปินส์,อำเภอเมืองสกลนคร,2
ฟิลิปปินส์,อำเภอเมืองลำปาง,2
ฟิลิปปินส์,อำเภอหัวหิน,2
ฟิลิปปินส์,เขตสายไหม,2
ฟิลิปปินส์,อำเภอวังน้อย,2
ฟิลิปปินส์,อำเภอเมืองยโสธร,2
ฟิลิปปินส์,อำเภอวารินชำราบ,2
ฟิลิปปินส์,อำเภอยางตลาด,2
ฟิลิปปินส์,อำเภอเมืองตราด,2
ฟิลิปปินส์,อำเภอสามพราน,2
ฟิลิปปินส์,อำเภอวาปีปทุม,2
ฟิลิปปินส์,อำเภอบางพลี,2
ฟิลิปปินส์,อำเภอเมืองแพร่,2
ฟิลิปปินส์,อำเภอเมืองขอนแก่น,2
ฟิลิปปินส์,อำเภอขุนหาญ,2
ฟิลิปปินส์,เขตบางนา,2
ฟิลิปปินส์,อำเภอปากช่อง,2
ฟิลิปปินส์,อำเภอลำลูกกา,2
ฟิลิปปินส์,อำเภอโขงเจียม,2
ฟิลิปปินส์,เขตลาดกระบัง,2
ฟิลิปปินส์,อำเภอถลาง,2
ฟิลิปปินส์,อำเภอเมืองสุรินทร์,2
ฟิลิปปินส์,อำเภอบำเหน็จณรงค์,2
ฟิลิปปินส์,อำเภอศรีสงคราม,2
ฟิลิปปินส์,อำเภอเมืองพิษณุโลก,2
ฟิลิปปินส์,อำเภอหนองบุญมาก,2
ฟิลิปปินส์,อำเภอเมืองเชียงราย,2
ฟิลิปปินส์,อำเภอบ้านใหม่ไชยพจน์,2
ฟิลิปปินส์,อำเภอนาเชือก,2
ฟิลิปปินส์,อำเภอชานุมาน,1
ฟิลิปปินส์,เขตบางบอน,1
ฟิลิปปินส์,อำเภอปราสาท,1
ฟิลิปปินส์,เขตบางขุนเทียน,1
ฟิลิปปินส์,อำเภอแกดำ,1
ฟิลิปปินส์,อำเภอวังยาง,1
ฟิลิปปินส์,อำเภอแสวงหา,1
ฟิลิปปินส์,อำเภอแม่วาง,1
ฟิลิปปินส์,อำเภอคำเขื่อนแก้ว,1
ฟิลิปปินส์,อำเภอสร้างคอม,1
ฟิลิปปินส์,อำเภอคลองขลุง,1
ฟิลิปปินส์,อำเภอโซ่พิสัย,1
ฟิลิปปินส์,อำเภอเมืองอุบลราชธานี,1
ฟิลิปปินส์,อำเภอโกสุมพิสัย,1
ฟิลิปปินส์,อำเภอหนองฮี,1
ฟิลิปปินส์,อำเภอบางกรวย,1
ฟิลิปปินส์,อำเภอสว่างแดนดิน,1
ฟิลิปปินส์,อำเภออรัญประเทศ,1
ฟิลิปปินส์,อำเภอลอง,1
ฟิลิปปินส์,อำเภอบรบือ,1
ฟิลิปปินส์,อำเภอสตึก,1
ฟิลิปปินส์,อำเภอท่ายาง,1
ฟิลิปปินส์,อำเภอไทรน้อย,1
ฟิลิปปินส์,อำเภอบัวใหญ่,1
ฟิลิปปินส์,อำเภอกันทรวิชัย,1
ฟิลิปปินส์,อำเภอลำปลายมาศ,1
ฟิลิปปินส์,อำเภอหนองหงส์,1
ฟิลิปปินส์,อำเภอปักธงชัย,1
ฟิลิปปินส์,อำเภอโพธิ์ประทับช้าง,1
ฟิลิปปินส์,อำเภอเกษตรสมบูรณ์,1
ฟิลิปปินส์,เขตดุสิต,1
ฟิลิปปินส์,อำเภอกัลยาณิวัฒนา,1
ฟิลิปปินส์,อำเภอบุณฑริก,1
ฟิลิปปินส์,อำเภอบางแพ,1
ฟิลิปปินส์,อำเภอวังน้ำเย็น,1
ฟิลิปปินส์,อำเภอเฝ้าไร่,1
ฟิลิปปินส์,อำเภอศรีวิไล,1
ฟิลิปปินส์,อำเภอนาแก,1
ฟิลิปปินส์,อำเภอหนองเสือ,1
ฟิลิปปินส์,เขตมีนบุรี,1
ฟิลิปปินส์,อำเภอสีคิ้ว,1
ฟิลิปปินส์,อำเภอท่าบ่อ,1
ฟิลิปปินส์,อำเภอนากลาง,1
ฟิลิปปินส์,อำเภอเชียรใหญ่,1
ฟิลิปปินส์,อำเภอเมืองอุตรดิตถ์,1
ฟิลิปปินส์,อำเภอศรีธาตุ,1
ฟิลิปปินส์,อำเภอเมืองสระบุรี,1
ฟิลิปปินส์,เขตคลองเตย,1
ฟิลิปปินส์,อำเภอวิเชียรบุรี,1
ฟิลิปปินส์,อำเภอตะพานหิน,1
ฟิลิปปินส์,อำเภอประทาย,1
ฟิลิปปินส์,อำเภอละหานทราย,1
ฟิลิปปินส์,อำเภอชุมแพ,1
ฟิลิปปินส์,เขตราชเทวี,1
ฟิลิปปินส์,อำเภอเชียงคำ,1
ฟิลิปปินส์,อำเภอเพ็ญ,1
ฟิลิปปินส์,อำเภอวานรนิวาส,1
ฟิลิปปินส์,อำเภอศิลาลาด,1
ฟิลิปปินส์,อำเภอธัญบุรี,1
ฟิลิปปินส์,อำเภอโนนสูง,1
ฟิลิปปินส์,อำเภอท่าตูม,1
ฟิลิปปินส์,อำเภอบางปะอิน,1
ฟิลิปปินส์,อำเภอปากพนัง,1
ฟิลิปปินส์,อำเภอบางบัวทอง,1
ฟิลิปปินส์,อำเภอโนนศิลา,1
ฟิลิปปินส์,อำเภอนางรอง,1
ฟิลิปปินส์,อำเภอดอกคำใต้,1
ฟิลิปปินส์,อำเภอขามสะแกแสง,1
ฟิลิปปินส์,อำเภอตระการพืชผล,1
ฟิลิปปินส์,อำเภอบ้านฝาง,1
ฟิลิปปินส์,เขตคลองสามวา,1
ฟิลิปปินส์,อำเภอหนองวัวซอ,1
ฟิลิปปินส์,อำเภอเมืองนครพนม,1
ฟิลิปปินส์,อำเภอคง,1
ฟิลิปปินส์,อำเภอจังหาร,1
ฟิลิปปินส์,อำเภอแม่จัน,1
ฟิลิปปินส์,อำเภอพรหมพิราม,1
ฟิลิปปินส์,อำเภอเมืองกาญจนบุรี,1
ฟิลิปปินส์,อำเภอเมืองสุราษฎร์ธานี,1
ฟิลิปปินส์,อำเภอสันติสุข,1
ฟิลิปปินส์,เขตวังทองหลาง,1
ฟิลิปปินส์,อำเภอหล่มสัก,1
ฟิลิปปินส์,อำเภอมัญจาคีรี,1
ฟิลิปปินส์,อำเภอแม่ลาว,1
ฟิลิปปินส์,อำเภอกงไกรลาศ,1
ฟิลิปปินส์,อำเภอรัตนวาปี,1
ฟิลิปปินส์,อำเภอห้วยกระเจา,1
ฟิลิปปินส์,อำเภอเกาะคา,1
ฟิลิปปินส์,อำเภอเดชอุดม,1
ฟิลิปปินส์,อำเภอโนนนารายณ์,1
ฟิลิปปินส์,อำเภอเชียงยืน,1
ฟิลิปปินส์,อำเภอนาโพธิ์,1
ฟิลิปปินส์,อำเภอเมืองนครปฐม,1
ฟิลิปปินส์,อำเภอพลับพลาชัย,1
ฟิลิปปินส์,อำเภอกระนวน,1
ฟิลิปปินส์,อำเภอศรีบุญเรือง,1
ฟิลิปปินส์,อำเภอผาขาว,1
ฟิลิปปินส์,อำเภอเมืองนนทบุรี,1
ฟิลิปปินส์,อำเภอโนนไทย,1
ฟิลิปปินส์,อำเภอพิบูลย์รักษ์,1
ฟิลิปปินส์,อำเภอภูเขียว,1
ฟิลิปปินส์,อำเภอท่าอุเทน,1
ฟิลิปปินส์,อำเภอพระประแดง,1
ฟิลิปปินส์,อำเภอเถิน,10
ฟิลิปปินส์,อำเภอนากลาง,4
ฟิลิปปินส์,อำเภอแม่พริก,4
ฟิลิปปินส์,อำเภอหนองกี่,4
ฟิลิปปินส์,อำเภอทุ่งเสลี่ยม,3
ฟิลิปปินส์,อำเภอวานรนิวาส,2
ฟิลิปปินส์,อำเภอขุขันธ์,2
ฟิลิปปินส์,อำเภอเมืองเชียงใหม่,2
ฟิลิปปินส์,อำเภอกุมภวาปี,2
ฟิลิปปินส์,อำเภอเมืองอุดรธานี,2
ฟิลิปปินส์,อำเภอหนองเรือ,2
ฟิลิปปินส์,อำเภอบ้านตาก,2
ฟิลิปปินส์,อำเภอเมืองกำแพงเพชร,2
ฟิลิปปินส์,อำเภอเมืองนครราชสีมา,2
ฟิลิปปินส์,อำเภอโพทะเล,2
ฟิลิปปินส์,อำเภอสตึก,2
ฟิลิปปินส์,อำเภอครบุรี,2
ฟิลิปปินส์,อำเภอเขมราฐ,2
ฟิลิปปินส์,อำเภอเมืองกาญจนบุรี,2
ฟิลิปปินส์,อำเภอบ้านฉาง,2
ฟิลิปปินส์,อำเภอหนองหาน,2
ฟิลิปปินส์,อำเภอเมืองสุโขทัย,1
ฟิลิปปินส์,อำเภอบ้านไผ่,1
ฟิลิปปินส์,อำเภอรัตนบุรี,1
ฟิลิปปินส์,อำเภออากาศอำนวย,1
ฟิลิปปินส์,อำเภอบ่อไร่,1
ฟิลิปปินส์,อำเภอบ้านม่วง,1
ฟิลิปปินส์,อำเภอโพนนาแก้ว,1
ฟิลิปปินส์,อำเภอทุ่งช้าง,1
ฟิลิปปินส์,อำเภอดงหลวง,1
ฟิลิปปินส์,อำเภอบ้านไร่,1
ฟิลิปปินส์,อำเภอเมืองเชียงราย,1
ฟิลิปปินส์,อำเภอบางละมุง,1
ฟิลิปปินส์,อำเภอแม่เมาะ,1
ฟิลิปปินส์,อำเภอเมืองสมุทรสาคร,1
ฟิลิปปินส์,อำเภอหนองสองห้อง,1
ฟิลิปปินส์,อำเภอแกลง,1
ฟิลิปปินส์,อำเภอท่าหลวง,1
ฟิลิปปินส์,เขตดอนเมือง,1
ฟิลิปปินส์,อำเภอบ้านด่านลานหอย,1
ฟิลิปปินส์,อำเภอวังเจ้า,1
ฟิลิปปินส์,อำเภอแม่สอด,1
ฟิลิปปินส์,อำเภอจอมบึง,1
ฟิลิปปินส์,อำเภอคลองหลวง,1
ฟิลิปปินส์,อำเภอเกษตรวิสัย,1
ฟิลิปปินส์,อำเภอเชียงแสน,1
ฟิลิปปินส์,อำเภอกระทุ่มแบน,1
ฟิลิปปินส์,อำเภอน้ำยืน,1
ฟิลิปปินส์,เขตจอมทอง,1
ฟิลิปปินส์,เขตบึงกุ่ม,1
ฟิลิปปินส์,อำเภอหันคา,1
ฟิลิปปินส์,อำเภอภูสิงห์,1
ฟิลิปปินส์,อำเภอปรางค์กู่,1
ฟิลิปปินส์,อำเภอเมืองฉะเชิงเทรา,1
ฟิลิปปินส์,อำเภอปลวกแดง,1
ฟิลิปปินส์,อำเภอสันทราย,1
ฟิลิปปินส์,อำเภอคอนสาร,1
ฟิลิปปินส์,อำเภอพิชัย,1
ฟิลิปปินส์,อำเภอภูเวียง,1
ฟิลิปปินส์,อำเภอชื่นชม,1
ฟิลิปปินส์,อำเภอห้วยแถลง,1
ฟิลิปปินส์,อำเภอวิหารแดง,1
ฟิลิปปินส์,อำเภอเมืองอำนาจเจริญ,1
ฟิลิปปินส์,อำเภอเมืองชัยนาท,1
ฟิลิปปินส์,อำเภอกุดรัง,1
ฟิลิปปินส์,อำเภอพิบูลมังสาหาร,1
ฟิลิปปินส์,อำเภอนาวัง,1
ฟิลิปปินส์,อำเภอศีขรภูมิ,1
ฟิลิปปินส์,อำเภออาจสามารถ,1
ฟิลิปปินส์,อำเภอบางเลน,1
ฟิลิปปินส์,อำเภอนาด้วง,1
ฟิลิปปินส์,อำเภอนิคมพัฒนา,1
ฟิลิปปินส์,อำเภอพระสมุทรเจดีย์,1
ฟิลิปปินส์,อำเภอไชยวาน,1
ฟิลิปปินส์,อำเภอเมืองมหาสารคาม,1
ฟิลิปปินส์,อำเภอสุวรรณคูหา,1
ฟิลิปปินส์,อำเภอเมืองขอนแก่น,1
ฟิลิปปินส์,อำเภอเมืองภูเก็ต,1
ฟิลิปปินส์,อำเภอไทรงาม,1
ฟิลิปปินส์,อำเภอเมืองสุรินทร์,1
ฟิลิปปินส์,อำเภอกมลาไสย,1
ฟิลิปปินส์,อำเภอบ้านเขว้า,1
ฟิลิปปินส์,อำเภอลำลูกกา,1
ฟิลิปปินส์,อำเภอน้ำโสม,1
ฟิลิปปินส์,อำเภอไทรโยค,1
ฟิลิปปินส์,อำเภอโคกสูง,1
ฟิลิปปินส์,อำเภอเมืองหนองบัวลำภู,1
ฟิลิปปินส์,อำเภอบ้านดุง,1
ฟิลิปปินส์,อำเภอลานสัก,1
ฟิลิปปินส์,อำเภอทรายทองวัฒนา,1
ฟิลิปปินส์,อำเภอโพนพิสัย,1
ฟิลิปปินส์,อำเภอนิคมคำสร้อย,1
ฟิลิปปินส์,อำเภอโนนสัง,1
ฟิลิปปินส์,อำเภอวัดโบสถ์,1
ฟิลิปปินส์,อำเภอทุ่งศรีอุดม,1
ฟิลิปปินส์,อำเภอเมืองยาง,1
ฟิลิปปินส์,อำเภอวาปีปทุม,1
ฟิลิปปินส์,อำเภอโคกเจริญ,1
ฟิลิปปินส์,อำเภอทองผาภูมิ,1
ฟิลิปปินส์,อำเภออุทุมพรพิสัย,1
ฟิลิปปินส์,อำเภอศรีมหาโพธิ,1
ฟิลิปปินส์,อำเภอสำโรงทาบ,1
ฟิลิปปินส์,อำเภอทุ่งฝน,1
ฟิลิปปินส์,อำเภอชุมแสง,1
ฟิลิปปินส์,อำเภอสามชุก,1
ฟิลิปปินส์,อำเภอสูงเม่น,1
ฟิลิปปินส์,อำเภอแก่งคอย,1
ฟิลิปปินส์,อำเภอหนองไผ่,1
ฟิลิปปินส์,อำเภอดอนมดแดง,1
ฟิลิปปินส์,อำเภอกระสัง,1
ฟิลิปปินส์,อำเภอท่าวังผา,1
ฟิลิปปินส์,อำเภอน้ำพอง,1
ฟิลิปปินส์,อำเภอพังโคน,1
ฟิลิปปินส์,อำเภอเมืองชุมพร,1
ฟิลิปปินส์,เขตหนองจอก,1
ฟิลิปปินส์,อำเภอโพธิ์ทอง,1
ฟิลิปปินส์,อำเภอเมืองตราด,1
ฟิลิปปินส์,อำเภอเกาะสมุย,1
ฟิลิปปินส์,อำเภอเมืองบุรีรัมย์,1
ฟิลิปปินส์,อำเภอพยุหะคีรี,1
ฟิลิปปินส์,อำเภอทุ่งเสลี่ยม,78
ฟิลิปปินส์,อำเภอบ้านตาก,38
ฟิลิปปินส์,อำเภอเถิน,21
ฟิลิปปินส์,อำเภอแม่พริก,12
ฟิลิปปินส์,อำเภอหนองบุญมาก,7
ฟิลิปปินส์,อำเภอเมืองพิษณุโลก,5
ฟิลิปปินส์,อำเภอโพธิ์ประทับช้าง,3
ฟิลิปปินส์,อำเภอคง,3
ฟิลิปปินส์,อำเภอเมืองตาก,3
ฟิลิปปินส์,อำเภอสามเงา,2
ฟิลิปปินส์,อำเภอบัวใหญ่,2
ฟิลิปปินส์,อำเภอตาคลี,2
ฟิลิปปินส์,อำเภอท่าบ่อ,2
ฟิลิปปินส์,อำเภอเมืองลำปาง,1
ฟิลิปปินส์,อำเภอเชียงดาว,1
ฟิลิปปินส์,อำเภอศรีสัชนาลัย,1
ฟิลิปปินส์,อำเภอกันทรารมย์,1
ฟิลิปปินส์,อำเภอศรีเชียงใหม่,1
ฟิลิปปินส์,อำเภอวังโป่ง,1
ฟิลิปปินส์,อำเภอสบปราบ,1
ฟิลิปปินส์,อำเภอวังชิ้น,1
ฟิลิปปินส์,อำเภอนาหว้า,1
ฟิลิปปินส์,อำเภอคลองลาน,1
ฟิลิปปินส์,อำเภอเมืองชัยภูมิ,1
ฟิลิปปินส์,อำเภอเนินมะปราง,1
ไซปรัส,อำเภอเมืองระยอง,10
ไซปรัส,อำเภอนิคมพัฒนา,7
ไซปรัส,อำเภอเมืองลำปาง,4
ไซปรัส,อำเภอเมืองนนทบุรี,4
ไซปรัส,อำเภอบ้านค่าย,3
ไซปรัส,อำเภอแม่เมาะ,3
ไซปรัส,อำเภอโนนสัง,3
ไซปรัส,อำเภอบางพลี,3
ไซปรัส,อำเภอศรีสัชนาลัย,3
ไซปรัส,อำเภอบ้านฉาง,2
ไซปรัส,อำเภอปัว,2
ไซปรัส,อำเภอสันติสุข,2
ไซปรัส,อำเภอภูเวียง,2
ไซปรัส,เขตบางกะปิ,2
ไซปรัส,อำเภอน้ำปาด,2
ไซปรัส,เขตสวนหลวง,2
ไซปรัส,อำเภอกุดข้าวปุ้น,2
ไซปรัส,อำเภอศรีราชา,2
ไซปรัส,อำเภอนครไทย,2
ไซปรัส,อำเภอสัตหีบ,2
ไซปรัส,อำเภอเมืองสุรินทร์,2
ไซปรัส,เขตป้อมปราบศัตรูพ่าย,2
ไซปรัส,อำเภอหาดใหญ่,2
ไซปรัส,อำเภอพระประแดง,2
ไซปรัส,อำเภอเมืองนครราชสีมา,2
ไซปรัส,อำเภอเมืองตาก,2
ไซปรัส,อำเภอด่านขุนทด,2
ไซปรัส,อำเภอหางดง,2
ไซปรัส,อำเภอพระนครศรีอยุธยา,2
ไซปรัส,เขตลาดกระบัง,1
ไซปรัส,เขตบางพลัด,1
ไซปรัส,เขตหนองจอก,1
ไซปรัส,อำเภอลอง,1
ไซปรัส,อำเภอตาคลี,1
ไซปรัส,เขตบางเขน,1
ไซปรัส,อำเภอท่าวังผา,1
ไซปรัส,อำเภอกบินทร์บุรี,1
ไซปรัส,อำเภอป่าซาง,1
ไซปรัส,อำเภอตากใบ,1
ไซปรัส,อำเภอเมืองสมุทรปราการ,1
ไซปรัส,อำเภอพล,1
ไซปรัส,อำเภอวาปีปทุม,1
ไซปรัส,เขตสะพานสูง,1
ไซปรัส,เขตบางคอแหลม,1
ไซปรัส,อำเภอโพธาราม,1
ไซปรัส,อำเภอจักราช,1
ไซปรัส,อำเภออุบลรัตน์,1
ไซปรัส,อำเภอปราสาท,1
ไซปรัส,อำเภอบ้านดุง,1
ไซปรัส,อำเภอวิหารแดง,1
ไซปรัส,อำเภอเชียงคำ,1
ไซปรัส,อำเภอหนองวัวซอ,1
ไซปรัส,อำเภอคลองใหญ่,1
ไซปรัส,อำเภอชุมแสง,1
ไซปรัส,อำเภอนามน,1
ไซปรัส,อำเภอปากเกร็ด,1
ไซปรัส,อำเภอชุมแพ,1
ไซปรัส,อำเภอโกสุมพิสัย,1
ไซปรัส,อำเภอเมืองปราจีนบุรี,1
ไซปรัส,อำเภอพิมาย,1
ไซปรัส,อำเภอวานรนิวาส,1
ไซปรัส,อำเภอเมืองนครปฐม,1
ไซปรัส,อำเภอไชยา,1
ไซปรัส,อำเภอท่าม่วง,1
ไซปรัส,อำเภอสูงเม่น,1
ไซปรัส,อำเภอวังสะพุง,1
ไซปรัส,อำเภอเมืองอุดรธานี,1
ไซปรัส,อำเภอเมืองหนองบัวลำภู,1
ไซปรัส,อำเภอวังชิ้น,1
ไซปรัส,เขตบึงกุ่ม,1
ไซปรัส,เขตพระนคร,1
ไซปรัส,อำเภอลำลูกกา,1
ไซปรัส,อำเภอพยัคฆภูมิพิสัย,1
ไซปรัส,อำเภอหล่มสัก,1
ไซปรัส,อำเภอแกลง,1
ไซปรัส,อำเภอเมืองตราด,1
ไซปรัส,อำเภอเมืองชัยนาท,1
ไซปรัส,อำเภอบ้านนา,1
ไซปรัส,อำเภอละงู,1
ไซปรัส,อำเภอหนองเรือ,1
ไซปรัส,อำเภอเมืองน่าน,1
ไซปรัส,อำเภอโพนพิสัย,1
ไซปรัส,อำเภอนากลาง,1
ไซปรัส,อำเภอบรบือ,1
ไซปรัส,อำเภอกุดชุม,1
ไซปรัส,อำเภอกุฉินารายณ์,1
ไซปรัส,อำเภอเมืองเชียงใหม่,1
ไซปรัส,อำเภอเมืองปทุมธานี,1
ไซปรัส,อำเภอมหาราช,1
ไซปรัส,อำเภอเมืองชุมพร,1
ไซปรัส,อำเภอเจริญศิลป์,1
ไซปรัส,อำเภอบ้านหมอ,1
ไซปรัส,อำเภอไทรงาม,1
ไซปรัส,อำเภอละหานทราย,1
ไซปรัส,อำเภอเมืองนครพนม,1
ไซปรัส,อำเภอยางตลาด,1
ไซปรัส,อำเภอเมืองสุพรรณบุรี,1
ไซปรัส,เขตดอนเมือง,1
ไซปรัส,อำเภอควนขนุน,1
ไซปรัส,อำเภอน้ำโสม,1
ไซปรัส,อำเภอนาวัง,1
ไซปรัส,อำเภอลับแล,1
ไซปรัส,อำเภอธัญบุรี,1
ไซปรัส,อำเภอจอมพระ,1
ไซปรัส,อำเภอบางปะอิน,1
ไซปรัส,อำเภอโพนสวรรค์,1
ไซปรัส,อำเภอเมืองกาญจนบุรี,1
ไซปรัส,อำเภอนบพิตำ,1
ไซปรัส,อำเภอปทุมราชวงศา,1
ไซปรัส,อำเภอเมืองขอนแก่น,1
ไซปรัส,อำเภอนาดูน,1
ไซปรัส,อำเภอแก่งคอย,1
ไซปรัส,อำเภอบางระกำ,1
ไซปรัส,อำเภอวังน้ำเย็น,1
ไซปรัส,อำเภอเขาวง,1
ไซปรัส,อำเภอนาคู,1
ไซปรัส,เขตห้วยขวาง,1
ไซปรัส,อำเภอบึงโขงหลง,1
ไซปรัส,อำเภออรัญประเทศ,1
ไซปรัส,อำเภอน้ำเกลี้ยง,1
ไซปรัส,อำเภอเมืองลพบุรี,1
ไซปรัส,อำเภอเมืองเลย,1
ไซปรัส,อำเภอเดชอุดม,1
ไซปรัส,อำเภอกระสัง,1
ไซปรัส,อำเภอศรีประจันต์,1
ไซปรัส,เขตจตุจักร,1
ไซปรัส,อำเภอเมืองสระแก้ว,1
ไซปรัส,อำเภอร่อนพิบูลย์,1
โครเอเชีย,อำเภอเถิน,10
โครเอเชีย,อำเภอบ้านตาก,8
โครเอเชีย,อำเภอพรรณานิคม,6
โครเอเชีย,อำเภอแม่พริก,6
โครเอเชีย,อำเภอศรีราชา,5
โครเอเชีย,อำเภอลานกระบือ,4
โครเอเชีย,อำเภอเสลภูมิ,3
โครเอเชีย,อำเภอเมืองตาก,3
โครเอเชีย,อำเภอนิคมพัฒนา,3
โครเอเชีย,อำเภอแม่วงก์,3
โครเอเชีย,อำเภอโกสุมพิสัย,2
โครเอเชีย,อำเภอเอราวัณ,2
โครเอเชีย,อำเภอลอง,2
โครเอเชีย,อำเภอแม่ทา,2
โครเอเชีย,อำเภอเมืองระยอง,2
โครเอเชีย,อำเภอหนองหาน,2
โครเอเชีย,อำเภอบางระกำ,2
โครเอเชีย,อำเภอคลองขลุง,2
โครเอเชีย,อำเภอโนนไทย,2
โครเอเชีย,อำเภอทรายทองวัฒนา,2
โครเอเชีย,อำเภอเมืองปทุมธานี,2
โครเอเชีย,อำเภอพล,1
โครเอเชีย,อำเภอบ้านด่านลานหอย,1
โครเอเชีย,อำเภอชะอำ,1
โครเอเชีย,อำเภอโกสัมพีนคร,1
โครเอเชีย,อำเภอศรีสำโรง,1
โครเอเชีย,อำเภอลาดยาว,1
โครเอเชีย,อำเภอเมืองสรวง,1
โครเอเชีย,อำเภอเมืองเลย,1
โครเอเชีย,อำเภอวิเชียรบุรี,1
โครเอเชีย,อำเภอหนองบัวแดง,1
โครเอเชีย,อำเภอเมืองสุโขทัย,1
โครเอเชีย,อำเภอสนามชัยเขต,1
โครเอเชีย,อำเภอบ้านฉาง,1
โครเอเชีย,อำเภอกุสุมาลย์,1
โครเอเชีย,เขตบางกอกใหญ่,1
โครเอเชีย,อำเภอหนองแสง,1
โครเอเชีย,อำเภอสหัสขันธ์,1
โครเอเชีย,อำเภอสามโคก,1
โครเอเชีย,อำเภอแจ้ห่ม,1
โครเอเชีย,อำเภอเมืองกาฬสินธุ์,1
โครเอเชีย,อำเภออุบลรัตน์,1
โครเอเชีย,อำเภอบ้านโป่ง,1
โครเอเชีย,อำเภอวิเศษชัยชาญ,1
โครเอเชีย,อำเภอเขาฉกรรจ์,1
โครเอเชีย,อำเภอจักราช,1
โครเอเชีย,อำเภอสูงเม่น,1
โครเอเชีย,อำเภอเฉลิมพระเกียรติ,1
โครเอเชีย,อำเภอพิมาย,1
โครเอเชีย,อำเภอสว่างอารมณ์,1
โครเอเชีย,อำเภอโพนพิสัย,1
โครเอเชีย,อำเภอเกาะคา,1
โครเอเชีย,อำเภอหนองเรือ,1
โครเอเชีย,อำเภอเต่างอย,1
โครเอเชีย,อำเภอบัวใหญ่,1
โครเอเชีย,อำเภอดอนเจดีย์,1
โครเอเชีย,อำเภอวัฒนานคร,1
โครเอเชีย,อำเภอด่านขุนทด,1
โครเอเชีย,อำเภอปลวกแดง,1
โครเอเชีย,อำเภอชนแดน,1
โครเอเชีย,อำเภอนาด้วง,1
โครเอเชีย,อำเภอกุดบาก,1
โครเอเชีย,อำเภอบ้านโพธิ์,1
โครเอเชีย,อำเภอเมืองสมุทรปราการ,1
โครเอเชีย,อำเภอท่าปลา,1
โครเอเชีย,เขตประเวศ,1
โครเอเชีย,อำเภอน้ำพอง,1
โครเอเชีย,อำเภอวังสะพุง,1
โครเอเชีย,อำเภอเมืองลำปาง,1
โครเอเชีย,อำเภอสังขะ,1
โครเอเชีย,อำเภอท่าบ่อ,1
โครเอเชีย,อำเภอสันกำแพง,1
โครเอเชีย,อำเภอปรางค์กู่,1
โครเอเชีย,อำเภอไพรบึง,1
โครเอเชีย,เขตบางเขน,1
โครเอเชีย,อำเภอนาน้อย,1
โครเอเชีย,อำเภอโกรกพระ,1
โครเอเชีย,อำเภอหนองไผ่,1
โครเอเชีย,อำเภอเมืองพิษณุโลก,1
โครเอเชีย,อำเภอเกษตรสมบูรณ์,1
โครเอเชีย,อำเภอกงไกรลาศ,1
โครเอเชีย,อำเภอคีรีมาศ,1
โครเอเชีย,อำเภอบึงนาราง,1
โครเอเชีย,อำเภอมวกเหล็ก,1
โครเอเชีย,อำเภอตากฟ้า,1
โครเอเชีย,อำเภอสุวรรณภูมิ,1
โครเอเชีย,อำเภอโพธิ์ประทับช้าง,1
โครเอเชีย,อำเภอทุ่งเสลี่ยม,1
โครเอเชีย,อำเภออุ้มผาง,1
โครเอเชีย,อำเภอสุวรรณคูหา,1
โครเอเชีย,อำเภอสามเงา,1
โครเอเชีย,อำเภอชุมแสง,1
โครเอเชีย,อำเภอเมืองนครสวรรค์,1
โครเอเชีย,อำเภอเมยวดี,1
โครเอเชีย,อำเภอชุมพวง,1
โครเอเชีย,เขตบางกะปิ,1
สเปน,อำเภอบ้านกรวด,14
สเปน,อำเภอคลองหลวง,4
สเปน,อำเภอสามพราน,4
สเปน,อำเภอเกษตรสมบูรณ์,3
สเปน,อำเภอละหานทราย,3
สเปน,เขตบางขุนเทียน,3
สเปน,อำเภอเมืองขอนแก่น,3
สเปน,อำเภอปราสาท,2
สเปน,อำเภอจังหาร,2
สเปน,อำเภอหนองหงส์,2
สเปน,อำเภอพระทองคำ,46
สเปน,อำเภอเวียงเชียงรุ้ง,15
สเปน,อำเภอเมืองกำแพงเพชร,7
สเปน,อำเภอกุดข้าวปุ้น,5
สเปน,อำเภอกันทรลักษ์,5
สเปน,อำเภอบรรพตพิสัย,4
สเปน,อำเภอพระยืน,3
สเปน,อำเภอสุวรรณคูหา,2
สเปน,อำเภอเมืองตาก,2
สเปน,อำเภอเมืองเชียงราย,2
สเปน,อำเภอเมืองภูเก็ต,2
สเปน,อำเภอสว่างแดนดิน,2
สเปน,อำเภอด่านขุนทด,2
สเปน,อำเภอขุนหาญ,2
สเปน,อำเภอถลาง,2
สเปน,อำเภอแม่แจ่ม,1
สเปน,อำเภอธัญบุรี,1
สเปน,อำเภอหนองบัวแดง,1
สเปน,อำเภอหนองกุงศรี,1
สเปน,อำเภอไทรโยค,1
สเปน,อำเภอปากเกร็ด,1
สเปน,อำเภอปรางค์กู่,1
สเปน,อำเภอหาดใหญ่,1
สเปน,อำเภอบางใหญ่,1
สเปน,เขตสวนหลวง,1
สเปน,อำเภอเมืองเพชรบูรณ์,1
สเปน,อำเภอวังเหนือ,1
สเปน,เขตทุ่งครุ,1
สเปน,เขตมีนบุรี,1
สเปน,อำเภอเมืองเลย,1
สเปน,อำเภอกันทรารมย์,1
สเปน,อำเภอเมืองสุรินทร์,1
สเปน,อำเภอนากลาง,1
สเปน,เขตบึงกุ่ม,1
สเปน,อำเภอสวนผึ้ง,1
สเปน,อำเภอเมืองขอนแก่น,1
สเปน,อำเภอเถิน,1
สเปน,อำเภอพุทไธสง,1
สเปน,อำเภอเมืองชลบุรี,1
สเปน,อำเภอเมืองเชียงใหม่,1
สเปน,อำเภอเมืองสุราษฎร์ธานี,1
สเปน,อำเภอบ้านฉาง,1
สเปน,อำเภอขามสะแกแสง,1
สเปน,อำเภอพรเจริญ,1
สเปน,อำเภอเมืองนครปฐม,1
สเปน,เขตคลองสาน,1
สเปน,อำเภอเมืองสมุทรสาคร,1
สเปน,อำเภอบัวใหญ่,1
สเปน,อำเภอวังทอง,1
สเปน,อำเภอโนนสุวรรณ,1
สเปน,อำเภอหล่มเก่า,1
สเปน,อำเภอลาดยาว,1
สเปน,อำเภอเมืองกระบี่,1
สเปน,อำเภอพระสมุทรเจดีย์,1
สเปน,อำเภอเมืองศรีสะเกษ,1
สเปน,อำเภอตระการพืชผล,1
สเปน,อำเภอเมืองมุกดาหาร,1
สเปน,อำเภอเฉลิมพระเกียรติ,1
สเปน,อำเภอแกลง,1
สเปน,อำเภอม่วงสามสิบ,21
สเปน,อำเภอเดชอุดม,6
สเปน,อำเภอสตึก,4
สเปน,อำเภอกันทรลักษ์,3
สเปน,อำเภอคลองหลวง,3
สเปน,อำเภอพรานกระต่าย,2
สเปน,อำเภอธาตุพนม,2
สเปน,อำเภอขามสะแกแสง,2
สเปน,อำเภอเมืองสุรินทร์,2
สเปน,เขตคลองสามวา,2
เนเธอร์แลนด์,อำเภอม่วงสามสิบ,21
เนเธอร์แลนด์,อำเภอเดชอุดม,6
เนเธอร์แลนด์,อำเภอสตึก,4
เนเธอร์แลนด์,อำเภอกันทรลักษ์,3
เนเธอร์แลนด์,อำเภอคลองหลวง,3
เนเธอร์แลนด์,อำเภอธาตุพนม,2
เนเธอร์แลนด์,อำเภอคำเขื่อนแก้ว,2
เนเธอร์แลนด์,อำเภอขามสะแกแสง,2
เนเธอร์แลนด์,อำเภอเมืองสุรินทร์,2
เนเธอร์แลนด์,อำเภอพรานกระต่าย,2
เนเธอร์แลนด์,เขตคลองสามวา,2
เนเธอร์แลนด์,อำเภอหางดง,1
เนเธอร์แลนด์,อำเภอเมืองสมุทรปราการ,1
เนเธอร์แลนด์,อำเภอเมืองสระแก้ว,1
เนเธอร์แลนด์,อำเภอโซ่พิสัย,1
เนเธอร์แลนด์,เขตคันนายาว,1
เนเธอร์แลนด์,อำเภอบางระกำ,1
เนเธอร์แลนด์,อำเภอวาปีปทุม,1
เนเธอร์แลนด์,อำเภอป่าติ้ว,1
เนเธอร์แลนด์,อำเภอเมืองนครราชสีมา,1
เนเธอร์แลนด์,อำเภอสันทราย,1
เนเธอร์แลนด์,อำเภอบ้านแฮด,1
เนเธอร์แลนด์,อำเภอสว่างแดนดิน,1
เนเธอร์แลนด์,อำเภอกมลาไสย,1
เนเธอร์แลนด์,อำเภอนครหลวง,1
เนเธอร์แลนด์,อำเภอโนนนารายณ์,1
เนเธอร์แลนด์,อำเภอสูงเนิน,1
เนเธอร์แลนด์,อำเภอกุดชุม,1
เนเธอร์แลนด์,อำเภอปะเหลียน,1
เนเธอร์แลนด์,อำเภอเมืองศรีสะเกษ,1
เนเธอร์แลนด์,อำเภอนาจะหลวย,1
เนเธอร์แลนด์,อำเภอกุฉินารายณ์,1
เนเธอร์แลนด์,อำเภอแกลง,1
เนเธอร์แลนด์,อำเภอท่าตะเกียบ,1
เนเธอร์แลนด์,อำเภอวานรนิวาส,1
เนเธอร์แลนด์,อำเภอโนนคูณ,1
เนเธอร์แลนด์,อำเภอพลับพลาชัย,1
เนเธอร์แลนด์,อำเภอบางใหญ่,1
เนเธอร์แลนด์,อำเภอนาเยีย,1
เนเธอร์แลนด์,เขตราษฎร์บูรณะ,1
เนเธอร์แลนด์,อำเภอแม่สอด,1
เนเธอร์แลนด์,เขตบางแค,1
เนเธอร์แลนด์,อำเภอเมืองกาฬสินธุ์,1
เนเธอร์แลนด์,อำเภอเมืองชลบุรี,1
เนเธอร์แลนด์,อำเภอคง,1
เนเธอร์แลนด์,เขตบางซื่อ,1
เนเธอร์แลนด์,อำเภอบ้านเหลื่อม,1
เนเธอร์แลนด์,อำเภอสามเงา,1
เนเธอร์แลนด์,อำเภออากาศอำนวย,1
เนเธอร์แลนด์,อำเภอเมืองลำปาง,1
เนเธอร์แลนด์,อำเภอพิชัย,1
เนเธอร์แลนด์,อำเภอท่าแซะ,1
เนเธอร์แลนด์,อำเภอสิรินธร,1
เนเธอร์แลนด์,อำเภอเมืองสกลนคร,1
เนเธอร์แลนด์,อำเภอหัวตะพาน,1
เนเธอร์แลนด์,อำเภอคูเมือง,1
เนเธอร์แลนด์,อำเภอเฉลิมพระเกียรติ,1
เนเธอร์แลนด์,อำเภอโคกโพธิ์ไชย,1
เนเธอร์แลนด์,อำเภอเมืองอุดรธานี,1
เนเธอร์แลนด์,อำเภอหาดใหญ่,1
เนเธอร์แลนด์,อำเภอดอนจาน,1
เนเธอร์แลนด์,อำเภอเทพารักษ์,1
เนเธอร์แลนด์,เขตสวนหลวง,1
เนเธอร์แลนด์,อำเภอสามง่าม,1
เนเธอร์แลนด์,อำเภอสามพราน,1
เนเธอร์แลนด์,อำเภอเมืองตรัง,1
เนเธอร์แลนด์,อำเภอเลิงนกทา,1
เนเธอร์แลนด์,อำเภอเชียงแสน,1
เนเธอร์แลนด์,อำเภอลำปลายมาศ,1
เนเธอร์แลนด์,อำเภอเกาะสมุย,1
เนเธอร์แลนด์,อำเภอศรีสงคราม,1
เนเธอร์แลนด์,อำเภอศรีเทพ,1
เนเธอร์แลนด์,อำเภอยางตลาด,1
เนเธอร์แลนด์,อำเภอพระประแดง,1
เนเธอร์แลนด์,อำเภอแม่ใจ,1
เนเธอร์แลนด์,อำเภอเพ็ญ,1
เนเธอร์แลนด์,อำเภอโนนสูง,1
เนเธอร์แลนด์,อำเภอท่าม่วง,1
เนเธอร์แลนด์,อำเภอบ้านฝาง,1
เนเธอร์แลนด์,อำเภอเขมราฐ,1
เนเธอร์แลนด์,เขตดินแดง,1
เนเธอร์แลนด์,อำเภอเมืองพิษณุโลก,1
เนเธอร์แลนด์,อำเภอสอยดาว,1
เนเธอร์แลนด์,เขตลาดกระบัง,1
เนเธอร์แลนด์,อำเภอภักดีชุมพล,1
เนเธอร์แลนด์,อำเภอเชียงกลาง,1
เนเธอร์แลนด์,อำเภอธัญบุรี,1
เนเธอร์แลนด์,อำเภอบ้านม่วง,1
เนเธอร์แลนด์,อำเภอห้วยแถลง,1
เนเธอร์แลนด์,เขตจตุจักร,1
เนเธอร์แลนด์,อำเภอบ้านลาด,1
เนเธอร์แลนด์,อำเภอเมืองหนองบัวลำภู,1
เนเธอร์แลนด์,อำเภอโกสุมพิสัย,1
เนเธอร์แลนด์,อำเภอปราณบุรี,1
เนเธอร์แลนด์,อำเภอขลุง,1
เนเธอร์แลนด์,อำเภอน้ำโสม,1
เนเธอร์แลนด์,อำเภอโนนแดง,1
เนเธอร์แลนด์,อำเภอศรีราชา,1
เนเธอร์แลนด์,อำเภอหนองหาน,16
เนเธอร์แลนด์,อำเภอบ้านแท่น,9
เนเธอร์แลนด์,อำเภอพุทไธสง,8
เนเธอร์แลนด์,อำเภอบ้านฝาง,7
เนเธอร์แลนด์,อำเภอศรีบุญเรือง,6
เนเธอร์แลนด์,อำเภอบ้านใหม่ไชยพจน์,5
เนเธอร์แลนด์,อำเภอภูเขียว,5
เนเธอร์แลนด์,อำเภอโนนสัง,4
เนเธอร์แลนด์,อำเภอเมืองอุดรธานี,4
เนเธอร์แลนด์,อำเภอลอง,3
โอมาน,อำเภอทุ่งเสลี่ยม,16
โอมาน,อำเภอแม่พริก,16
โอมาน,อำเภอเถิน,13
โอมาน,อำเภอศรีราชา,4
โอมาน,อำเภอบ้านตาก,4
โอมาน,อำเภอไทรงาม,3
โอมาน,อำเภอเมืองนครราชสีมา,3
โอมาน,อำเภอคลองหลวง,2
โอมาน,อำเภอคีรีมาศ,2
โอมาน,อำเภอเพ็ญ,2
โอมาน,อำเภอหนองหาน,16
โอมาน,อำเภอบ้านแท่น,9
โอมาน,อำเภอพุทไธสง,8
โอมาน,อำเภอบ้านฝาง,7
โอมาน,อำเภอศรีบุญเรือง,6
โอมาน,อำเภอภูเขียว,5
โอมาน,อำเภอบ้านใหม่ไชยพจน์,5
โอมาน,อำเภอเมืองอุดรธานี,4
โอมาน,อำเภอโนนสัง,4
โอมาน,อำเภอลอง,3
โอมาน,อำเภอวังชิ้น,2
โอมาน,อำเภอสีดา,2
โอมาน,อำเภอธัญบุรี,2
โอมาน,อำเภอหนองสองห้อง,2
โอมาน,เขตบึงกุ่ม,2
โอมาน,อำเภอบ้านด่าน,2
โอมาน,อำเภอสบปราบ,2
โอมาน,อำเภอพิบูลย์รักษ์,2
โอมาน,อำเภอกุมภวาปี,2
โอมาน,อำเภอกู่แก้ว,2
โอมาน,อำเภอบางละมุง,2
โอมาน,อำเภอศรีธาตุ,2
โอมาน,อำเภอสันทราย,2
โอมาน,อำเภอบึงสามพัน,1
โอมาน,อำเภอสหัสขันธ์,1
โอมาน,อำเภอรัตนบุรี,1
โอมาน,อำเภอพระสมุทรเจดีย์,1
โอมาน,อำเภอมหาชนะชัย,1
โอมาน,อำเภอเมืองอุทัยธานี,1
โอมาน,อำเภอวานรนิวาส,1
โอมาน,อำเภอเมืองสระแก้ว,1
โอมาน,อำเภอบางพลี,1
โอมาน,อำเภอสุวรรณภูมิ,1
โอมาน,อำเภอบ้านด่านลานหอย,1
โอมาน,เขตบางขุนเทียน,1
โอมาน,อำเภอแม่ลาน้อย,1
โอมาน,อำเภอสตึก,1
โอมาน,อำเภอบางใหญ่,1
โอมาน,อำเภอเชียงดาว,1
โอมาน,อำเภอรัตภูมิ,1
โอมาน,อำเภอนาโยง,1
โอมาน,อำเภอเมืองตรัง,1
โอมาน,อำเภอบางระจัน,1
โอมาน,เขตคลองเตย,1
โอมาน,อำเภอเมืองสกลนคร,1
โอมาน,อำเภอพนา,1
โอมาน,เขตมีนบุรี,1
โอมาน,อำเภอเมืองหนองบัวลำภู,1
โอมาน,อำเภอประจักษ์ศิลปาคม,1
โอมาน,อำเภอนาเชือก,1
โอมาน,อำเภอหนองกี่,1
โอมาน,อำเภอท่าม่วง,1
โอมาน,อำเภอเถิน,1
โอมาน,อำเภอประทาย,1
โอมาน,อำเภอนาวัง,1
โอมาน,อำเภอแหลมสิงห์,1
โอมาน,อำเภอยางสีสุราช,1
โอมาน,อำเภอบางบัวทอง,1
โอมาน,อำเภอโนนคูณ,1
โอมาน,เขตสายไหม,1
โอมาน,อำเภอประโคนชัย,1
โอมาน,อำเภอชะอำ,1
โอมาน,อำเภอบรบือ,1
โอมาน,อำเภอสีคิ้ว,1
บังกลาเทศ,อำเภอโนนสัง,4
บังกลาเทศ,อำเภอพาน,3
บังกลาเทศ,อำเภอม่วงสามสิบ,3
บังกลาเทศ,อำเภอบางละมุง,3
บังกลาเทศ,อำเภอศรีสงคราม,3
บังกลาเทศ,อำเภอเมืองนครราชสีมา,3
บังกลาเทศ,อำเภอแก้งคร้อ,2
บังกลาเทศ,อำเภอคง,2
บังกลาเทศ,อำเภอนาหมื่น,2
บังกลาเทศ,อำเภอขุนตาล,2
บังกลาเทศ,อำเภอหัวตะพาน,2
บังกลาเทศ,อำเภอบางมูลนาก,2
บังกลาเทศ,อำเภอเรณูนคร,2
บังกลาเทศ,เขตดินแดง,2
บังกลาเทศ,อำเภอสันทราย,2
บังกลาเทศ,อำเภอเมืองสระบุรี,2
บังกลาเทศ,อำเภอวารินชำราบ,1
บังกลาเทศ,อำเภอเมืองขอนแก่น,1
บังกลาเทศ,อำเภอบรบือ,1
บังกลาเทศ,อำเภอเมืองลำพูน,1
บังกลาเทศ,อำเภอวานรนิวาส,1
บังกลาเทศ,อำเภอโนนนารายณ์,1
บังกลาเทศ,อำเภอเมืองภูเก็ต,1
บังกลาเทศ,อำเภอโชคชัย,1
บังกลาเทศ,อำเภอนากลาง,1
บังกลาเทศ,อำเภอบางปลาม้า,1
บังกลาเทศ,อำเภอเซกา,1
บังกลาเทศ,อำเภอลอง,1
บังกลาเทศ,อำเภอมหาชนะชัย,1
บังกลาเทศ,อำเภอเมืองสมุทรสาคร,1
บังกลาเทศ,อำเภอแม่ริม,1
บังกลาเทศ,อำเภอศรีสัชนาลัย,1
บังกลาเทศ,อำเภอบุณฑริก,1
บังกลาเทศ,อำเภอปง,1
บังกลาเทศ,อำเภอโพนสวรรค์,1
บังกลาเทศ,อำเภอกันทรลักษ์,1
บังกลาเทศ,อำเภอไชยปราการ,1
บังกลาเทศ,อำเภอทับคล้อ,1
บังกลาเทศ,อำเภอฝาง,1
บังกลาเทศ,เขตบึงกุ่ม,1
บังกลาเทศ,อำเภอเมืองมุกดาหาร,1
บังกลาเทศ,อำเภอหนองบัว,1
บังกลาเทศ,อำเภอน้ำเกลี้ยง,1
บังกลาเทศ,อำเภอเมืองกำแพงเพชร,1
บังกลาเทศ,อำเภอสุวรรณคูหา,1
บังกลาเทศ,อำเภอปัว,1
บังกลาเทศ,อำเภอผาขาว,1
บังกลาเทศ,อำเภอเสลภูมิ,1
บังกลาเทศ,อำเภอบึงโขงหลง,1
บังกลาเทศ,อำเภอซำสูง,1
บังกลาเทศ,อำเภอนาเชือก,1
บังกลาเทศ,อำเภอภูกระดึง,1
บังกลาเทศ,อำเภอสารภี,1
บังกลาเทศ,อำเภอวังสมบูรณ์,1
บังกลาเทศ,อำเภอพรรณานิคม,1
บังกลาเทศ,อำเภอเมืองลพบุรี,1
บังกลาเทศ,อำเภอกุฉินารายณ์,1
บังกลาเทศ,อำเภอพิบูลย์รักษ์,1
บังกลาเทศ,อำเภอทุ่งสง,1
บังกลาเทศ,เขตวัฒนา,1
บังกลาเทศ,อำเภอหนองบุญมาก,1
บังกลาเทศ,อำเภอสีชมพู,1
บังกลาเทศ,อำเภอกันทรารมย์,1
บังกลาเทศ,อำเภอเมืองยโสธร,1
บังกลาเทศ,อำเภอกุดข้าวปุ้น,1
บังกลาเทศ,อำเภอเมืองพิษณุโลก,1
บังกลาเทศ,อำเภอเมืองสิงห์บุรี,1
บังกลาเทศ,อำเภอคลองหลวง,1
บังกลาเทศ,อำเภอหัวไทร,1
บังกลาเทศ,อำเภอกุมภวาปี,1
บังกลาเทศ,อำเภอทุ่งเสลี่ยม,1
บังกลาเทศ,อำเภอนาหม่อม,1
บังกลาเทศ,อำเภอดอนเจดีย์,1
บังกลาเทศ,อำเภอนาด้วง,1
บังกลาเทศ,อำเภอบางปะหัน,1
บังกลาเทศ,เขตหลักสี่,1
บังกลาเทศ,อำเภอแม่สอด,1
บังกลาเทศ,อำเภอเวียงชัย,1
บังกลาเทศ,อำเภอนาดูน,1
บังกลาเทศ,อำเภอสามเงา,1
บังกลาเทศ,อำเภอบึงนาราง,1
บังกลาเทศ,อำเภอสัตหีบ,1
บังกลาเทศ,อำเภอพยุหะคีรี,1
บังกลาเทศ,อำเภอนามน,1
บังกลาเทศ,อำเภอเมืองระยอง,1
บังกลาเทศ,อำเภอขาณุวรลักษบุรี,1
บังกลาเทศ,อำเภอศรีบรรพต,1
บังกลาเทศ,อำเภอคอนสาร,1
บังกลาเทศ,อำเภอบาเจาะ,1
บังกลาเทศ,อำเภอเชียงแสน,1
บังกลาเทศ,อำเภอบางกระทุ่ม,1
บังกลาเทศ,อำเภอเมืองสุรินทร์,1
บังกลาเทศ,อำเภอบ้านไผ่,1
บังกลาเทศ,อำเภอเมืองหนองคาย,1
บังกลาเทศ,อำเภอบ้านฝาง,1
บังกลาเทศ,อำเภอพรเจริญ,1
บังกลาเทศ,อำเภอบ้านแพ้ว,1
บังกลาเทศ,อำเภอลาดยาว,1
บังกลาเทศ,อำเภอบ้านตาก,1
เดนมาร์ก,อำเภอลำลูกกา,4
เดนมาร์ก,อำเภอคลองหลวง,4
เดนมาร์ก,อำเภอเมืองพิษณุโลก,3
เดนมาร์ก,อำเภอเมืองปทุมธานี,3
เดนมาร์ก,อำเภอกุมภวาปี,3
เดนมาร์ก,อำเภอม่วงสามสิบ,2
เดนมาร์ก,อำเภอเมืองสมุทรปราการ,2
เดนมาร์ก,อำเภอเมืองนนทบุรี,2
เดนมาร์ก,เขตประเวศ,2
เดนมาร์ก,เขตบางแค,2
เดนมาร์ก,เขตดอนเมือง,2
เดนมาร์ก,อำเภอเวียงสา,2
เดนมาร์ก,อำเภอปากช่อง,2
เดนมาร์ก,อำเภอภูเวียง,2
เดนมาร์ก,อำเภอยางตลาด,2
เดนมาร์ก,อำเภอบางบัวทอง,2
เดนมาร์ก,อำเภอปากเกร็ด,2
เดนมาร์ก,อำเภอเมืองกำแพงเพชร,2
เดนมาร์ก,อำเภอวานรนิวาส,2
เดนมาร์ก,อำเภอชัยบาดาล,2
เดนมาร์ก,อำเภอท่าปลา,2
เดนมาร์ก,อำเภอทองผาภูมิ,2
เดนมาร์ก,อำเภอเมืองอุบลราชธานี,2
เดนมาร์ก,อำเภออุทัย,1
เดนมาร์ก,อำเภอกงไกรลาศ,1
เดนมาร์ก,เขตภาษีเจริญ,1
เดนมาร์ก,อำเภอเมืองปัตตานี,1
เดนมาร์ก,อำเภอเมืองกาฬสินธุ์,1
เดนมาร์ก,อำเภอพล,1
เดนมาร์ก,เขตบางพลัด,1
เดนมาร์ก,อำเภอนาเชือก,1
เดนมาร์ก,อำเภอเมืองนครศรีธรรมราช,1
เดนมาร์ก,อำเภอเขาย้อย,1
เดนมาร์ก,อำเภอแวงน้อย,1
เดนมาร์ก,อำเภอบึงนาราง,1
เดนมาร์ก,อำเภอหนองบัว,1
เดนมาร์ก,อำเภอธัญบุรี,1
เดนมาร์ก,อำเภอเมืองชลบุรี,1
เดนมาร์ก,อำเภอหนองแค,1
เดนมาร์ก,อำเภอวังสะพุง,1
เดนมาร์ก,อำเภอทุ่งช้าง,1
เดนมาร์ก,อำเภอวังทอง,1
เดนมาร์ก,อำเภอศรีบุญเรือง,1
เดนมาร์ก,อำเภอเรณูนคร,1
เดนมาร์ก,อำเภอกุฉินารายณ์,1
เดนมาร์ก,อำเภอนาแก,1
เดนมาร์ก,เขตบึงกุ่ม,1
เดนมาร์ก,อำเภออู่ทอง,1
เดนมาร์ก,อำเภอท่าตะเกียบ,1
เดนมาร์ก,อำเภอพระนครศรีอยุธยา,1
เดนมาร์ก,อำเภอบางใหญ่,1
เดนมาร์ก,อำเภอเชียรใหญ่,1
เดนมาร์ก,อำเภอเมืองสุรินทร์,1
เดนมาร์ก,เขตบางกอกน้อย,1
เดนมาร์ก,อำเภอปทุมราชวงศา,1
เดนมาร์ก,อำเภอเมืองลำปาง,1
เดนมาร์ก,อำเภอพิบูลย์รักษ์,1
เดนมาร์ก,อำเภอเมืองพิจิตร,1
เดนมาร์ก,อำเภอคลองท่อม,1
เดนมาร์ก,อำเภอนครไทย,1
เดนมาร์ก,เขตดุสิต,1
เดนมาร์ก,เขตลาดพร้าว,1
เดนมาร์ก,อำเภอสูงเม่น,1
เดนมาร์ก,อำเภอวิเชียรบุรี,1
เดนมาร์ก,อำเภอบ้านไผ่,1
เดนมาร์ก,อำเภอบ้านแพง,1
เดนมาร์ก,อำเภอกมลาไสย,1
เดนมาร์ก,เขตคันนายาว,1
เดนมาร์ก,อำเภอบ้านหลวง,1
เดนมาร์ก,อำเภอบางปะอิน,1
เดนมาร์ก,อำเภออรัญประเทศ,1
เดนมาร์ก,อำเภอเมืองกาญจนบุรี,1
เดนมาร์ก,เขตบางบอน,1
เดนมาร์ก,เขตบางเขน,1
เดนมาร์ก,อำเภอนาโพธิ์,1
เดนมาร์ก,อำเภอเชียงยืน,1
เดนมาร์ก,อำเภอลับแล,1
เดนมาร์ก,อำเภอหาดใหญ่,1
เดนมาร์ก,อำเภอเมืองนครพนม,1
เดนมาร์ก,อำเภอเมืองสุโขทัย,1
เดนมาร์ก,อำเภอวารินชำราบ,1
เดนมาร์ก,อำเภอโพธาราม,1
เดนมาร์ก,เขตสัมพันธวงศ์,1
เดนมาร์ก,เขตหลักสี่,1
เดนมาร์ก,อำเภอท่ามะกา,1
เดนมาร์ก,อำเภอเชียงกลาง,1
เดนมาร์ก,อำเภอหนองบัวแดง,1
เดนมาร์ก,อำเภอโนนศิลา,1
เดนมาร์ก,อำเภอปราณบุรี,1
เดนมาร์ก,เขตห้วยขวาง,1
อิตาลี,อำเภอกันทรวิชัย,12
อิตาลี,อำเภอเมืองหนองบัวลำภู,7
อิตาลี,อำเภอขุขันธ์,5
อิตาลี,อำเภอบรบือ,4
อิตาลี,อำเภอเซกา,3
อิตาลี,อำเภอสะเดา,2
อิตาลี,อำเภอประโคนชัย,2
อิตาลี,อำเภอสว่างแดนดิน,2
อิตาลี,อำเภอพรเจริญ,2
อิตาลี,อำเภอไชยวาน,2
จอร์แดน,อำเภอลำลูกกา,4
จอร์แดน,อำเภอคลองหลวง,4
จอร์แดน,อำเภอเมืองพิษณุโลก,3
จอร์แดน,อำเภอกุมภวาปี,3
จอร์แดน,อำเภอเมืองปทุมธานี,3
จอร์แดน,อำเภอชัยบาดาล,2
จอร์แดน,อำเภอยางตลาด,2
จอร์แดน,อำเภอบางบัวทอง,2
จอร์แดน,เขตดอนเมือง,2
จอร์แดน,เขตประเวศ,2
เมียนมา,อำเภอกู่แก้ว,9
เมียนมา,อำเภอเพ็ญ,7
เมียนมา,อำเภอเมืองนครพนม,6
เมียนมา,อำเภอโนนนารายณ์,5
เมียนมา,อำเภอไชยวาน,5
เมียนมา,อำเภอป่าแดด,4
เมียนมา,อำเภอนากลาง,3
เมียนมา,อำเภอหนองหาน,3
เมียนมา,อำเภอแม่แตง,3
เมียนมา,อำเภอศรีบุญเรือง,2
เมียนมา,อำเภอชุมแพ,2
เมียนมา,อำเภอกระสัง,2
เมียนมา,อำเภอประทาย,2
เมียนมา,อำเภอบัวใหญ่,2
เมียนมา,อำเภอท่าอุเทน,2
เมียนมา,อำเภอเมืองอุดรธานี,2
เมียนมา,อำเภอธาตุพนม,2
เมียนมา,อำเภอเสริมงาม,2
เมียนมา,อำเภอสร้างคอม,1
เมียนมา,อำเภอปากช่อง,1
เมียนมา,อำเภอไชยปราการ,1
เมียนมา,อำเภอสนม,1
เมียนมา,อำเภอกุดจับ,1
เมียนมา,อำเภอพุทไธสง,1
เมียนมา,อำเภอศรีณรงค์,1
เมียนมา,อำเภอเมืองมุกดาหาร,1
เมียนมา,อำเภอบางละมุง,1
เมียนมา,อำเภอส่องดาว,1
เมียนมา,อำเภอแม่ฟ้าหลวง,1
เมียนมา,อำเภอเฉลิมพระเกียรติ,1
เมียนมา,อำเภอแม่ใจ,1
เมียนมา,อำเภอสามเงา,1
เมียนมา,อำเภอขุนหาญ,1
เมียนมา,อำเภอเมืองหนองคาย,1
เมียนมา,อำเภอเมืองภูเก็ต,1
เมียนมา,อำเภอเรณูนคร,1
เมียนมา,อำเภอเมืองเชียงราย,1
เมียนมา,เขตคันนายาว,1
เมียนมา,อำเภอบ้านแพง,1
เมียนมา,อำเภอสูงเนิน,1
เมียนมา,อำเภอลำปลายมาศ,1
เมียนมา,อำเภอรัตนบุรี,1
เมียนมา,อำเภอบางระกำ,1
เมียนมา,อำเภอหนองม่วงไข่,1
เมียนมา,อำเภอบ้านดุง,1
เมียนมา,อำเภอบ้านแท่น,1
เมียนมา,อำเภอกุมภวาปี,1
เมียนมา,อำเภอสว่างแดนดิน,1
เมียนมา,อำเภอแม่จัน,1
เมียนมา,อำเภอเมืองสระแก้ว,1
เมียนมา,อำเภอกระทุ่มแบน,1
เมียนมา,อำเภอหนองสองห้อง,1
เมียนมา,อำเภอพยัคฆภูมิพิสัย,1
เมียนมา,อำเภอทุ่งเสลี่ยม,1
เมียนมา,อำเภอศรีสงคราม,1
เมียนมา,อำเภอพนมสารคาม,1
เมียนมา,อำเภอแม่ทะ,1
เมียนมา,อำเภอชุมพลบุรี,1
เมียนมา,อำเภอสังขะ,1
เมียนมา,อำเภอเถิน,1
เมียนมา,อำเภอปลวกแดง,4
เมียนมา,อำเภอเมืองสุรินทร์,3
เมียนมา,อำเภอสว่างแดนดิน,2
เมียนมา,อำเภอพล,2
เมียนมา,อำเภอเมืองเชียงใหม่,2
เมียนมา,อำเภอนิคมคำสร้อย,2
เมียนมา,อำเภอเมืองสมุทรปราการ,2
เมียนมา,อำเภอเมืองภูเก็ต,2
เมียนมา,อำเภอศรีราชา,2
เมียนมา,อำเภอซำสูง,2
เมียนมา,อำเภอเทิง,2
เมียนมา,อำเภอปากเกร็ด,2
เมียนมา,อำเภอบ้านฉาง,2
เมียนมา,อำเภอบางละมุง,2
เมียนมา,อำเภอเมืองปราจีนบุรี,2
เมียนมา,อำเภอวิเชียรบุรี,1
เมียนมา,เขตดอนเมือง,1
เมียนมา,อำเภอบางใหญ่,1
เมียนมา,อำเภอวังทอง,1
เมียนมา,อำเภอเมืองเพชรบูรณ์,1
เมียนมา,อำเภอเมืองอุตรดิตถ์,1
เมียนมา,อำเภอชื่นชม,1
เมียนมา,เขตทุ่งครุ,1
เมียนมา,อำเภอโนนแดง,1
เมียนมา,อำเภอบ้านม่วง,1
เมียนมา,อำเภอกำแพงแสน,1
เมียนมา,อำเภอเมืองประจวบคีรีขันธ์,1
เมียนมา,อำเภอศรีสวัสดิ์,1
เมียนมา,อำเภอเมืองพิษณุโลก,1
เมียนมา,อำเภอภูซาง,1
เมียนมา,เขตคลองเตย,1
เมียนมา,อำเภองาว,1
เมียนมา,อำเภอเมืองลำพูน,1
เมียนมา,อำเภอเมืองระยอง,1
เมียนมา,เขตบางนา,1
เมียนมา,อำเภอสามพราน,1
เมียนมา,อำเภอบ้านไผ่,1
เมียนมา,อำเภอห้างฉัตร,1
เมียนมา,อำเภอโซ่พิสัย,1
เมียนมา,อำเภอสัตหีบ,1
เมียนมา,เขตบางเขน,1
เมียนมา,อำเภอเมืองพัทลุง,1
เมียนมา,อำเภอไชยา,1
เมียนมา,อำเภอดอยสะเก็ด,1
เมียนมา,อำเภอเมืองอุดรธานี,1
เมียนมา,อำเภอเมืองบึงกาฬ,1
เมียนมา,อำเภอเมืองปาน,1
เมียนมา,อำเภอเสาไห้,1
เมียนมา,อำเภอปากพนัง,1
เมียนมา,อำเภอบ้านตาก,1
เมียนมา,อำเภอเมืองนครราชสีมา,1
เมียนมา,อำเภอบางคนที,1
เมียนมา,อำเภอชนแดน,1
เมียนมา,อำเภอคลองหลวง,1
เมียนมา,อำเภอน้ำพอง,1
เมียนมา,อำเภอเมืองขอนแก่น,1
เมียนมา,อำเภอปากคาด,1
เมียนมา,อำเภอแม่อาย,1
เมียนมา,อำเภอเมืองลพบุรี,1
เมียนมา,อำเภอหาดใหญ่,1
เมียนมา,เขตพระโขนง,1
เมียนมา,อำเภอนิคมพัฒนา,1
เมียนมา,อำเภอเมืองปทุมธานี,1
เมียนมา,อำเภอชุมแพ,1
เมียนมา,อำเภอตะพานหิน,1
เมียนมา,อำเภอเมืองสระบุรี,1
เมียนมา,อำเภอบ้านกรวด,1
เมียนมา,อำเภอบางบัวทอง,1
เมียนมา,อำเภอเมืองบุรีรัมย์,1
เมียนมา,อำเภอกาบเชิง,1
เมียนมา,อำเภอบางพลี,1
เมียนมา,อำเภอเมืองชลบุรี,1
เมียนมา,อำเภอวารินชำราบ,1
เมียนมา,เขตบางกะปิ,1
เมียนมา,อำเภอไทรงาม,1
เมียนมา,อำเภอมัญจาคีรี,1
เมียนมา,อำเภอสูงเม่น,1
เมียนมา,อำเภอบ้านค่าย,1
เมียนมา,อำเภอม่วงสามสิบ,1
เมียนมา,อำเภอท่าตูม,1
เมียนมา,อำเภอกบินทร์บุรี,1
เมียนมา,อำเภอธวัชบุรี,1
เมียนมา,อำเภอลำลูกกา,1
เมียนมา,อำเภอบางแพ,1
ปานามา,อำเภอปลวกแดง,4
ปานามา,อำเภอเมืองสุรินทร์,3
ปานามา,อำเภอซำสูง,2
ปานามา,อำเภอเมืองภูเก็ต,2
ปานามา,อำเภอปากเกร็ด,2
ปานามา,อำเภอสว่างแดนดิน,2
ปานามา,อำเภอบ้านฉาง,2
ปานามา,อำเภอเมืองสมุทรปราการ,2
ปานามา,อำเภอเทิง,2
ปานามา,อำเภอเมืองเชียงใหม่,2
เกิร์นซีย์,อำเภอบางคล้า,9
เกิร์นซีย์,อำเภอเมืองระยอง,9
เกิร์นซีย์,อำเภอเมืองสงขลา,7
เกิร์นซีย์,อำเภอเมืองฉะเชิงเทรา,6
เกิร์นซีย์,อำเภอเลาขวัญ,5
เกิร์นซีย์,อำเภอหาดใหญ่,4
เกิร์นซีย์,อำเภอนิคมพัฒนา,3
เกิร์นซีย์,อำเภอคลองหลวง,2
เกิร์นซีย์,อำเภอเมืองนราธิวาส,2
เกิร์นซีย์,อำเภอโป่งน้ำร้อน,2
เกิร์นซีย์,อำเภอพนมสารคาม,2
เกิร์นซีย์,อำเภอสิงหนคร,2
เกิร์นซีย์,อำเภอท่าลี่,1
เกิร์นซีย์,อำเภอราชสาส์น,1
เกิร์นซีย์,อำเภอร่อนพิบูลย์,1
เกิร์นซีย์,อำเภอบางปะอิน,1
เกิร์นซีย์,อำเภอแม่สอด,1
เกิร์นซีย์,อำเภอองครักษ์,1
เกิร์นซีย์,อำเภอบ้านแฮด,1
เกิร์นซีย์,อำเภอเมืองภูเก็ต,1
เกิร์นซีย์,อำเภอเมืองนครราชสีมา,1
เกิร์นซีย์,อำเภอนาหม่อม,1
เกิร์นซีย์,อำเภอสุวรรณภูมิ,1
เกิร์นซีย์,อำเภอวังสะพุง,1
เกิร์นซีย์,อำเภอโพธิ์ชัย,1
เกิร์นซีย์,อำเภอบ้านฉาง,1
เกิร์นซีย์,อำเภอเมืองกำแพงเพชร,1
เกิร์นซีย์,อำเภอบ่อไร่,1
เกิร์นซีย์,อำเภอนาทวี,1
เกิร์นซีย์,อำเภอเสาไห้,1
เกิร์นซีย์,อำเภอประจันตคาม,1
เกิร์นซีย์,อำเภอวัฒนานคร,1
เกิร์นซีย์,อำเภอสหัสขันธ์,1
เกิร์นซีย์,อำเภอด่านมะขามเตี้ย,1
เกิร์นซีย์,อำเภอขนอม,1
เกิร์นซีย์,อำเภอแก้งสนามนาง,1
เกิร์นซีย์,อำเภอคลองขลุง,1
เกิร์นซีย์,อำเภอแหลมสิงห์,1
เกิร์นซีย์,อำเภอระโนด,1
เกิร์นซีย์,อำเภอสามพราน,1
เกิร์นซีย์,อำเภอบ้านผือ,1
เกิร์นซีย์,อำเภอเมืองพิษณุโลก,1
เกิร์นซีย์,อำเภอปากพนัง,1
เกิร์นซีย์,อำเภออินทร์บุรี,1
เกิร์นซีย์,อำเภอธัญบุรี,1
เกิร์นซีย์,อำเภอนากลาง,1
เกิร์นซีย์,อำเภอลับแล,1
เกิร์นซีย์,อำเภอคูเมือง,1
เกิร์นซีย์,อำเภอสีดา,1
เกิร์นซีย์,อำเภอแวงใหญ่,1
เกิร์นซีย์,อำเภอหัวไทร,1
เกิร์นซีย์,อำเภอขลุง,1
เกิร์นซีย์,อำเภอเมืองสุรินทร์,1
เกิร์นซีย์,อำเภอศรีสงคราม,1
เกิร์นซีย์,อำเภอด่านขุนทด,1
เกิร์นซีย์,อำเภอกระนวน,1
เกิร์นซีย์,อำเภอสนามชัยเขต,1
เกิร์นซีย์,อำเภอพนัสนิคม,1
เกิร์นซีย์,อำเภอบางละมุง,5
เกิร์นซีย์,อำเภอเมืองภูเก็ต,3
เกิร์นซีย์,อำเภอศรีราชา,3
เกิร์นซีย์,อำเภอเมืองนครราชสีมา,2
เกิร์นซีย์,อำเภอพระประแดง,2
เกิร์นซีย์,เขตคลองเตย,2
เกิร์นซีย์,อำเภอบ้านแพง,2
เกิร์นซีย์,อำเภอเชียงคำ,2
เกิร์นซีย์,อำเภอหาดใหญ่,2
เกิร์นซีย์,เขตบางกะปิ,2
จีน,เขตบางกะปิ,2
จีน,อำเภอบางเสาธง,2
จีน,อำเภอลำลูกกา,2
จีน,อำเภอเมืองขอนแก่น,2
จีน,เขตบางแค,2
จีน,เขตประเวศ,2
จีน,อำเภอเฉลิมพระเกียรติ,1
จีน,อำเภอหนองสองห้อง,1
จีน,อำเภอกระทุ่มแบน,1
จีน,อำเภอสัตหีบ,1
จีน,อำเภอชะอำ,1
จีน,อำเภอบางพลี,1
จีน,อำเภอเมืองอุทัยธานี,1
จีน,เขตคลองเตย,1
จีน,อำเภอปราณบุรี,1
จีน,อำเภอพัฒนานิคม,1
จีน,เขตมีนบุรี,1
จีน,อำเภอศรีราชา,1
จีน,อำเภอสังขะ,1
จีน,อำเภอบางบัวทอง,1
จีน,อำเภอลำปลายมาศ,1
จีน,เขตพระนคร,1
จีน,อำเภอคง,1
จีน,อำเภอบุณฑริก,1
จีน,อำเภอปากพนัง,1
จีน,อำเภอเมืองสตูล,1
จีน,อำเภอน้ำปาด,1
จีน,อำเภอแกลง,1
จีน,อำเภอโพธาราม,1
จีน,อำเภอไชยปราการ,1
จีน,อำเภอบ้านกรวด,1
จีน,อำเภอดอยสะเก็ด,1
จีน,อำเภอเมืองบุรีรัมย์,1
จีน,อำเภอเชียงของ,1
จีน,อำเภอคุระบุรี,1
จีน,อำเภอหัวหิน,1
จีน,อำเภอปากช่อง,1
จีน,อำเภอเมืองเพชรบูรณ์,1
จีน,อำเภอวังสามหมอ,1
จีน,อำเภอแม่แตง,1
จีน,อำเภอถลาง,1
จีน,เขตสายไหม,1
จีน,อำเภอศรีสำโรง,1
จีน,อำเภอกำแพงแสน,1
จีน,อำเภอห้วยยอด,1
จีน,เขตหนองจอก,1
จีน,อำเภอดอนตูม,1
จีน,อำเภอพระประแดง,1
จีน,อำเภอคลองลาน,1
จีน,อำเภองาว,1
จีน,อำเภอนครชัยศรี,1
จีน,อำเภอเมืองชลบุรี,1
จีน,อำเภอศรีสงคราม,1
จีน,เขตพระโขนง,1
จีน,อำเภอบางละมุง,1
จีน,อำเภอเมืองสมุทรสาคร,1
จีน,อำเภอเมืองลำปาง,1
จีน,เขตจตุจักร,1
จีน,อำเภอหนองวัวซอ,1
จีน,อำเภอเมืองนครปฐม,1
จีน,อำเภอเทิง,1
จีน,อำเภอแม่ริม,1
จีน,อำเภอเมืองสุรินทร์,1
จีน,อำเภอเมืองเชียงราย,1
จีน,อำเภอหาดใหญ่,1
จีน,อำเภอนครไทย,1
จีน,อำเภอเมืองนครราชสีมา,1
จีน,อำเภอเวียงป่าเป้า,1
จีน,อำเภอชุมแพ,1
จีน,อำเภอเจาะไอร้อง,1
จีน,อำเภอเมืองฉะเชิงเทรา,1
จีน,อำเภอเกษตรวิสัย,1
จีน,อำเภอเมืองสุราษฎร์ธานี,1
จีน,อำเภอเมืองสมุทรปราการ,1
จีน,อำเภอดำเนินสะดวก,1
จีน,เขตราษฎร์บูรณะ,1
จีน,อำเภอเมืองกาฬสินธุ์,1
จีน,อำเภอพนมสารคาม,1
จีน,อำเภอน้ำพอง,1
อิหร่าน,อำเภอบางมูลนาก,6
อิหร่าน,อำเภอคลองหลวง,6
อิหร่าน,อำเภอเมืองชัยภูมิ,3
อิหร่าน,อำเภอโพทะเล,3
อิหร่าน,อำเภอเมืองขอนแก่น,3
อิหร่าน,อำเภอเมืองภูเก็ต,3
อิหร่าน,อำเภอบางพลี,2
อิหร่าน,อำเภอศรีราชา,2
อิหร่าน,อำเภอพิบูลย์รักษ์,2
อิหร่าน,อำเภอทุ่งหว้า,1
ฝรั่งเศส,อำเภอกาบเชิง,16
ฝรั่งเศส,อำเภอละหานทราย,11
ฝรั่งเศส,อำเภอเมืองสุรินทร์,9
ฝรั่งเศส,อำเภอท่าตูม,7
ฝรั่งเศส,อำเภอศรีราชา,6
ฝรั่งเศส,อำเภอสตึก,4
ฝรั่งเศส,อำเภอจอมพระ,3
ฝรั่งเศส,อำเภอโพทะเล,2
ฝรั่งเศส,อำเภอชุมพลบุรี,2
ฝรั่งเศส,อำเภอพานทอง,2
มอลตา,อำเภอกาบเชิง,16
มอลตา,อำเภอละหานทราย,11
มอลตา,อำเภอเมืองสุรินทร์,9
มอลตา,อำเภอท่าตูม,7
มอลตา,อำเภอศรีราชา,6
มอลตา,อำเภอสตึก,4
มอลตา,อำเภอจอมพระ,3
มอลตา,อำเภอชุมพลบุรี,2
มอลตา,อำเภอโพทะเล,2
มอลตา,อำเภอพานทอง,2
มอลตา,อำเภอเพ็ญ,1
มอลตา,อำเภอกันทรลักษ์,1
มอลตา,อำเภอเมืองสกลนคร,1
มอลตา,อำเภอลืออำนาจ,1
มอลตา,อำเภอประโคนชัย,1
มอลตา,อำเภอเมืองกำแพงเพชร,1
มอลตา,อำเภอวิเชียรบุรี,1
มอลตา,อำเภอพนัสนิคม,1
มอลตา,อำเภอแจ้ห่ม,1
มอลตา,อำเภอศรีณรงค์,1
มอลตา,อำเภอบางบัวทอง,1
มอลตา,อำเภออัมพวา,1
มอลตา,อำเภอท่าตะเกียบ,1
มอลตา,อำเภอเมืองชลบุรี,1
มอลตา,อำเภอโพธิ์ทอง,1
มอลตา,อำเภอสามง่าม,1
มอลตา,อำเภอเมืองสมุทรสงคราม,1
มอลตา,อำเภอขาณุวรลักษบุรี,1
มอลตา,อำเภอเมืองพิจิตร,1
มอลตา,อำเภอเมืองนนทบุรี,1
มอลตา,อำเภอหนองหงส์,1
มอลตา,อำเภอม่วงสามสิบ,5
มอลตา,อำเภอคอนสวรรค์,3
มอลตา,อำเภอเมืองลำพูน,2
มอลตา,อำเภอเมืองขอนแก่น,2
มอลตา,อำเภอแก้งคร้อ,2
มอลตา,อำเภอท่าบ่อ,2
มอลตา,อำเภอบางระกำ,2
มอลตา,อำเภอเสลภูมิ,2
มอลตา,อำเภอบ้านใหม่ไชยพจน์,2
มอลตา,อำเภอบึงสามพัน,2
มอลตา,อำเภอบางกรวย,1
มอลตา,เขตบางเขน,1
มอลตา,อำเภอด่านช้าง,1
มอลตา,อำเภอพระประแดง,1
มอลตา,อำเภอชนแดน,1
มอลตา,อำเภอเมืองพัทลุง,1
มอลตา,อำเภอพิมาย,1
มอลตา,อำเภอถลาง,1
มอลตา,อำเภอทุ่งฝน,1
มอลตา,อำเภอวานรนิวาส,1
มอลตา,อำเภอเมืองแพร่,1
มอลตา,เขตดอนเมือง,1
มอลตา,อำเภอดอยสะเก็ด,1
มอลตา,อำเภอเมืองเชียงใหม่,1
มอลตา,อำเภอสนามชัยเขต,1
มอลตา,อำเภอศรีเชียงใหม่,1
มอลตา,อำเภอห้วยแถลง,1
มอลตา,อำเภอปากท่อ,1
มอลตา,อำเภอนครไทย,1
มอลตา,อำเภอเชียงคำ,1
มอลตา,อำเภอวังสะพุง,1
มอลตา,อำเภอยางสีสุราช,1
มอลตา,อำเภอบ้านโป่ง,1
มอลตา,อำเภอเมืองหนองคาย,1
มอลตา,อำเภออาจสามารถ,1
มอลตา,อำเภอบางบ่อ,1
มอลตา,เขตทุ่งครุ,1
มอลตา,อำเภอท่าตะโก,1
มอลตา,อำเภอโนนสัง,1
มอลตา,อำเภอบางละมุง,1
มอลตา,อำเภอเมืองหนองบัวลำภู,1
มอลตา,อำเภอฝาง,1
มอลตา,อำเภอเมืองตราด,1
มอลตา,อำเภอกมลาไสย,1
มอลตา,อำเภอชุมแพ,1
มอลตา,อำเภอเหล่าเสือโก้ก,1
มอลตา,อำเภอสีชมพู,1
มอลตา,อำเภอค้อวัง,1
มอลตา,เขตบางกอกใหญ่,1
มอลตา,อำเภอคง,1
มอลตา,เขตป้อมปราบศัตรูพ่าย,1
มอลตา,อำเภอหนองวัวซอ,1
มอลตา,อำเภอโพนพิสัย,1
มอลตา,อำเภอกุดจับ,1
มอลตา,อำเภอเมืองอุดรธานี,1
มอลตา,อำเภอแม่แตง,1
มอลตา,อำเภออุบลรัตน์,1
มอลตา,อำเภอละหานทราย,1
มอลตา,อำเภอเมืองพิษณุโลก,1
มอลตา,เขตธนบุรี,1
มอลตา,อำเภอสรรคบุรี,1
มอลตา,อำเภอดงเจริญ,1
มอลตา,อำเภอบางปะอิน,1
มอลตา,อำเภอคลองหลวง,6
มอลตา,อำเภอบางมูลนาก,6
มอลตา,อำเภอเมืองขอนแก่น,3
มอลตา,อำเภอโพทะเล,3
มอลตา,อำเภอเมืองชัยภูมิ,3
มอลตา,อำเภอเมืองภูเก็ต,3
มอลตา,อำเภอศรีราชา,2
มอลตา,อำเภอบางพลี,2
มอลตา,อำเภอพิบูลย์รักษ์,2
มอลตา,อำเภอทุ่งหว้า,1
มอลตา,อำเภออุทุมพรพิสัย,1
มอลตา,อำเภอเมืองเชียงราย,1
มอลตา,อำเภอดอนมดแดง,1
มอลตา,อำเภอแม่ทา,1
มอลตา,อำเภอหนองสองห้อง,1
มอลตา,อำเภอหนองบัวระเหว,1
มอลตา,เขตห้วยขวาง,1
มอลตา,เขตคลองสามวา,1
มอลตา,อำเภอลาดยาว,1
มอลตา,เขตสายไหม,1
มอลตา,อำเภอวังน้อย,1
มอลตา,อำเภอโคกสำโรง,1
มอลตา,อำเภอนาหว้า,1
มอลตา,อำเภอหนองสูง,1
มอลตา,อำเภอวังน้ำเย็น,1
มอลตา,อำเภอบำเหน็จณรงค์,1
มอลตา,อำเภอเปือยน้อย,1
มอลตา,อำเภอโพธิ์ประทับช้าง,1
มอลตา,อำเภอมหาราช,1
มอลตา,อำเภอเวียงชัย,1
มอลตา,อำเภอเมืองนครพนม,1
มอลตา,อำเภอเฉลิมพระเกียรติ,1
มอลตา,อำเภอฉวาง,1
มอลตา,เขตหนองจอก,1
มอลตา,อำเภอพิชัย,1
มอลตา,อำเภอทับคล้อ,1
มอลตา,อำเภอเมืองนครราชสีมา,1
มอลตา,อำเภอมโนรมย์,1
มอลตา,เขตลาดพร้าว,1
มอลตา,อำเภอสัตหีบ,1
มอลตา,อำเภอกันทรวิชัย,1
มอลตา,อำเภอเกษตรสมบูรณ์,1
มอลตา,อำเภอขุนหาญ,1
มอลตา,อำเภอน้ำพอง,1
มอลตา,อำเภอทุ่งเสลี่ยม,1
มอลตา,อำเภอบ้านตาก,1
มอลตา,อำเภอเมืองปทุมธานี,1
มอลตา,อำเภอเกษตรวิสัย,1
มอลตา,เขตสวนหลวง,1
มอลตา,เขตจอมทอง,1
มอลตา,อำเภอแม่จัน,1
มอลตา,อำเภอบ้านฝาง,1
ยูเครน,อำเภอม่วงสามสิบ,5
ยูเครน,อำเภอคอนสวรรค์,3
ยูเครน,อำเภอเสลภูมิ,2
ยูเครน,อำเภอบ้านใหม่ไชยพจน์,2
ยูเครน,อำเภอแก้งคร้อ,2
ยูเครน,อำเภอเมืองลำพูน,2
ยูเครน,อำเภอเมืองขอนแก่น,2
ยูเครน,อำเภอบึงสามพัน,2
ยูเครน,อำเภอท่าบ่อ,2
ยูเครน,อำเภอบางระกำ,2
ยูเครน,อำเภอบ้านตาก,2
ยูเครน,อำเภอเมืองสมุทรปราการ,2
ยูเครน,อำเภอสูงเม่น,2
ยูเครน,อำเภอโป่งน้ำร้อน,2
ยูเครน,อำเภอแกลง,2
ยูเครน,อำเภอพล,2
ยูเครน,อำเภอเมืองนครศรีธรรมราช,2
ยูเครน,อำเภอธัญบุรี,2
ยูเครน,อำเภอพระสมุทรเจดีย์,2
ยูเครน,เขตหนองจอก,2
ยูเครน,อำเภอเมืองสุรินทร์,2
ยูเครน,อำเภอเมืองระยอง,2
ยูเครน,อำเภอกุมภวาปี,1
ยูเครน,อำเภอเบตง,1
ยูเครน,อำเภอปราณบุรี,1
ยูเครน,เขตลาดกระบัง,1
ยูเครน,อำเภอสามพราน,1
ยูเครน,อำเภอเมืองสุพรรณบุรี,1
ยูเครน,อำเภอเมืองแพร่,1
ยูเครน,อำเภอเวียงป่าเป้า,1
ยูเครน,อำเภอตาลสุม,1
ยูเครน,อำเภอรัตนวาปี,1
ยูเครน,อำเภอศรีสงคราม,1
ยูเครน,อำเภอแม่พริก,1
ยูเครน,อำเภอวังทอง,1
ยูเครน,อำเภอหล่มสัก,1
ยูเครน,อำเภอโพนพิสัย,1
ยูเครน,อำเภอเมืองประจวบคีรีขันธ์,1
ยูเครน,อำเภอสามชัย,1
ยูเครน,อำเภอเมืองเพชรบูรณ์,1
ยูเครน,เขตราชเทวี,1
ยูเครน,อำเภอถลาง,1
ยูเครน,อำเภอเมืองอุบลราชธานี,1
ยูเครน,อำเภอศรีมหาโพธิ,1
ยูเครน,อำเภอท่าฉาง,1
ยูเครน,อำเภอเมืองจันทบุรี,1
ยูเครน,อำเภอเมืองพิษณุโลก,1
ยูเครน,เขตวังทองหลาง,1
ยูเครน,อำเภอขาณุวรลักษบุรี,1
ยูเครน,เขตสวนหลวง,1
ยูเครน,เขตทุ่งครุ,1
ยูเครน,อำเภอบ้านดุง,1
ยูเครน,อำเภอเฉลิมพระเกียรติ,1
ยูเครน,อำเภอเกษตรวิสัย,1
ยูเครน,อำเภอเชียงแสน,1
ยูเครน,อำเภอท่าชนะ,1
ยูเครน,อำเภอกระบุรี,1
ยูเครน,อำเภอหนองนาคำ,1
ยูเครน,อำเภอเมืองนครราชสีมา,1
ยูเครน,อำเภอลำลูกกา,1
ยูเครน,อำเภอนากลาง,1
ยูเครน,อำเภอค้อวัง,1
ยูเครน,เขตบางขุนเทียน,1
ยูเครน,อำเภอเมืองนครสวรรค์,1
ยูเครน,อำเภอกระนวน,1
ยูเครน,อำเภออมก๋อย,1
ยูเครน,อำเภอแม่สรวย,1
ยูเครน,เขตบางกอกน้อย,1
ยูเครน,อำเภอท่าแพ,1
ยูเครน,เขตคันนายาว,1
ยูเครน,อำเภอบึงโขงหลง,1
ยูเครน,อำเภอปากเกร็ด,1
ยูเครน,อำเภอเมืองภูเก็ต,1
อุซเบกิสถาน,อำเภอยางตลาด,6
อุซเบกิสถาน,อำเภอเมืองสมุทรปราการ,3
อุซเบกิสถาน,อำเภอห้วยแถลง,3
อุซเบกิสถาน,อำเภอเมืองอุดรธานี,2
อุซเบกิสถาน,เขตพระโขนง,2
อุซเบกิสถาน,อำเภอโพนสวรรค์,2
อุซเบกิสถาน,อำเภอรัตนบุรี,2
อุซเบกิสถาน,เขตหนองแขม,2
อุซเบกิสถาน,อำเภอบ้านฝาง,2
อุซเบกิสถาน,อำเภอเมืองลพบุรี,2
สโลวีเนีย,อำเภอยางตลาด,6
สโลวีเนีย,อำเภอเมืองสมุทรปราการ,3
สโลวีเนีย,อำเภอห้วยแถลง,3
สโลวีเนีย,อำเภอบ้านฝาง,2
สโลวีเนีย,อำเภอรัตนบุรี,2
สโลวีเนีย,เขตหนองแขม,2
สโลวีเนีย,อำเภอเมืองลพบุรี,2
สโลวีเนีย,อำเภอโพนสวรรค์,2
สโลวีเนีย,อำเภอลำลูกกา,2
สโลวีเนีย,เขตพระโขนง,2
สโลวีเนีย,อำเภอเมืองอุดรธานี,2
สโลวีเนีย,อำเภอจุน,1
สโลวีเนีย,เขตบางบอน,1
สโลวีเนีย,อำเภอสีคิ้ว,1
สโลวีเนีย,อำเภอหนองเรือ,1
สโลวีเนีย,อำเภอคลองขลุง,1
สโลวีเนีย,อำเภอปากช่อง,1
สโลวีเนีย,อำเภอวานรนิวาส,1
สโลวีเนีย,อำเภอชุมพวง,1
สโลวีเนีย,อำเภอหล่มเก่า,1
สโลวีเนีย,อำเภอคำตากล้า,1
สโลวีเนีย,อำเภอฝาง,1
สโลวีเนีย,อำเภอลาดหลุมแก้ว,1
สโลวีเนีย,อำเภอวารินชำราบ,1
สโลวีเนีย,อำเภอวังโป่ง,1
สโลวีเนีย,อำเภอสันกำแพง,1
สโลวีเนีย,อำเภอลำปลายมาศ,1
สโลวีเนีย,อำเภอเนินมะปราง,1
สโลวีเนีย,อำเภอพิชัย,1
สโลวีเนีย,อำเภอแม่ออน,1
สโลวีเนีย,อำเภอหนองบัวแดง,1
สโลวีเนีย,อำเภอขุขันธ์,1
สโลวีเนีย,เขตคลองสามวา,1
สโลวีเนีย,เขตดินแดง,1
สโลวีเนีย,อำเภอพร้าว,1
สโลวีเนีย,อำเภอดอนเจดีย์,1
สโลวีเนีย,อำเภอบางละมุง,1
สโลวีเนีย,อำเภอกันทรลักษ์,1
สโลวีเนีย,อำเภอสากเหล็ก,1
สโลวีเนีย,อำเภอปากเกร็ด,1
สโลวีเนีย,อำเภอศรีบุญเรือง,1
สโลวีเนีย,อำเภอกุมภวาปี,1
สโลวีเนีย,อำเภอเมืองขอนแก่น,1
สโลวีเนีย,อำเภอไทรน้อย,1
สโลวีเนีย,อำเภอเมืองพิจิตร,1
สโลวีเนีย,เขตสวนหลวง,1
สโลวีเนีย,อำเภอเจริญศิลป์,1
สโลวีเนีย,อำเภอบางใหญ่,1
สโลวีเนีย,อำเภอคำชะอี,1
สโลวีเนีย,อำเภออู่ทอง,1
สโลวีเนีย,อำเภอคลองหลวง,1
สโลวีเนีย,อำเภอสัตหีบ,1
สโลวีเนีย,อำเภอกันทรวิชัย,1
สโลวีเนีย,อำเภอภูซาง,1
สโลวีเนีย,อำเภอโพธิ์ประทับช้าง,1
สโลวีเนีย,อำเภอบ้านไผ่,1
สโลวีเนีย,อำเภอโคกโพธิ์ไชย,1
สโลวีเนีย,อำเภอเวียงชัย,1
สโลวีเนีย,อำเภอเมืองสกลนคร,1
สโลวีเนีย,อำเภอทุ่งเสลี่ยม,18
สโลวีเนีย,อำเภอหนองบุญมาก,11
สโลวีเนีย,อำเภอเถิน,6
สโลวีเนีย,อำเภอเมืองพิษณุโลก,5
สโลวีเนีย,อำเภอบ้านตาก,5
สโลวีเนีย,อำเภอแม่พริก,5
สโลวีเนีย,อำเภอคง,2
สโลวีเนีย,อำเภอโพธิ์ตาก,2
สโลวีเนีย,อำเภอวังสะพุง,2
สโลวีเนีย,อำเภอเมืองนครราชสีมา,1
สโลวีเนีย,อำเภอสามเงา,1
สโลวีเนีย,อำเภอหนองสองห้อง,1
สโลวีเนีย,อำเภอเมืองปทุมธานี,1
สโลวีเนีย,อำเภอกุดจับ,1
สโลวีเนีย,อำเภอปักธงชัย,1
สโลวีเนีย,อำเภอเมืองเชียงใหม่,1
สโลวีเนีย,อำเภอน้ำพอง,1
สโลวีเนีย,อำเภอนาโพธิ์,1
สโลวีเนีย,อำเภอท่าวังผา,1
สโลวีเนีย,อำเภอสูงเนิน,1
สโลวีเนีย,อำเภอเมืองกำแพงเพชร,1
สโลวีเนีย,อำเภอสวรรคโลก,1
สโลวีเนีย,อำเภอสูงเม่น,1
สโลวีเนีย,อำเภอเฉลิมพระเกียรติ,1
สโลวีเนีย,อำเภอท่าบ่อ,1
มัลดีฟส์,อำเภอเมืองกาฬสินธุ์,3
มัลดีฟส์,อำเภอกันทรลักษ์,2
มัลดีฟส์,อำเภอเมืองเชียงราย,2
มัลดีฟส์,อำเภอตากฟ้า,2
มัลดีฟส์,อำเภอชุมพวง,2
มัลดีฟส์,อำเภอสันกำแพง,1
มัลดีฟส์,อำเภอพิมาย,1
มัลดีฟส์,อำเภอสบปราบ,1
มัลดีฟส์,อำเภอเมืองสมุทรปราการ,1
มัลดีฟส์,อำเภอหนองฮี,1
กัมพูชา,อำเภอถลาง,2
กัมพูชา,อำเภอองครักษ์,2
กัมพูชา,อำเภอเมืองนครราชสีมา,2
กัมพูชา,อำเภอเมืองเชียงราย,2
กัมพูชา,อำเภอเมืองชลบุรี,2
กัมพูชา,อำเภอเมืองสมุทรปราการ,2
กัมพูชา,อำเภอเมืองนครศรีธรรมราช,1
กัมพูชา,อำเภอชุมพลบุรี,1
กัมพูชา,อำเภอหนองหาน,1
กัมพูชา,อำเภอพร้าว,1
กัมพูชา,อำเภอช้างกลาง,1
กัมพูชา,อำเภอฉวาง,1
กัมพูชา,อำเภอแม่ริม,1
กัมพูชา,เขตตลิ่งชัน,1
กัมพูชา,อำเภอฮอด,1
กัมพูชา,อำเภอเมืองลำพูน,1
กัมพูชา,เขตบางแค,1
กัมพูชา,เขตพระนคร,1
กัมพูชา,อำเภอโพทะเล,1
กัมพูชา,เขตมีนบุรี,1
กัมพูชา,อำเภอทรายทองวัฒนา,1
กัมพูชา,อำเภอเมืองสุรินทร์,1
กัมพูชา,อำเภอเมืองเชียงใหม่,1
กัมพูชา,อำเภอวาปีปทุม,1
กัมพูชา,อำเภอมะขาม,1
กัมพูชา,อำเภอเมืองอุบลราชธานี,1
กัมพูชา,อำเภอเมืองนครสวรรค์,1
กัมพูชา,อำเภอภูเขียว,1
กัมพูชา,อำเภอไชยปราการ,1
กัมพูชา,อำเภอบ้านดุง,1
กัมพูชา,อำเภอฝาง,1
กัมพูชา,เขตจอมทอง,1
กัมพูชา,อำเภอยางตลาด,1
กัมพูชา,อำเภอเวียงเก่า,1
กัมพูชา,อำเภอแม่เมาะ,1
กัมพูชา,อำเภอไชยวาน,1
กัมพูชา,เขตดอนเมือง,1
กัมพูชา,อำเภอนิคมพัฒนา,1
กัมพูชา,อำเภอกมลาไสย,1
กัมพูชา,อำเภอเมืองปทุมธานี,1
กัมพูชา,เขตสายไหม,1
กัมพูชา,อำเภอเฝ้าไร่,1
กัมพูชา,อำเภอเชียงดาว,1
กัมพูชา,อำเภอละแม,1
กัมพูชา,อำเภอหัวหิน,1
กัมพูชา,อำเภอบางพลี,1
กัมพูชา,อำเภอหนองแค,1
กัมพูชา,อำเภอเมืองน่าน,1
กัมพูชา,อำเภอลำทะเมนชัย,1
กัมพูชา,อำเภอเวียงสา,1
กัมพูชา,เขตลาดกระบัง,1
กัมพูชา,อำเภอภูกามยาว,1
กัมพูชา,อำเภอธัญบุรี,1
กัมพูชา,อำเภอเมืองนนทบุรี,1
กัมพูชา,อำเภอสามพราน,1
กัมพูชา,อำเภอจะนะ,1
กัมพูชา,เขตคันนายาว,1
กัมพูชา,อำเภอลี้,1
กัมพูชา,อำเภอสารภี,1
กัมพูชา,อำเภอเมืองนครปฐม,1
กัมพูชา,อำเภอเมืองกาฬสินธุ์,3
กัมพูชา,อำเภอกันทรลักษ์,2
กัมพูชา,อำเภอชุมพวง,2
กัมพูชา,อำเภอตากฟ้า,2
กัมพูชา,อำเภอสันกำแพง,1
กัมพูชา,อำเภอพิมาย,1
กัมพูชา,อำเภอสบปราบ,1
กัมพูชา,อำเภอโนนสัง,1
กัมพูชา,อำเภอบางละมุง,1
กัมพูชา,เขตบางรัก,1
กัมพูชา,อำเภอตระการพืชผล,1
กัมพูชา,อำเภอเรณูนคร,1
กัมพูชา,อำเภอบางระกำ,1
กัมพูชา,อำเภอเมืองสมุทรปราการ,1
กัมพูชา,อำเภอเมืองจันทบุรี,1
กัมพูชา,อำเภอประโคนชัย,1
กัมพูชา,อำเภอพนมดงรัก,1
กัมพูชา,อำเภอปลวกแดง,1
กัมพูชา,อำเภอบ้านบึง,1
กัมพูชา,อำเภอเมืองอุดรธานี,1
กัมพูชา,อำเภอศรีรัตนะ,1
กัมพูชา,อำเภอลำลูกกา,1
กัมพูชา,อำเภอเขาวง,1
กัมพูชา,อำเภอภูเวียง,1
กัมพูชา,อำเภอคลองหลวง,1
กัมพูชา,อำเภอบางกระทุ่ม,1
กัมพูชา,อำเภอขุขันธ์,1
กัมพูชา,อำเภอพลับพลาชัย,1
กัมพูชา,อำเภอหนองฮี,1
กัมพูชา,อำเภอสันติสุข,1
กัมพูชา,อำเภอโพนทอง,1
กัมพูชา,อำเภอเมืองชุมพร,1
กัมพูชา,อำเภอราษีไศล,1
กัมพูชา,อำเภอรัตนวาปี,1
กัมพูชา,อำเภอสว่างแดนดิน,1
กัมพูชา,อำเภอพรรณานิคม,1
กัมพูชา,อำเภอสันป่าตอง,1
กัมพูชา,อำเภอปรางค์กู่,1
กัมพูชา,อำเภอเมืองพิษณุโลก,1
กัมพูชา,อำเภอแวงน้อย,1
กัมพูชา,อำเภอหนองกี่,1
กัมพูชา,อำเภอกระสัง,1
กัมพูชา,อำเภอร่อนพิบูลย์,1
กัมพูชา,อำเภอเมืองฉะเชิงเทรา,1
กัมพูชา,อำเภอกุดชุม,1
กัมพูชา,อำเภอโคกโพธิ์ไชย,1
กัมพูชา,อำเภออุทุมพรพิสัย,1
กัมพูชา,อำเภอเมืองอำนาจเจริญ,1
กัมพูชา,อำเภอศรีราชา,1
กัมพูชา,อำเภอเวียงป่าเป้า,1
กัมพูชา,อำเภอพระทองคำ,1
กัมพูชา,อำเภอเมืองสงขลา,1
กัมพูชา,อำเภอตะพานหิน,1
กัมพูชา,เขตพระโขนง,1
กัมพูชา,อำเภอปาย,1
กัมพูชา,อำเภอเสลภูมิ,1
กัมพูชา,อำเภอสัตหีบ,1
กัมพูชา,อำเภอพระยืน,1
กัมพูชา,อำเภอถลาง,1
กัมพูชา,อำเภอเมืองขอนแก่น,1
กัมพูชา,อำเภอเมืองนครราชสีมา,1
ซูดานใต้,อำเภอเมืองลพบุรี,5
ซูดานใต้,อำเภอสารภี,3
ซูดานใต้,อำเภอนางรอง,3
ซูดานใต้,อำเภอพนมสารคาม,3
ซูดานใต้,อำเภอศรีราชา,2
ซูดานใต้,อำเภอบางคล้า,2
ซูดานใต้,อำเภอแปลงยาว,2
ซูดานใต้,อำเภอแม่พริก,2
ซูดานใต้,อำเภอบ้านฉาง,2
ซูดานใต้,อำเภอมหาราช,1
ซูดานใต้,อำเภอสุวรรณคูหา,1
ซูดานใต้,อำเภอโนนสูง,1
ซูดานใต้,อำเภอพัฒนานิคม,1
ซูดานใต้,อำเภอดอนพุด,1
ซูดานใต้,เขตลาดพร้าว,1
ซูดานใต้,อำเภอปากพลี,1
ซูดานใต้,อำเภอลำลูกกา,1
ซูดานใต้,อำเภอโนนนารายณ์,1
ซูดานใต้,อำเภอขุขันธ์,1
ซูดานใต้,อำเภอทุ่งเสลี่ยม,1
ซูดานใต้,อำเภอหาดใหญ่,1
ซูดานใต้,อำเภอเมืองหนองคาย,1
ซูดานใต้,อำเภอบ้านโพธิ์,1
ซูดานใต้,เขตทุ่งครุ,1
ซูดานใต้,อำเภอผาขาว,1
ซูดานใต้,อำเภอเมืองสระแก้ว,1
ซูดานใต้,อำเภอศรีสำโรง,1
ซูดานใต้,เขตบางนา,1
ซูดานใต้,อำเภอศรีเทพ,1
ซูดานใต้,อำเภอบางน้ำเปรี้ยว,1
ซูดานใต้,อำเภอตากฟ้า,1
ซูดานใต้,อำเภอเมืองมหาสารคาม,1
ซูดานใต้,เขตบางแค,1
ซูดานใต้,อำเภอเมืองนครนายก,1
ซูดานใต้,อำเภอเมืองสมุทรปราการ,1
ซูดานใต้,อำเภอบางสะพาน,1
ซูดานใต้,เขตห้วยขวาง,1
ซูดานใต้,อำเภอลำดวน,1
ซูดานใต้,อำเภอลานกระบือ,1
ซูดานใต้,อำเภอศรีสัชนาลัย,1
ซูดานใต้,อำเภอไชโย,1
ซูดานใต้,อำเภอเมืองลำพูน,1
ซูดานใต้,อำเภอด่านขุนทด,1
ซูดานใต้,อำเภอคลองหลวง,1
ซูดานใต้,อำเภอบางปะอิน,1
ซูดานใต้,อำเภอบางปะหัน,1
ซูดานใต้,อำเภอเมืองสระบุรี,1
สโลวาเกีย,อำเภอนากลาง,4
สโลวาเกีย,อำเภอปราสาท,3
สโลวาเกีย,อำเภอคง,3
สโลวาเกีย,อำเภอโกรกพระ,3
สโลวาเกีย,อำเภอเมืองสระแก้ว,2
สโลวาเกีย,อำเภอเมืองอุดรธานี,2
สโลวาเกีย,อำเภอบ้านตาก,2
สโลวาเกีย,อำเภอเมืองนครสวรรค์,2
สโลวาเกีย,อำเภอบ้านเขว้า,1
สโลวาเกีย,อำเภอบ้านดุง,1
โมร็อกโก,อำเภอหนองสองห้อง,2
โมร็อกโก,อำเภอพลับพลาชัย,2
โมร็อกโก,อำเภอกุมภวาปี,2
โมร็อกโก,อำเภอบางพลี,2
โมร็อกโก,เขตบางเขน,2
โมร็อกโก,อำเภอกระนวน,1
โมร็อกโก,อำเภอสันป่าตอง,1
โมร็อกโก,อำเภอหนองแสง,1
โมร็อกโก,อำเภอเดชอุดม,1
โมร็อกโก,อำเภอทุ่งฝน,1
โมร็อกโก,อำเภอโพนทราย,1
โมร็อกโก,อำเภอไพรบึง,1
โมร็อกโก,อำเภอทุ่งศรีอุดม,1
โมร็อกโก,อำเภอขามสะแกแสง,1
โมร็อกโก,อำเภอปทุมรัตต์,1
โมร็อกโก,อำเภอเอราวัณ,1
โมร็อกโก,อำเภอโพนทอง,1
โมร็อกโก,อำเภอจัตุรัส,1
โมร็อกโก,อำเภอลานกระบือ,1
โมร็อกโก,อำเภอปะเหลียน,1
โมร็อกโก,อำเภอแวงใหญ่,1
โมร็อกโก,อำเภอเมืองยโสธร,1
โมร็อกโก,อำเภอศรีสงคราม,1
โมร็อกโก,อำเภอขามทะเลสอ,1
โมร็อกโก,อำเภอวังสามหมอ,1
โมร็อกโก,อำเภอน้ำพอง,1
โมร็อกโก,อำเภอศรีสำโรง,1
โมร็อกโก,อำเภอสันกำแพง,1
โมร็อกโก,อำเภอบางระกำ,1
โมร็อกโก,อำเภอหาดใหญ่,1
โมร็อกโก,อำเภอเมืองอุดรธานี,1
โมร็อกโก,อำเภอตระการพืชผล,1
โมร็อกโก,อำเภอตาพระยา,1
โมร็อกโก,อำเภอสร้างคอม,1
โมร็อกโก,อำเภอเชียงแสน,1
โมร็อกโก,อำเภอบางคล้า,1
โมร็อกโก,อำเภอปากช่อง,1
โมร็อกโก,อำเภอสังขะ,1
โมร็อกโก,อำเภอวังทอง,1
โมร็อกโก,อำเภอพล,1
โมร็อกโก,อำเภอบัวเชด,1
โมร็อกโก,อำเภอกันทรวิชัย,1
โมร็อกโก,อำเภอนายูง,1
โมร็อกโก,อำเภอปากเกร็ด,1
โมร็อกโก,อำเภอเมืองนครราชสีมา,1
โมร็อกโก,อำเภอสะเดา,1
โมร็อกโก,เขตสวนหลวง,1
โมร็อกโก,อำเภอรัตภูมิ,1
โมร็อกโก,อำเภอศรีบุญเรือง,1
โมร็อกโก,อำเภอบ้านหมี่,1
โมร็อกโก,อำเภอโคกโพธิ์ไชย,1
โมร็อกโก,อำเภอเมืองภูเก็ต,1
สหราชอาณาจักร,อำเภอนาดูน,2
สหราชอาณาจักร,อำเภอพุทไธสง,2
สหราชอาณาจักร,อำเภอแคนดง,2
สหราชอาณาจักร,อำเภอกบินทร์บุรี,2
สหราชอาณาจักร,อำเภอแก้งสนามนาง,1
สหราชอาณาจักร,อำเภอกระทุ่มแบน,1
สหราชอาณาจักร,อำเภอศรีเชียงใหม่,1
สหราชอาณาจักร,อำเภอบัวใหญ่,1
สหราชอาณาจักร,อำเภอสูงเม่น,1
สหราชอาณาจักร,อำเภอเมืองฉะเชิงเทรา,1
สหราชอาณาจักร,อำเภอเมืองสระแก้ว,1
สหราชอาณาจักร,อำเภอขุขันธ์,1
สหราชอาณาจักร,อำเภอแหลมสิงห์,1
สหราชอาณาจักร,อำเภอนามน,1
สหราชอาณาจักร,อำเภอเมืองอุดรธานี,1
สหราชอาณาจักร,อำเภอนางรอง,1
สหราชอาณาจักร,อำเภอเมืองชลบุรี,1
สหราชอาณาจักร,อำเภอนาจะหลวย,1
สหราชอาณาจักร,อำเภอห้วยแถลง,1
สหราชอาณาจักร,อำเภอกะปง,1
สหราชอาณาจักร,อำเภอบ้านผือ,1
สหราชอาณาจักร,อำเภอกะทู้,1
สหราชอาณาจักร,อำเภอกระนวน,1
สหราชอาณาจักร,อำเภอเชียงม่วน,1
สหราชอาณาจักร,เขตหนองแขม,1
สหราชอาณาจักร,อำเภอพญาเม็งราย,1
สหราชอาณาจักร,อำเภอเมืองสุรินทร์,1
สหราชอาณาจักร,อำเภอผักไห่,1
สหราชอาณาจักร,อำเภอสามพราน,1
สหราชอาณาจักร,อำเภอเมืองสมุทรสาคร,1
สหราชอาณาจักร,เขตบางคอแหลม,1
สหราชอาณาจักร,อำเภอบางปลาม้า,1
สหราชอาณาจักร,อำเภอเมืองหนองคาย,1
สหราชอาณาจักร,อำเภอกุดข้าวปุ้น,1
สหราชอาณาจักร,อำเภอยางสีสุราช,1
สหราชอาณาจักร,อำเภอบรรพตพิสัย,1
สหราชอาณาจักร,อำเภอบางกรวย,1
สหราชอาณาจักร,อำเภอเมืองเชียงใหม่,1
สหราชอาณาจักร,อำเภอบางกระทุ่ม,1
สหราชอาณาจักร,อำเภอปักธงชัย,1
สหราชอาณาจักร,อำเภอบางบัวทอง,1
สหราชอาณาจักร,อำเภอห้วยกระเจา,1
สหราชอาณาจักร,อำเภอโกรกพระ,1
สหราชอาณาจักร,อำเภอเฉลิมพระเกียรติ,1
สหราชอาณาจักร,อำเภอแม่ฟ้าหลวง,1
สหราชอาณาจักร,อำเภอแม่ใจ,1
สหราชอาณาจักร,เขตลาดพร้าว,1
สหราชอาณาจักร,เขตคันนายาว,1
โมซัมบิก,อำเภอเมืองเชียงราย,3
โมซัมบิก,อำเภอพระสมุทรเจดีย์,2
โมซัมบิก,อำเภอถลาง,2
โมซัมบิก,เขตสายไหม,2
โมซัมบิก,อำเภอกันทรลักษ์,1
โมซัมบิก,อำเภอเมืองลพบุรี,1
โมซัมบิก,อำเภอเมืองขอนแก่น,1
โมซัมบิก,อำเภอสัตหีบ,1
โมซัมบิก,เขตลาดกระบัง,1
โมซัมบิก,อำเภอเมืองสุพรรณบุรี,1
โมซัมบิก,เขตสะพานสูง,1
โมซัมบิก,อำเภอเมืองนครราชสีมา,1
โมซัมบิก,เขตทุ่งครุ,1
โมซัมบิก,อำเภอน้ำโสม,1
โมซัมบิก,อำเภอเมืองสระบุรี,1
โมซัมบิก,เขตบางขุนเทียน,1
โมซัมบิก,อำเภอสูงเนิน,1
โมซัมบิก,อำเภอกันทรารมย์,1
โมซัมบิก,อำเภอวังสามหมอ,1
โมซัมบิก,อำเภอปากชม,1
โมซัมบิก,อำเภอบางระกำ,1
โมซัมบิก,เขตปทุมวัน,1
โมซัมบิก,อำเภอโนนสูง,1
โมซัมบิก,อำเภอบ้านใหม่ไชยพจน์,1
โมซัมบิก,อำเภอไชยา,1
โมซัมบิก,เขตบางนา,1
โมซัมบิก,อำเภอเมืองกาญจนบุรี,1
โมซัมบิก,อำเภอเมืองสมุทรสงคราม,1
โมซัมบิก,เขตประเวศ,1
โมซัมบิก,อำเภอเกาะสมุย,1
โมซัมบิก,อำเภอวิเชียรบุรี,1
โมซัมบิก,เขตมีนบุรี,1
โมซัมบิก,เขตดินแดง,1
โมซัมบิก,อำเภอหล่มสัก,1
โมซัมบิก,อำเภอแม่ลาน้อย,1
โมซัมบิก,อำเภอวาปีปทุม,1
โมซัมบิก,อำเภอหนองหาน,1
โมซัมบิก,อำเภอสามชุก,1
โมซัมบิก,อำเภอกุมภวาปี,1
โมซัมบิก,เขตคลองสามวา,1
โมซัมบิก,อำเภอสารภี,1
โมซัมบิก,อำเภอป่าติ้ว,1
โมซัมบิก,เขตภาษีเจริญ,1
เซอร์เบีย,อำเภอเมืองเชียงราย,3
เซอร์เบีย,เขตสายไหม,2
เซอร์เบีย,อำเภอพระสมุทรเจดีย์,2
เซอร์เบีย,อำเภอถลาง,2
เซอร์เบีย,อำเภอกันทรลักษ์,1
เซอร์เบีย,อำเภอเมืองลพบุรี,1
เซอร์เบีย,อำเภอเมืองขอนแก่น,1
เซอร์เบีย,อำเภอน้ำโสม,1
เซอร์เบีย,เขตบางนา,1
เซอร์เบีย,เขตทุ่งครุ,1
เซอร์เบีย,อำเภอแม่พริก,5
เซอร์เบีย,อำเภอบ้านตาก,3
เซอร์เบีย,อำเภอไทรงาม,3
เซอร์เบีย,อำเภอเถิน,3
เซอร์เบีย,อำเภอแม่วงก์,2
เซอร์เบีย,อำเภอแม่จัน,1
เซอร์เบีย,อำเภอเชียงกลาง,1
เซอร์เบีย,อำเภอศรีสำโรง,1
เซอร์เบีย,อำเภอเมืองลำพูน,1
เซอร์เบีย,อำเภอเมืองเชียงใหม่,1
กรีนแลนด์,อำเภอแม่พริก,5
กรีนแลนด์,อำเภอไทรงาม,3
กรีนแลนด์,อำเภอบ้านตาก,3
กรีนแลนด์,อำเภอเถิน,3
กรีนแลนด์,อำเภอแม่วงก์,2
กรีนแลนด์,อำเภอโพธิ์ตาก,1
กรีนแลนด์,อำเภอไพศาลี,1
กรีนแลนด์,อำเภอแม่จัน,1
กรีนแลนด์,อำเภอบ้านด่านลานหอย,1
กรีนแลนด์,อำเภอคำเขื่อนแก้ว,1
กรีนแลนด์,อำเภอเมืองนครพนม,1
กรีนแลนด์,อำเภอท่าปลา,1
กรีนแลนด์,อำเภออินทร์บุรี,1
กรีนแลนด์,อำเภอศรีสำโรง,1
กรีนแลนด์,อำเภอเชียงกลาง,1
กรีนแลนด์,อำเภอบ้านผือ,1
กรีนแลนด์,อำเภอบางพลี,1
กรีนแลนด์,อำเภอเมืองระยอง,1
กรีนแลนด์,อำเภอเกาะคา,1
กรีนแลนด์,อำเภอเมืองตาก,1
กรีนแลนด์,อำเภอสีคิ้ว,1
กรีนแลนด์,อำเภอสันทราย,1
กรีนแลนด์,อำเภอโนนสัง,1
กรีนแลนด์,อำเภอโซ่พิสัย,1
กรีนแลนด์,อำเภอเอราวัณ,1
กรีนแลนด์,อำเภอสามเงา,1
กรีนแลนด์,อำเภอปลวกแดง,1
กรีนแลนด์,อำเภอหนองเรือ,1
กรีนแลนด์,อำเภอศรีราชา,1
กรีนแลนด์,อำเภอท่าม่วง,1
กรีนแลนด์,อำเภอโพนทอง,1
กรีนแลนด์,อำเภอเขาสมิง,1
กรีนแลนด์,อำเภอเมืองลำพูน,1
กรีนแลนด์,อำเภอเมืองเชียงใหม่,1
กรีนแลนด์,เขตคลองเตย,1
กรีนแลนด์,อำเภอเมืองสุรินทร์,6
กรีนแลนด์,อำเภอเมืองชลบุรี,2
กรีนแลนด์,อำเภอแก้งคร้อ,2
กรีนแลนด์,อำเภอพุทไธสง,2
กรีนแลนด์,อำเภอสตึก,1
กรีนแลนด์,เขตมีนบุรี,1
กรีนแลนด์,อำเภอพังโคน,1
กรีนแลนด์,อำเภอกุมภวาปี,1
กรีนแลนด์,อำเภอไทยเจริญ,1
กรีนแลนด์,อำเภอชุมพวง,1
กรีนแลนด์,อำเภอคง,1
กรีนแลนด์,อำเภอแม่อาย,1
กรีนแลนด์,อำเภอหัวหิน,1
กรีนแลนด์,อำเภอหนองสองห้อง,1
กรีนแลนด์,อำเภอกุดชุม,1
กรีนแลนด์,อำเภอเมืองสรวง,1
กรีนแลนด์,อำเภอหางดง,1
กรีนแลนด์,อำเภอลี้,1
กรีนแลนด์,อำเภอแม่แจ่ม,1
กรีนแลนด์,อำเภอถลาง,1
กรีนแลนด์,อำเภอเกษตรสมบูรณ์,1
กรีนแลนด์,อำเภอเมืองลำปาง,1
กรีนแลนด์,อำเภอสว่างวีระวงศ์,1
กรีนแลนด์,อำเภอบางบัวทอง,1
กรีนแลนด์,อำเภอเมืองสระแก้ว,1
กรีนแลนด์,อำเภอศีขรภูมิ,1
กรีนแลนด์,อำเภอม่วงสามสิบ,1
กรีนแลนด์,อำเภอลาดหลุมแก้ว,1
กรีนแลนด์,อำเภอคลองขลุง,1
กรีนแลนด์,อำเภอน้ำหนาว,1
กรีนแลนด์,อำเภอเมืองนนทบุรี,1
กรีนแลนด์,อำเภอวังหิน,1
กรีนแลนด์,อำเภอกมลาไสย,1
กรีนแลนด์,อำเภอเมืองสมุทรสาคร,1
ปาปัวนิวกินี,อำเภอเมืองสุรินทร์,6
ปาปัวนิวกินี,อำเภอพุทไธสง,2
ปาปัวนิวกินี,อำเภอเมืองชลบุรี,2
ปาปัวนิวกินี,อำเภอแก้งคร้อ,2
ปาปัวนิวกินี,อำเภอสตึก,1
ปาปัวนิวกินี,เขตมีนบุรี,1
ปาปัวนิวกินี,อำเภอหัวหิน,1
ปาปัวนิวกินี,อำเภอหางดง,1
ปาปัวนิวกินี,อำเภอแม่อาย,1
ปาปัวนิวกินี,อำเภอเมืองนนทบุรี,1
ไนจีเรีย,อำเภอห้วยแถลง,3
ไนจีเรีย,อำเภอโนนไทย,2
ไนจีเรีย,อำเภอสังขะ,2
ไนจีเรีย,อำเภอเขาฉกรรจ์,2
ไนจีเรีย,อำเภอบางระกำ,2
ไนจีเรีย,เขตหนองแขม,1
ไนจีเรีย,อำเภอเมืองสมุทรปราการ,1
ไนจีเรีย,เขตบางกะปิ,1
ไนจีเรีย,อำเภอวัฒนานคร,1
ไนจีเรีย,อำเภอโคกสูง,1
ไนจีเรีย,อำเภอเมืองสุรินทร์,1
ไนจีเรีย,อำเภอเมืองหนองบัวลำภู,1
ไนจีเรีย,อำเภอน้ำพอง,1
ไนจีเรีย,อำเภอปราสาท,1
ไนจีเรีย,อำเภอพนมสารคาม,1
ไนจีเรีย,อำเภอบรบือ,1
ไนจีเรีย,เขตบางแค,1
ไนจีเรีย,อำเภอพนัสนิคม,1
ไนจีเรีย,อำเภอสทิงพระ,1
ไนจีเรีย,อำเภอคลองหลวง,1
ไนจีเรีย,อำเภอชะอำ,1
ไนจีเรีย,อำเภอเดชอุดม,1
ไนจีเรีย,อำเภอพิมาย,1
ไนจีเรีย,อำเภอส่องดาว,1
ไนจีเรีย,เขตบางขุนเทียน,1
ไนจีเรีย,อำเภอเมืองเพชรบูรณ์,1
ไนจีเรีย,อำเภอจอมพระ,1
ไนจีเรีย,อำเภองาว,1
ไนจีเรีย,อำเภอบางสะพานน้อย,1
ไนจีเรีย,อำเภอพรเจริญ,1
ไนจีเรีย,อำเภอท่าเรือ,1
ไนจีเรีย,เขตราชเทวี,1
ไนจีเรีย,อำเภอแม่สาย,1
ไนจีเรีย,อำเภอเมืองศรีสะเกษ,1
ไนจีเรีย,อำเภอกุดชุม,1
อียิปต์,อำเภอบางละมุง,8
อียิปต์,อำเภอเมืองหนองคาย,3
อียิปต์,อำเภอเมืองนนทบุรี,3
อียิปต์,อำเภอทุ่งเสลี่ยม,2
อียิปต์,อำเภอหนองแสง,2
อียิปต์,อำเภอศรีเชียงใหม่,2
อียิปต์,อำเภอชุมแสง,2
อียิปต์,อำเภอแก่งคอย,2
อียิปต์,เขตคลองเตย,1
อียิปต์,อำเภอเขมราฐ,1
อียิปต์,เขตสัมพันธวงศ์,1
อียิปต์,อำเภอแม่จัน,1
อียิปต์,อำเภอคลองหลวง,1
อียิปต์,อำเภอไพศาลี,1
อียิปต์,อำเภอสระใคร,1
อียิปต์,เขตลาดพร้าว,1
อียิปต์,อำเภอหนองกี่,1
อียิปต์,อำเภอท่าตูม,1
อียิปต์,อำเภอละหานทราย,1
อียิปต์,อำเภอชะอำ,1
อียิปต์,อำเภอด่านขุนทด,1
อียิปต์,อำเภอสุวรรณคูหา,1
อียิปต์,อำเภอทุ่งศรีอุดม,1
อียิปต์,อำเภอเมืองสมุทรปราการ,1
อียิปต์,อำเภอเมืองอุดรธานี,1
อียิปต์,อำเภอโพทะเล,4
อียิปต์,อำเภอพานทอง,3
อียิปต์,อำเภอพยุหะคีรี,2
อียิปต์,อำเภอบางกรวย,2
อียิปต์,อำเภอพิชัย,2
อียิปต์,อำเภอเมืองระยอง,2
อียิปต์,อำเภอเมืองเพชรบูรณ์,2
อียิปต์,อำเภอสบปราบ,1
อียิปต์,อำเภอเมืองตาก,1
อียิปต์,อำเภอเชียงกลาง,1
อียิปต์,อำเภอสันทราย,1
อียิปต์,อำเภอลำทะเมนชัย,1
อียิปต์,อำเภอบ้านกรวด,1
อียิปต์,อำเภอปราสาท,1
อียิปต์,อำเภอลำลูกกา,1
อียิปต์,อำเภอนครไทย,1
อียิปต์,อำเภอกบินทร์บุรี,1
อียิปต์,อำเภอเมืองนครราชสีมา,1
อียิปต์,อำเภอบางบ่อ,1
อียิปต์,อำเภอตากฟ้า,1
อียิปต์,อำเภอหนองมะโมง,1
อียิปต์,อำเภอพัฒนานิคม,1
อียิปต์,อำเภอเดิมบางนางบวช,1
อียิปต์,อำเภอสามง่าม,1
อียิปต์,อำเภอวังม่วง,1
อียิปต์,อำเภอลำปลายมาศ,1
อียิปต์,เขตบางกะปิ,1
อียิปต์,อำเภอพระสมุทรเจดีย์,1
เบอร์มิวดา,อำเภอแก้งคร้อ,6
เบอร์มิวดา,อำเภอหนองหาน,2
เบอร์มิวดา,อำเภอธาตุพนม,2
เบอร์มิวดา,อำเภอลำลูกกา,1
เบอร์มิวดา,อำเภอพิมาย,1
เบอร์มิวดา,อำเภอสัตหีบ,1
เบอร์มิวดา,อำเภอศรีมหาโพธิ,1
เบอร์มิวดา,อำเภอหนองสองห้อง,1
เบอร์มิวดา,อำเภอทับคล้อ,1
เบอร์มิวดา,อำเภอปักธงชัย,1
เบอร์มิวดา,เขตบางกะปิ,1
เบอร์มิวดา,อำเภอสว่างแดนดิน,1
เบอร์มิวดา,อำเภอผาขาว,1
เบอร์มิวดา,อำเภอกระสัง,1
เบอร์มิวดา,อำเภอเมืองมุกดาหาร,1
เบอร์มิวดา,เขตดอนเมือง,1
เบอร์มิวดา,อำเภอภูเขียว,1
เบอร์มิวดา,อำเภอจตุรพักตรพิมาน,1
เบอร์มิวดา,อำเภอหางดง,1
เบอร์มิวดา,อำเภอเมืองสกลนคร,1
เบอร์มิวดา,อำเภอวานรนิวาส,1
เบอร์มิวดา,อำเภอเถิน,1
เบอร์มิวดา,อำเภอพล,1
เบอร์มิวดา,อำเภอเกาะคา,1
เบอร์มิวดา,อำเภอบ้านไผ่,1
เบอร์มิวดา,อำเภอหนองหงส์,1
เบอร์มิวดา,อำเภอเมืองชัยภูมิ,1
เบอร์มิวดา,อำเภอเมืองหนองคาย,1
เบอร์มิวดา,อำเภอโชคชัย,1
เบอร์มิวดา,อำเภอครบุรี,1
เบอร์มิวดา,อำเภอดำเนินสะดวก,1
เบอร์มิวดา,อำเภอกระทุ่มแบน,1
เบอร์มิวดา,อำเภอเขวาสินรินทร์,1
หมู่เกาะนอร์เทิร์นมาเรียนา,เขตจตุจักร,2
หมู่เกาะนอร์เทิร์นมาเรียนา,อำเภอชะอำ,2
หมู่เกาะนอร์เทิร์นมาเรียนา,อำเภอพระนครศรีอยุธยา,2
หมู่เกาะนอร์เทิร์นมาเรียนา,อำเภอเมืองชลบุรี,1
หมู่เกาะนอร์เทิร์นมาเรียนา,อำเภอยางตลาด,1
หมู่เกาะนอร์เทิร์นมาเรียนา,อำเภอกุดชุม,1
หมู่เกาะนอร์เทิร์นมาเรียนา,อำเภอเมืองกระบี่,1
หมู่เกาะนอร์เทิร์นมาเรียนา,อำเภอเมืองลพบุรี,1
หมู่เกาะนอร์เทิร์นมาเรียนา,เขตลาดพร้าว,1
หมู่เกาะนอร์เทิร์นมาเรียนา,อำเภอวังสามหมอ,1
หมู่เกาะนอร์เทิร์นมาเรียนา,อำเภอหางดง,1
หมู่เกาะนอร์เทิร์นมาเรียนา,เขตวังทองหลาง,1
หมู่เกาะนอร์เทิร์นมาเรียนา,อำเภอบ้านลาด,1
หมู่เกาะนอร์เทิร์นมาเรียนา,อำเภอบางปะกง,1
หมู่เกาะนอร์เทิร์นมาเรียนา,อำเภอพระสมุทรเจดีย์,1
หมู่เกาะนอร์เทิร์นมาเรียนา,อำเภอกุมภวาปี,1
หมู่เกาะนอร์เทิร์นมาเรียนา,อำเภอเมืองขอนแก่น,1
หมู่เกาะนอร์เทิร์นมาเรียนา,อำเภอลาดหลุมแก้ว,1
หมู่เกาะนอร์เทิร์นมาเรียนา,อำเภอเมืองชุมพร,1
หมู่เกาะนอร์เทิร์นมาเรียนา,อำเภอเมืองนครราชสีมา,1
หมู่เกาะนอร์เทิร์นมาเรียนา,อำเภอหัวหิน,1
หมู่เกาะนอร์เทิร์นมาเรียนา,อำเภอเมืองจันทบุรี,1
หมู่เกาะนอร์เทิร์นมาเรียนา,อำเภอเมืองเพชรบุรี,1
หมู่เกาะนอร์เทิร์นมาเรียนา,อำเภอบางพลี,1
หมู่เกาะนอร์เทิร์นมาเรียนา,อำเภอเกาะลันตา,1
หมู่เกาะนอร์เทิร์นมาเรียนา,อำเภอเมืองอุดรธานี,1
หมู่เกาะนอร์เทิร์นมาเรียนา,อำเภอม่วงสามสิบ,1
หมู่เกาะนอร์เทิร์นมาเรียนา,อำเภอแม่สอด,1
หมู่เกาะนอร์เทิร์นมาเรียนา,อำเภอบางบาล,1
หมู่เกาะนอร์เทิร์นมาเรียนา,อำเภอเมืองพิษณุโลก,1
หมู่เกาะนอร์เทิร์นมาเรียนา,อำเภอบางบัวทอง,1
หมู่เกาะนอร์เทิร์นมาเรียนา,อำเภอเมืองพะเยา,1
หมู่เกาะนอร์เทิร์นมาเรียนา,อำเภอคง,1
หมู่เกาะนอร์เทิร์นมาเรียนา,อำเภอเมืองสมุทรปราการ,1
หมู่เกาะนอร์เทิร์นมาเรียนา,อำเภอลำลูกกา,1
ลัตเวีย,อำเภอแก้งคร้อ,6
ลัตเวีย,อำเภอหนองหาน,2
ลัตเวีย,อำเภอธาตุพนม,2
ลัตเวีย,อำเภอลำลูกกา,1
ลัตเวีย,อำเภอพิมาย,1
ลัตเวีย,อำเภอสัตหีบ,1
ลัตเวีย,อำเภอผาขาว,1
ลัตเวีย,เขตดอนเมือง,1
ลัตเวีย,อำเภอสว่างแดนดิน,1
ลัตเวีย,อำเภอครบุรี,1
บัลแกเรีย,อำเภอธาตุพนม,6
บัลแกเรีย,อำเภอเขื่องใน,3
บัลแกเรีย,อำเภอโนนนารายณ์,2
บัลแกเรีย,อำเภออุบลรัตน์,2
บัลแกเรีย,เขตบางบอน,2
บัลแกเรีย,อำเภอนางรอง,2
บัลแกเรีย,อำเภอห้วยเม็ก,1
บัลแกเรีย,อำเภอพุนพิน,1
บัลแกเรีย,อำเภอเมืองสระแก้ว,1
บัลแกเรีย,อำเภอพล,1
บัลแกเรีย,อำเภอไพรบึง,1
บัลแกเรีย,อำเภอสีคิ้ว,1
บัลแกเรีย,อำเภอสุขสำราญ,1
บัลแกเรีย,อำเภอจัตุรัส,1
บัลแกเรีย,อำเภอเมืองศรีสะเกษ,1
บัลแกเรีย,อำเภอสำโรง,1
บัลแกเรีย,อำเภอครบุรี,1
บัลแกเรีย,อำเภอเมืองพิจิตร,1
บัลแกเรีย,อำเภอศีขรภูมิ,1
บัลแกเรีย,เขตหนองแขม,1
บัลแกเรีย,อำเภอเมืองนครพนม,1
บัลแกเรีย,อำเภอด่านขุนทด,1
บัลแกเรีย,อำเภอหนองกี่,1
บัลแกเรีย,อำเภอถลาง,1
บัลแกเรีย,อำเภอบ้านนา,1
เลบานอน,อำเภอนครชัยศรี,3
เลบานอน,อำเภอเมืองอุดรธานี,2
เลบานอน,อำเภอวานรนิวาส,1
เลบานอน,อำเภอเสลภูมิ,1
เลบานอน,อำเภอวังน้อย,1
เลบานอน,อำเภอสวนผึ้ง,1
เลบานอน,อำเภออากาศอำนวย,1
เลบานอน,อำเภอพิมาย,1
เลบานอน,อำเภอเสนา,1
เลบานอน,อำเภอเกษตรวิสัย,1
เลบานอน,อำเภอเมืองบึงกาฬ,1
เลบานอน,อำเภอบ้านโป่ง,1
เลบานอน,อำเภอสร้างคอม,1
เลบานอน,อำเภอพรรณานิคม,1
เลบานอน,อำเภอศรีสงคราม,1
เลบานอน,อำเภอสหัสขันธ์,1
เลบานอน,อำเภอคง,1
เลบานอน,อำเภอนาจะหลวย,1
เลบานอน,อำเภอป่าติ้ว,1
เลบานอน,อำเภอธวัชบุรี,1
เลบานอน,เขตหนองแขม,1
เลบานอน,อำเภอคำเขื่อนแก้ว,1
เลบานอน,อำเภอสนามชัยเขต,1
เลบานอน,อำเภอบางเลน,1
เลบานอน,อำเภอภูเขียว,1
โคลอมเบีย,อำเภอจัตุรัส,3
โคลอมเบีย,เขตสายไหม,2
โคลอมเบีย,อำเภอกุมภวาปี,2
โคลอมเบีย,อำเภอประทาย,1
โคลอมเบีย,อำเภอเมืองอุตรดิตถ์,1
โคลอมเบีย,อำเภอวาปีปทุม,1
โคลอมเบีย,อำเภอโนนศิลา,1
โคลอมเบีย,อำเภอหนองหิน,1
โคลอมเบีย,อำเภอบางบัวทอง,1
โคลอมเบีย,อำเภอดอนตูม,1
โคลอมเบีย,อำเภอเมืองนครราชสีมา,1
โคลอมเบีย,อำเภอบรบือ,1
โคลอมเบีย,อำเภอสามพราน,1
โคลอมเบีย,อำเภอสันป่าตอง,1
โคลอมเบีย,อำเภอสตึก,1
โคลอมเบีย,อำเภอเขวาสินรินทร์,1
โคลอมเบีย,อำเภอโกสุมพิสัย,1
โคลอมเบีย,อำเภอเมืองพะเยา,1
โคลอมเบีย,อำเภอเมืองสมุทรปราการ,1
โคลอมเบีย,อำเภอชุมพลบุรี,1
โคลอมเบีย,อำเภอแวงใหญ่,1
โคลอมเบีย,อำเภอสอยดาว,1
โคลอมเบีย,อำเภอวังสามหมอ,1
โคลอมเบีย,อำเภอลำทะเมนชัย,1
โคลอมเบีย,อำเภอคีรีมาศ,1
โคลอมเบีย,อำเภอคง,1
โคลอมเบีย,อำเภอเมืองนครนายก,1
โคลอมเบีย,อำเภอโพธิ์ตาก,1
โคลอมเบีย,อำเภอม่วงสามสิบ,3
โคลอมเบีย,อำเภอสีคิ้ว,2
โคลอมเบีย,อำเภอสว่างแดนดิน,2
โคลอมเบีย,อำเภอเมืองสกลนคร,1
โคลอมเบีย,อำเภอศรีเมืองใหม่,1
โคลอมเบีย,อำเภอเมืองกาญจนบุรี,1
โคลอมเบีย,เขตสายไหม,1
โคลอมเบีย,อำเภอศีขรภูมิ,1
โคลอมเบีย,อำเภอเชียงคาน,1
ออสเตรเลีย,อำเภอบัวใหญ่,4
ออสเตรเลีย,อำเภอศีขรภูมิ,1
ออสเตรเลีย,อำเภอเมืองสมุทรปราการ,1
ออสเตรเลีย,อำเภอพนมทวน,1
ออสเตรเลีย,อำเภอเวียงเชียงรุ้ง,1
ออสเตรเลีย,อำเภอเมืองนครราชสีมา,1
ออสเตรเลีย,เขตทวีวัฒนา,1
ออสเตรเลีย,อำเภอหนองวัวซอ,1
ออสเตรเลีย,อำเภอหนองกี่,1
ออสเตรเลีย,อำเภอวังชิ้น,1
ออสเตรเลีย,อำเภอคำม่วง,1
ออสเตรเลีย,อำเภอวารินชำราบ,1
ออสเตรเลีย,อำเภอบางคล้า,1
ออสเตรเลีย,อำเภอหนองกุงศรี,1
ออสเตรเลีย,อำเภอหัวตะพาน,1
ออสเตรเลีย,อำเภอเมืองนครนายก,1
ออสเตรเลีย,อำเภอธัญบุรี,1
ออสเตรเลีย,อำเภอเดชอุดม,1
ออสเตรเลีย,อำเภอพญาเม็งราย,1
ออสเตรเลีย,อำเภอเมืองลำปาง,1
ออสเตรเลีย,อำเภอเถิน,1
ออสเตรเลีย,อำเภอเมืองชลบุรี,1
ออสเตรเลีย,อำเภอเมืองปทุมธานี,1
เซเชลส์,อำเภอเมืองสงขลา,3
เซเชลส์,อำเภอหาดใหญ่,2
เซเชลส์,เขตสายไหม,1
เซเชลส์,อำเภอเมืองนนทบุรี,1
เซเชลส์,อำเภอเชียงคำ,1
เซเชลส์,อำเภอสทิงพระ,1
เซเชลส์,เขตดอนเมือง,1
เซเชลส์,อำเภอถลาง,1
เซเชลส์,อำเภอพระพรหม,1
เซเชลส์,เขตสาทร,1
เซเชลส์,อำเภอม่วงสามสิบ,3
เซเชลส์,อำเภอสีคิ้ว,2
เซเชลส์,อำเภอสว่างแดนดิน,2
เซเชลส์,อำเภอเมืองสกลนคร,1
เซเชลส์,อำเภอศรีเมืองใหม่,1
เซเชลส์,อำเภอเมืองกาญจนบุรี,1
เซเชลส์,อำเภอนายูง,1
เซเชลส์,อำเภอเจริญศิลป์,1
เซเชลส์,อำเภอไทรงาม,1
เซเชลส์,เขตหนองจอก,1
เซเชลส์,อำเภอศีขรภูมิ,1
เซเชลส์,อำเภอบรบือ,1
เซเชลส์,อำเภอนาโพธิ์,1
เซเชลส์,อำเภอแก่งคอย,1
เซเชลส์,อำเภอพยัคฆภูมิพิสัย,1
เซเชลส์,อำเภอบางเลน,1
เซเชลส์,อำเภอยางสีสุราช,1
เซเชลส์,อำเภอดงหลวง,1
เซเชลส์,อำเภอเชียงคาน,1
เซเชลส์,อำเภอภูเขียว,1
เซเชลส์,อำเภอบ้านดุง,1
เซเชลส์,อำเภอภูเวียง,1
เซเชลส์,อำเภอพบพระ,1
เซเชลส์,อำเภอนิคมพัฒนา,1
เซเชลส์,อำเภอเมืองหนองคาย,1
เซเชลส์,อำเภอกุฉินารายณ์,1
เซเชลส์,อำเภอชุมพลบุรี,1
เซเชลส์,อำเภอโนนสัง,1
เซเชลส์,เขตบางกะปิ,1
เซเชลส์,อำเภอพยุห์,1
เซเชลส์,เขตลาดกระบัง,1
เซเชลส์,อำเภอกมลาไสย,1
เซเชลส์,อำเภอเมืองสมุทรสาคร,1
เซเชลส์,อำเภอบ้านฝาง,1
หมู่เกาะเคย์แมน,อำเภอชุมแสง,3
หมู่เกาะเคย์แมน,อำเภอวังโป่ง,2
หมู่เกาะเคย์แมน,อำเภอเฉลิมพระเกียรติ,2
หมู่เกาะเคย์แมน,อำเภอเถิน,2
หมู่เกาะเคย์แมน,อำเภอหนองหาน,2
หมู่เกาะเคย์แมน,อำเภอเมืองเพชรบูรณ์,1
หมู่เกาะเคย์แมน,เขตบึงกุ่ม,1
หมู่เกาะเคย์แมน,อำเภอท่ายาง,1
หมู่เกาะเคย์แมน,อำเภอเมืองอุดรธานี,1
หมู่เกาะเคย์แมน,อำเภอวารินชำราบ,1
หมู่เกาะเคย์แมน,อำเภอเมืองสมุทรสาคร,1
หมู่เกาะเคย์แมน,อำเภอชุมพวง,1
หมู่เกาะเคย์แมน,อำเภออรัญประเทศ,1
หมู่เกาะเคย์แมน,อำเภอวานรนิวาส,1
หมู่เกาะเคย์แมน,อำเภอเสริมงาม,1
หมู่เกาะเคย์แมน,อำเภอเชียงของ,1
หมู่เกาะเคย์แมน,อำเภอเมืองราชบุรี,1
หมู่เกาะเคย์แมน,อำเภอเมืองยาง,1
หมู่เกาะเคย์แมน,อำเภอด่านช้าง,1
ศรีลังกา,อำเภอสันทราย,3
ศรีลังกา,อำเภอสามพราน,1
ศรีลังกา,อำเภอปากช่อง,1
ศรีลังกา,อำเภอพิมาย,1
ศรีลังกา,อำเภอพร้าว,1
ศรีลังกา,อำเภออุทุมพรพิสัย,1
ศรีลังกา,อำเภอโพนพิสัย,1
ศรีลังกา,อำเภอหนองกี่,1
ศรีลังกา,อำเภอเมืองนครปฐม,1
ศรีลังกา,อำเภอแม่สะเรียง,1
ศรีลังกา,เขตวัฒนา,1
ศรีลังกา,อำเภอเมืองสมุทรปราการ,1
ศรีลังกา,เขตภาษีเจริญ,1
ศรีลังกา,อำเภอสว่างแดนดิน,1
ศรีลังกา,อำเภอลำลูกกา,1
ศรีลังกา,อำเภอม่วงสามสิบ,1
ศรีลังกา,เขตบางกอกน้อย,1
ศรีลังกา,อำเภอกุดชุม,1
ศรีลังกา,อำเภอบางพลี,1
ศรีลังกา,อำเภอเมืองอำนาจเจริญ,1
ศรีลังกา,เขตดุสิต,1
ศรีลังกา,อำเภอเกาะสมุย,1
โรมาเนีย,อำเภอเกษตรสมบูรณ์,8
โรมาเนีย,อำเภอหนองเรือ,2
โรมาเนีย,อำเภอเมืองสมุทรสาคร,2
โรมาเนีย,อำเภออากาศอำนวย,2
โรมาเนีย,อำเภอโคกศรีสุพรรณ,1
โรมาเนีย,อำเภอขามสะแกแสง,1
โรมาเนีย,อำเภอเมืองหนองคาย,1
โรมาเนีย,อำเภอสบปราบ,1
โรมาเนีย,อำเภอถลาง,1
โรมาเนีย,อำเภอบางละมุง,1
เอสวาตินี,อำเภอเถิน,16
เอสวาตินี,อำเภอแม่พริก,2
เอสวาตินี,อำเภอเมืองลำปาง,1
เอสวาตินี,อำเภอเกษตรสมบูรณ์,8
เอสวาตินี,อำเภอหนองเรือ,2
เอสวาตินี,อำเภอเมืองสมุทรสาคร,2
เอสวาตินี,อำเภออากาศอำนวย,2
เอสวาตินี,อำเภอโคกศรีสุพรรณ,1
เอสวาตินี,อำเภอภูเขียว,1
เอสวาตินี,อำเภอขามสะแกแสง,1
เอสวาตินี,อำเภอเมืองหนองคาย,1
เอสวาตินี,อำเภอสบปราบ,1
เอสวาตินี,อำเภอถลาง,1
เอสวาตินี,อำเภอบางละมุง,1
โมนาโก,อำเภอคูเมือง,3
โมนาโก,อำเภอศรีราชา,2
โมนาโก,อำเภอเมืองสมุทรปราการ,1
โมนาโก,อำเภอสามพราน,1
โมนาโก,อำเภอสตึก,1
โมนาโก,อำเภอเสิงสาง,1
โมนาโก,อำเภอสันทราย,1
โมนาโก,อำเภอบ้านด่าน,1
โมนาโก,อำเภอสีคิ้ว,1
โมนาโก,อำเภอท่าตูม,1
โมนาโก,อำเภอจตุรพักตรพิมาน,1
โมนาโก,อำเภอคลองหลวง,1
โมนาโก,อำเภอแวงน้อย,1
โมนาโก,อำเภอเถิน,1
โมนาโก,อำเภอเลิงนกทา,1
โมนาโก,อำเภอชุมตาบง,1
โมนาโก,เขตบางเขน,1
โมนาโก,อำเภอบางละมุง,1
โมนาโก,อำเภอเถิน,2
โมนาโก,อำเภอวังทอง,2
โมนาโก,อำเภอหนองเรือ,1
โมนาโก,อำเภอลานกระบือ,1
โมนาโก,อำเภอหนองวัวซอ,1
โมนาโก,อำเภอโคกโพธิ์ไชย,1
โมนาโก,อำเภอเมืองระยอง,1
โมนาโก,อำเภอโขงเจียม,1
โมนาโก,อำเภอเพ็ญ,1
โมนาโก,อำเภอบึงโขงหลง,1
โมนาโก,อำเภอแม่วงก์,1
โมนาโก,อำเภอบ้านฉาง,1
โมนาโก,อำเภอบ้านตาก,1
โมนาโก,อำเภอเขาวง,1
โมนาโก,อำเภอหนองบัว,1
โมนาโก,อำเภอเมืองสงขลา,1
โมนาโก,อำเภอเถิน,16
โมนาโก,อำเภอแม่พริก,2
โมนาโก,อำเภอเมืองลำปาง,1
มาดากัสการ์,อำเภอหาดใหญ่,2
มาดากัสการ์,อำเภอเก้าเลี้ยว,1
มาดากัสการ์,เขตห้วยขวาง,1
มาดากัสการ์,อำเภอแม่สาย,1
มาดากัสการ์,อำเภอเมืองตรัง,1
มาดากัสการ์,อำเภอเมืองสมุทรปราการ,1
มาดากัสการ์,อำเภอสันทราย,1
มาดากัสการ์,อำเภออัมพวา,1
มาดากัสการ์,อำเภอเมืองอุบลราชธานี,1
มาดากัสการ์,อำเภอองครักษ์,1
มาดากัสการ์,อำเภอบางกรวย,1
มาดากัสการ์,อำเภอนครชัยศรี,1
มาดากัสการ์,อำเภอสนามชัยเขต,1
มาดากัสการ์,อำเภอเมืองนครปฐม,1
มาดากัสการ์,อำเภอบางพลี,1
มาดากัสการ์,อำเภอเมืองระยอง,1
เอสโตเนีย,อำเภอคลองขลุง,2
เอสโตเนีย,อำเภอเมืองกำแพงเพชร,1
เอสโตเนีย,อำเภอน้ำเกลี้ยง,1
เอสโตเนีย,อำเภอบึงโขงหลง,1
เอสโตเนีย,อำเภอศรีราชา,1
เอสโตเนีย,อำเภอเขาฉกรรจ์,1
เอสโตเนีย,อำเภอเมืองเลย,1
เอสโตเนีย,อำเภอคอนสาร,1
เอสโตเนีย,อำเภอเขาสมิง,1
เอสโตเนีย,อำเภอหนองกุงศรี,1
เอสโตเนีย,อำเภอท่าคันโท,1
เอสโตเนีย,อำเภอแม่พริก,1
เอสโตเนีย,เขตทวีวัฒนา,1
เอสโตเนีย,อำเภอสูงเนิน,1
เอสโตเนีย,อำเภอสนามชัยเขต,1
หมู่เกาะเติกส์และเคคอส,อำเภอตระการพืชผล,3
หมู่เกาะเติกส์และเคคอส,เขตหนองแขม,1
หมู่เกาะเติกส์และเคคอส,อำเภอพร้าว,1
หมู่เกาะเติกส์และเคคอส,อำเภอขุขันธ์,1
หมู่เกาะเติกส์และเคคอส,อำเภอบางพลี,1
หมู่เกาะเติกส์และเคคอส,อำเภอท่าหลวง,1
หมู่เกาะเติกส์และเคคอส,อำเภอน้ำพอง,1
หมู่เกาะเติกส์และเคคอส,อำเภอเมืองสุพรรณบุรี,1
หมู่เกาะเติกส์และเคคอส,อำเภอวานรนิวาส,1
หมู่เกาะเติกส์และเคคอส,อำเภอหนองเสือ,1
หมู่เกาะเติกส์และเคคอส,อำเภอสามพราน,1
หมู่เกาะเติกส์และเคคอส,อำเภอบ้านเขว้า,1
หมู่เกาะเติกส์และเคคอส,อำเภอบางปะอิน,1
หมู่เกาะเติกส์และเคคอส,อำเภอขาณุวรลักษบุรี,1
กานา,อำเภอเมืองภูเก็ต,4
กานา,อำเภอปราณบุรี,2
กานา,อำเภอหนองปรือ,1
กานา,อำเภอทรายทองวัฒนา,1
กานา,เขตลาดพร้าว,1
กานา,เขตบางกะปิ,1
กานา,อำเภอเมืองกำแพงเพชร,1
กานา,อำเภอบางใหญ่,1
กานา,เขตดินแดง,1
กานา,เขตคลองเตย,1
กานา,เขตสายไหม,1
กานา,อำเภอคลองหลวง,1
เบลเยียม,อำเภอสองพี่น้อง,3
เบลเยียม,อำเภอวชิรบารมี,2
เบลเยียม,อำเภอหนองไผ่,1
เบลเยียม,อำเภอสูงเม่น,1
เบลเยียม,อำเภอเบญจลักษ์,1
เบลเยียม,อำเภอเจริญศิลป์,1
เบลเยียม,อำเภอพยัคฆภูมิพิสัย,1
เบลเยียม,อำเภอน้ำโสม,1
เบลเยียม,อำเภอศรีราชา,1
เบลเยียม,อำเภอโคกโพธิ์ไชย,1
เบลเยียม,เขตบางพลัด,1
ภูฏาน,อำเภอแม่สอด,5
ภูฏาน,เขตบางแค,2
ภูฏาน,อำเภอนาหว้า,2
ภูฏาน,อำเภอบ้านฉาง,1
ภูฏาน,อำเภอสันกำแพง,1
ภูฏาน,อำเภอสังขะ,1
ภูฏาน,อำเภอหาดใหญ่,1
ภูฏาน,อำเภอบางบาล,1
เอธิโอเปีย,อำเภอบ้านตาก,2
เอธิโอเปีย,อำเภอเมืองนครสวรรค์,2
เอธิโอเปีย,อำเภอหนองวัวซอ,1
เอธิโอเปีย,อำเภอเมืองชลบุรี,1
เอธิโอเปีย,อำเภอประจักษ์ศิลปาคม,1
เอธิโอเปีย,อำเภอห้วยแถลง,1
เอธิโอเปีย,อำเภอโพธิ์ทอง,1
เอธิโอเปีย,อำเภอสูงเม่น,1
เอธิโอเปีย,อำเภอลาดยาว,1
เอธิโอเปีย,อำเภอพิมาย,1
เอธิโอเปีย,อำเภอเฉลิมพระเกียรติ,1
เอธิโอเปีย,อำเภอแม่สอด,5
เอธิโอเปีย,เขตบางแค,2
เอธิโอเปีย,อำเภอนาหว้า,2
เอธิโอเปีย,อำเภอบ้านฉาง,1
เอธิโอเปีย,อำเภอสันกำแพง,1
เอธิโอเปีย,อำเภอสังขะ,1
เอธิโอเปีย,อำเภอหาดใหญ่,1
เอธิโอเปีย,อำเภอบางบาล,1
ไอซ์แลนด์,อำเภอวิเชียรบุรี,5
ไอซ์แลนด์,อำเภอพร้าว,1
ไอซ์แลนด์,อำเภอแม่วงก์,1
ไอซ์แลนด์,อำเภอสีชมพู,1
ไอซ์แลนด์,อำเภอสตึก,1
ไอซ์แลนด์,อำเภอน้ำปาด,1
ไอซ์แลนด์,อำเภอวังม่วง,1
ไอซ์แลนด์,อำเภอตากฟ้า,1
ไอซ์แลนด์,อำเภอบางละมุง,1
เม็กซิโก,อำเภออาจสามารถ,3
เม็กซิโก,อำเภอศิลาลาด,2
เม็กซิโก,อำเภอเมืองนครสวรรค์,1
เม็กซิโก,อำเภอเลิงนกทา,1
เม็กซิโก,อำเภอม่วงสามสิบ,1
เม็กซิโก,อำเภอโพธิ์ชัย,1
เม็กซิโก,อำเภอบ้านหมอ,1
เม็กซิโก,อำเภอเด่นชัย,1
เม็กซิโก,เขตบางกะปิ,1
เม็กซิโก,อำเภอวิเชียรบุรี,4
เม็กซิโก,อำเภอปราสาท,2
เม็กซิโก,อำเภอเมืองสุรินทร์,1
เม็กซิโก,อำเภอบางบัวทอง,1
เม็กซิโก,อำเภอคลองลาน,1
เม็กซิโก,อำเภอหนองบุญมาก,1
เม็กซิโก,อำเภอท่าตูม,1
เม็กซิโก,อำเภอโพธิ์ทอง,1
เม็กซิโก,อำเภอประโคนชัย,1
เม็กซิโก,อำเภอเมืองชัยภูมิ,1
เบลารุส,อำเภอเมืองภูเก็ต,2
เบลารุส,อำเภอแม่วงก์,1
เบลารุส,อำเภอสร้างคอม,1
เบลารุส,อำเภอน้ำพอง,1
เบลารุส,อำเภอถลาง,1
เบลารุส,อำเภอสามเงา,1
เบลารุส,เขตบางเขน,1
เบลารุส,อำเภอเมืองสมุทรปราการ,1
เบลารุส,เขตบางบอน,1
เบลารุส,อำเภอเขาพนม,1
เบลารุส,อำเภอเมืองเชียงใหม่,1
ซูดาน,อำเภอคลองหลวง,2
ซูดาน,อำเภอเมืองสุโขทัย,1
ซูดาน,อำเภอห้วยแถลง,1
ซูดาน,อำเภอลำปลายมาศ,1
ซูดาน,อำเภอแก้งคร้อ,1
ซูดาน,อำเภอแสวงหา,1
ซูดาน,อำเภอเมืองสมุทรสาคร,1
ซูดาน,อำเภอเกษตรสมบูรณ์,1
ซูดาน,อำเภอด่านขุนทด,1
ซูดาน,อำเภอมหาชนะชัย,1
อาเซอร์ไบจาน,อำเภอนามน,1
อาเซอร์ไบจาน,อำเภอเมืองขอนแก่น,1
อาเซอร์ไบจาน,อำเภอเฉลิมพระเกียรติ,1
อาเซอร์ไบจาน,อำเภอเมืองศรีสะเกษ,1
อาเซอร์ไบจาน,เขตหนองแขม,1
อาเซอร์ไบจาน,เขตยานนาวา,1
อาเซอร์ไบจาน,อำเภอท่าตะโก,1
อาเซอร์ไบจาน,อำเภอกู่แก้ว,1
อาเซอร์ไบจาน,อำเภอเขวาสินรินทร์,1
ตรินิแดดและโตเบโก,อำเภอบ้านตาก,2
ตรินิแดดและโตเบโก,อำเภอเมืองนครสวรรค์,2
ตรินิแดดและโตเบโก,อำเภอหนองวัวซอ,1
ตรินิแดดและโตเบโก,อำเภอเมืองชลบุรี,1
ตรินิแดดและโตเบโก,อำเภอประจักษ์ศิลปาคม,1
ตรินิแดดและโตเบโก,อำเภอห้วยแถลง,1
ตรินิแดดและโตเบโก,อำเภอสูงเม่น,1
ตรินิแดดและโตเบโก,อำเภอลาดยาว,1
ตรินิแดดและโตเบโก,อำเภอพิมาย,1
ตรินิแดดและโตเบโก,อำเภอเฉลิมพระเกียรติ,1
ตรินิแดดและโตเบโก,อำเภอขาณุวรลักษบุรี,1
ตรินิแดดและโตเบโก,อำเภอศรีมหาโพธิ,1
ตรินิแดดและโตเบโก,อำเภอเมืองยโสธร,1
ตรินิแดดและโตเบโก,อำเภอลำสนธิ,1
ตรินิแดดและโตเบโก,อำเภอป่าแดด,1
ตรินิแดดและโตเบโก,อำเภอเกษตรสมบูรณ์,1
ตรินิแดดและโตเบโก,อำเภอโพนทอง,1
ตรินิแดดและโตเบโก,เขตประเวศ,1
ตรินิแดดและโตเบโก,อำเภอสันป่าตอง,1
มอลโดวา,อำเภอโป่งน้ำร้อน,1
มอลโดวา,อำเภอขุขันธ์,1
มอลโดวา,อำเภอพระประแดง,1
มอลโดวา,อำเภอเมืองขอนแก่น,1
มอลโดวา,อำเภอบ้านฉาง,1
มอลโดวา,อำเภอเมืองระยอง,1
มอลโดวา,อำเภอศรีราชา,1
มอลโดวา,อำเภอบ้านเขว้า,1
มอลโดวา,อำเภอบางมูลนาก,1
เปรู,อำเภอนามน,1
เปรู,อำเภอเมืองขอนแก่น,1
เปรู,อำเภอเฉลิมพระเกียรติ,1
เปรู,อำเภอเมืองศรีสะเกษ,1
เปรู,เขตหนองแขม,1
เปรู,เขตยานนาวา,1
เปรู,อำเภอท่าตะโก,1
เปรู,อำเภอกู่แก้ว,1
เปรู,อำเภอเขวาสินรินทร์,1
เปรู,อำเภอสหัสขันธ์,1
เปรู,อำเภอสันทราย,1
เปรู,อำเภอนางรอง,1
เปรู,อำเภอนากลาง,1
เปรู,อำเภอบ้านฉาง,1
เปรู,อำเภอเมืองกาฬสินธุ์,1
เปรู,อำเภอศรีประจันต์,1
เปรู,อำเภอโป่งน้ำร้อน,1
เปรู,อำเภอขุขันธ์,1
เปรู,อำเภอพระประแดง,1
เปรู,อำเภอเมืองระยอง,1
เปรู,อำเภอศรีราชา,1
เปรู,อำเภอบ้านเขว้า,1
เปรู,อำเภอบางมูลนาก,1
เปรู,อำเภอบางพลี,2
เปรู,อำเภอสว่างแดนดิน,1
เปรู,เขตจอมทอง,1
เปรู,เขตสาทร,1
เปรู,อำเภอเมืองนครราชสีมา,1
เปรู,อำเภอนาด้วง,1
เปรู,อำเภอหาดใหญ่,1
เปรู,อำเภอป่าบอน,1
เปรู,เขตประเวศ,1
แองโกลา,อำเภอเมืองเพชรบูรณ์,1
แองโกลา,อำเภอลาดบัวหลวง,1
แองโกลา,เขตบางกอกน้อย,1
แองโกลา,อำเภอเมืองสุพรรณบุรี,1
แองโกลา,อำเภอบ้านฉาง,1
แองโกลา,อำเภอสามเงา,1
แองโกลา,เขตทวีวัฒนา,1
แองโกลา,อำเภอเมืองนนทบุรี,1
ลิเบีย,อำเภอบางพลี,2
ลิเบีย,อำเภอสว่างแดนดิน,1
ลิเบีย,เขตจอมทอง,1
ลิเบีย,เขตสาทร,1
ลิเบีย,อำเภอเมืองนครราชสีมา,1
ลิเบีย,อำเภอนาด้วง,1
ลิเบีย,อำเภอหาดใหญ่,1
ลิเบีย,อำเภอป่าบอน,1
ลิเบีย,เขตประเวศ,1
ลิเบีย,อำเภอพยุหะคีรี,2
ลิเบีย,เขตลาดพร้าว,2
ลิเบีย,อำเภอเมืองนนทบุรี,1
ลิเบีย,อำเภอพรหมพิราม,1
ลิเบีย,เขตจตุจักร,1
ปารากวัย,อำเภอพยุหะคีรี,2
ปารากวัย,เขตลาดพร้าว,2
ปารากวัย,อำเภอเมืองนนทบุรี,1
ปารากวัย,อำเภอพรหมพิราม,1
ปารากวัย,เขตจตุจักร,1
ปารากวัย,อำเภอนาวัง,1
ปารากวัย,อำเภอเถิน,1
ปารากวัย,อำเภอคง,1
ปารากวัย,อำเภอเมืองพิษณุโลก,1
ปารากวัย,อำเภอทุ่งเสลี่ยม,1
ปารากวัย,อำเภอเมืองอุทัยธานี,1
ปารากวัย,อำเภออินทร์บุรี,1
หมู่เกาะมาร์แชลล์,อำเภอวิเชียรบุรี,2
หมู่เกาะมาร์แชลล์,อำเภอโพธิ์ทอง,2
หมู่เกาะมาร์แชลล์,อำเภอน้ำปาด,1
หมู่เกาะมาร์แชลล์,อำเภอพระนครศรีอยุธยา,1
หมู่เกาะมาร์แชลล์,อำเภอหนองบุญมาก,1
ออสเตรีย,อำเภอวิเชียรบุรี,2
ออสเตรีย,อำเภอโพธิ์ทอง,2
ออสเตรีย,อำเภอน้ำปาด,1
ออสเตรีย,อำเภอพระนครศรีอยุธยา,1
ออสเตรีย,อำเภอหนองบุญมาก,1
ออสเตรีย,อำเภอเมืองเชียงใหม่,1
ออสเตรีย,อำเภอสูงเม่น,1
ออสเตรีย,อำเภอภูเรือ,1
ออสเตรีย,อำเภอกันทรารมย์,1
ออสเตรีย,อำเภอทุ่งศรีอุดม,1
ออสเตรีย,อำเภอเดชอุดม,1
แทนซาเนีย,อำเภอเขาชัยสน,1
แทนซาเนีย,อำเภอควนขนุน,1
แทนซาเนีย,อำเภอบรบือ,1
แทนซาเนีย,อำเภอยะหา,1
แทนซาเนีย,อำเภอเมืองพัทลุง,1
แทนซาเนีย,อำเภอเมืองหนองบัวลำภู,1
เซอร์เบียและมอนเตเนโกร,อำเภอบางบัวทอง,1
เซอร์เบียและมอนเตเนโกร,อำเภอครบุรี,1
เซอร์เบียและมอนเตเนโกร,อำเภอเมืองสมุทรปราการ,1
เซอร์เบียและมอนเตเนโกร,อำเภอเซกา,1
เซอร์เบียและมอนเตเนโกร,อำเภอบ้านด่านลานหอย,1
เฟรนช์พอลินีเชีย,อำเภอโพทะเล,2
เฟรนช์พอลินีเชีย,อำเภอผาขาว,1
เฟรนช์พอลินีเชีย,อำเภอทุ่งเสลี่ยม,1
เฟรนช์พอลินีเชีย,อำเภอเมืองสระบุรี,1
เฟรนช์พอลินีเชีย,อำเภอบางบัวทอง,1
เฟรนช์พอลินีเชีย,อำเภอครบุรี,1
เฟรนช์พอลินีเชีย,อำเภอเมืองสมุทรปราการ,1
เฟรนช์พอลินีเชีย,อำเภอเซกา,1
เฟรนช์พอลินีเชีย,อำเภอบ้านด่านลานหอย,1
คอซอวอ,อำเภอคลองหลวง,2
คอซอวอ,อำเภอเมืองร้อยเอ็ด,1
คอซอวอ,อำเภอลำลูกกา,1
อิรัก,อำเภอชะอำ,1
อิรัก,อำเภอม่วงสามสิบ,1
อิรัก,อำเภอกระนวน,1
อิรัก,อำเภอธัญบุรี,1
ดีอาร์คองโก,อำเภอเมืองหนองคาย,1
ดีอาร์คองโก,อำเภอวัดโบสถ์,1
ดีอาร์คองโก,อำเภอสว่างแดนดิน,1
ดีอาร์คองโก,อำเภอเมืองสุโขทัย,1
แอลเบเนีย,อำเภอเมืองอุตรดิตถ์,1
แอลเบเนีย,อำเภอเมืองกำแพงเพชร,1
แอลเบเนีย,อำเภอโกสัมพีนคร,1
แอลเบเนีย,อำเภอลำลูกกา,1
สกอตแลนด์,อำเภอม่วงสามสิบ,3
สกอตแลนด์,อำเภอเดชอุดม,1
ปากีสถาน,อำเภอม่วงสามสิบ,3
ปากีสถาน,อำเภอเดชอุดม,1
ปากีสถาน,อำเภอประทาย,1
ปากีสถาน,เขตคลองเตย,1
ปากีสถาน,อำเภอเมืองร้อยเอ็ด,1
ปากีสถาน,อำเภอเมืองอุตรดิตถ์,1
เกาหลีเหนือ,อำเภอเจริญศิลป์,2
เกาหลีเหนือ,อำเภอสารภี,1
เกาหลีเหนือ,อำเภอเมืองสรวง,1
เกาหลีเหนือ,อำเภอวังชิ้น,1
เกาหลีเหนือ,อำเภอหนองสองห้อง,1
เกาหลีเหนือ,อำเภอเมืองบุรีรัมย์,1
มาซิโดเนียเหนือ,อำเภอวังชิ้น,1
มาซิโดเนียเหนือ,อำเภอหนองสองห้อง,1
มาซิโดเนียเหนือ,อำเภอเมืองบุรีรัมย์,1
ลิทัวเนีย,อำเภอม่วงสามสิบ,2
ลิทัวเนีย,อำเภอเมืองแพร่,1
มองโกเลีย,อำเภอกุมภวาปี,1
มองโกเลีย,เขตบางขุนเทียน,1
มองโกเลีย,อำเภอคลองหลวง,1
ไอล์ออฟแมน,เขตบางเขน,1
ไอล์ออฟแมน,อำเภอเมืองภูเก็ต,1
ไอร์แลนด์เหนือ,เขตดินแดง,1
ไอร์แลนด์เหนือ,อำเภอบางกรวย,1
เอลซัลวาดอร์,อำเภอเมืองบึงกาฬ,1
เอลซัลวาดอร์,อำเภอเกษตรสมบูรณ์,1
รวันดา,อำเภอพิมาย,1
รวันดา,อำเภอศรีธาตุ,1
จิบูติ,อำเภอเถิน,1
จิบูติ,อำเภอบุณฑริก,1
จิบูติ,อำเภอม่วงสามสิบ,1
จิบูติ,อำเภอห้วยแถลง,1
จิบูติ,อำเภอพิมาย,1
จิบูติ,อำเภอศรีธาตุ,1
หมู่เกาะเวอร์จินของสหรัฐฯ,เขตดินแดง,1
หมู่เกาะเวอร์จินของสหรัฐฯ,อำเภอบางกรวย,1
หมู่เกาะเวอร์จินของสหรัฐฯ,อำเภอม่วงสามสิบ,1
หมู่เกาะเวอร์จินของสหรัฐฯ,อำเภอห้วยแถลง,1
หมู่เกาะเวอร์จินของสหรัฐฯ,อำเภอเมืองชัยนาท,2
ตองกา,อำเภอเมืองชัยนาท,2
ตองกา,อำเภอพนา,1
ตองกา,อำเภอเมืองนนทบุรี,1
เปอร์โตริโก,อำเภอพนา,1
ยูกันดา,เขตดินแดง,1
ชิลี,อำเภอเมืองชุมพร,1
ฮ่องกง,อำเภอเมืองอุดรธานี,4812
ฮ่องกง,อำเภอหนองหาน,4678
ฮ่องกง,อำเภอเพ็ญ,4588
ฮ่องกง,อำเภอสว่างแดนดิน,3443
ฮ่องกง,อำเภอโพนพิสัย,2830
ฮ่องกง,อำเภอบ้านผือ,2789
ฮ่องกง,อำเภอบ้านดุง,2716
ฮ่องกง,อำเภอเมืองหนองบัวลำภู,2635
ฮ่องกง,อำเภอเมืองนครพนม,2597
ฮ่องกง,อำเภอแม่ฟ้าหลวง,2546
ฮ่องกง,อำเภอประทาย,2418
ฮ่องกง,อำเภอแม่สรวย,2043
ฮ่องกง,อำเภอเมืองหนองคาย,2039
ฮ่องกง,อำเภอแก้งคร้อ,1956
ฮ่องกง,อำเภอกุมภวาปี,1953
ฮ่องกง,อำเภอเมืองเชียงราย,1868
ฮ่องกง,อำเภอจักราช,1745
ฮ่องกง,อำเภอท่าบ่อ,1697
ฮ่องกง,อำเภอสุวรรณคูหา,1696
ฮ่องกง,อำเภอภูเขียว,1629
ฮ่องกง,อำเภอกุดจับ,1572
ฮ่องกง,อำเภอปลาปาก,1562
ฮ่องกง,อำเภอไชยวาน,1502
ฮ่องกง,อำเภอหนองสองห้อง,1497
ฮ่องกง,อำเภอหนองวัวซอ,1464
ฮ่องกง,อำเภอนากลาง,1457
ฮ่องกง,อำเภอวานรนิวาส,1449
ฮ่องกง,อำเภอทุ่งฝน,1358
ฮ่องกง,อำเภอเมืองชัยภูมิ,1353
ฮ่องกง,อำเภอลำปลายมาศ,1343
ฮ่องกง,อำเภอธาตุพนม,1337
ฮ่องกง,อำเภอศรีสงคราม,1333
ฮ่องกง,อำเภอบัวใหญ่,1329
ฮ่องกง,อำเภอศรีบุญเรือง,1275
ฮ่องกง,อำเภอห้วยแถลง,1268
ฮ่องกง,อำเภอสร้างคอม,1259
ฮ่องกง,อำเภอกู่แก้ว,1201
ฮ่องกง,อำเภอเมืองนครราชสีมา,1149
ฮ่องกง,อำเภอบ้านแท่น,1131
ฮ่องกง,อำเภอชุมพวง,1125
ฮ่องกง,อำเภอเวียงแก่น,1116
ฮ่องกง,อำเภอแม่จัน,1110
ฮ่องกง,อำเภอเถิน,1095
ฮ่องกง,อำเภอชุมแพ,1074
ฮ่องกง,อำเภอพิบูลย์รักษ์,1056
ฮ่องกง,อำเภอเมืองขอนแก่น,1030
ฮ่องกง,อำเภอท่าอุเทน,1025
ฮ่องกง,อำเภอคง,1008
ฮ่องกง,อำเภอเดชอุดม,1008
ฮ่องกง,อำเภอเทิง,1003
ฮ่องกง,อำเภอเมืองสตูล,999
ฮ่องกง,อำเภอพิมาย,983
ฮ่องกง,อำเภอท่าตูม,977
ฮ่องกง,อำเภอโนนสัง,970
ฮ่องกง,อำเภอพุทไธสง,968
ฮ่องกง,อำเภอประจักษ์ศิลปาคม,960
ฮ่องกง,อำเภอโพนสวรรค์,957
ฮ่องกง,อำเภอกระสัง,953
ฮ่องกง,อำเภอศรีธาตุ,941
ฮ่องกง,อำเภอเจริญศิลป์,907
ฮ่องกง,อำเภอเมืองยาง,896
ฮ่องกง,อำเภอคูเมือง,886
ฮ่องกง,อำเภอบรบือ,875
ฮ่องกง,อำเภอบ้านตาก,875
ฮ่องกง,อำเภอโกสุมพิสัย,862
ฮ่องกง,อำเภอคอนสวรรค์,853
ฮ่องกง,อำเภอบ้านม่วง,849
ฮ่องกง,อำเภอเมืองบึงกาฬ,849
ฮ่องกง,อำเภอบ้านใหม่ไชยพจน์,846
ฮ่องกง,อำเภอน้ำโสม,838
ฮ่องกง,อำเภอเฝ้าไร่,833
ฮ่องกง,อำเภอเมืองสุรินทร์,824
ฮ่องกง,อำเภอบ้านด่านลานหอย,809
ฮ่องกง,อำเภอศรีราชา,803
ฮ่องกง,อำเภอสบปราบ,798
ฮ่องกง,อำเภอพบพระ,794
ฮ่องกง,อำเภอโซ่พิสัย,787
ฮ่องกง,อำเภอละงู,786
ฮ่องกง,อำเภอเสริมงาม,772
ฮ่องกง,อำเภอทุ่งเสลี่ยม,770
ฮ่องกง,อำเภอเมืองกำแพงเพชร,757
ฮ่องกง,อำเภอพล,755
ฮ่องกง,อำเภอเฉลิมพระเกียรติ,728
ฮ่องกง,อำเภอแวงน้อย,728
ฮ่องกง,อำเภอเรณูนคร,722
ฮ่องกง,อำเภอบ้านไผ่,719
ฮ่องกง,อำเภอเซกา,714
ฮ่องกง,อำเภอเมืองบุรีรัมย์,709
ฮ่องกง,อำเภอเกษตรสมบูรณ์,693
ฮ่องกง,อำเภอเมืองสกลนคร,688
ฮ่องกง,อำเภอหนองเรือ,683
ฮ่องกง,อำเภอแก้งสนามนาง,663
ฮ่องกง,อำเภออากาศอำนวย,654
ฮ่องกง,อำเภอหนองบัวแดง,651
ฮ่องกง,อำเภอเชียงคำ,644
ฮ่องกง,อำเภอวังสามหมอ,644
ฮ่องกง,อำเภอบางระกำ,642
ฮ่องกง,อำเภอเมืองสุโขทัย,636
ฮ่องกง,อำเภอนาโพธิ์,634
ฮ่องกง,อำเภอปง,634
ฮ่องกง,อำเภอสีชมพู,633
ฮ่องกง,อำเภอเชียงของ,626
ฮ่องกง,อำเภอกันทรลักษ์,625
ฮ่องกง,อำเภอเมืองลำปาง,620
ฮ่องกง,อำเภอหนองจิก,619
ฮ่องกง,อำเภอตระการพืชผล,617
ฮ่องกง,อำเภอเมืองสมุทรปราการ,617
ฮ่องกง,อำเภอศรีสัชนาลัย,605
ฮ่องกง,อำเภอสระใคร,602
ฮ่องกง,อำเภอรัตนวาปี,592
ฮ่องกง,อำเภอบุณฑริก,592
ฮ่องกง,อำเภอน้ำพอง,586
ฮ่องกง,อำเภอนาวัง,577
ฮ่องกง,อำเภอพิบูลมังสาหาร,576
ฮ่องกง,อำเภอยะหริ่ง,565
ฮ่องกง,อำเภอจัตุรัส,564
ฮ่องกง,อำเภอส่องดาว,562
ฮ่องกง,อำเภอลำทะเมนชัย,562
ฮ่องกง,อำเภอนาเชือก,556
ฮ่องกง,อำเภอด่านขุนทด,551
ฮ่องกง,อำเภอพญาเม็งราย,551
ฮ่องกง,อำเภอเมืองตาก,529
ฮ่องกง,อำเภอคลองลาน,528
ฮ่องกง,อำเภอยางตลาด,525
ฮ่องกง,อำเภอหนองไผ่,519
ฮ่องกง,อำเภอประโคนชัย,514
ฮ่องกง,อำเภอบ้านแพง,511
ฮ่องกง,อำเภอโนนสะอาด,509
ฮ่องกง,อำเภอโนนสูง,506
ฮ่องกง,อำเภอศรีสำโรง,505
ฮ่องกง,อำเภอสังขะ,505
ฮ่องกง,อำเภอนาหว้า,504
ฮ่องกง,อำเภอเมืองมุกดาหาร,504
ฮ่องกง,อำเภอหนองหงส์,499
ฮ่องกง,อำเภอแม่อาย,492
ฮ่องกง,อำเภอเวียงป่าเป้า,492
ฮ่องกง,อำเภอหนองกี่,481
ฮ่องกง,อำเภอพาน,480
ฮ่องกง,อำเภอมัญจาคีรี,479
ฮ่องกง,อำเภอบางละมุง,474
ฮ่องกง,อำเภอกุดรัง,473
ฮ่องกง,อำเภอเมืองปัตตานี,472
ฮ่องกง,อำเภอชำนิ,469
ฮ่องกง,อำเภอเขาสวนกวาง,468
ฮ่องกง,อำเภอนาจะหลวย,468
ฮ่องกง,อำเภอคีรีมาศ,466
ฮ่องกง,อำเภอเมืองมหาสารคาม,459
ฮ่องกง,อำเภอภูเวียง,459
ฮ่องกง,อำเภอปักธงชัย,457
ฮ่องกง,อำเภอกันตัง,456
ฮ่องกง,อำเภอพิชัย,453
ฮ่องกง,อำเภอหนองบุญมาก,453
ฮ่องกง,อำเภอบัวลาย,450
ฮ่องกง,อำเภอปราสาท,449
ฮ่องกง,อำเภอวารินชำราบ,446
ฮ่องกง,อำเภอเวียงเชียงรุ้ง,445
ฮ่องกง,อำเภอโพนนาแก้ว,444
ฮ่องกง,อำเภอนางรอง,437
ฮ่องกง,อำเภอสามเงา,434
ฮ่องกง,อำเภอสตึก,430
ฮ่องกง,อำเภอนาแก,424
ฮ่องกง,อำเภอเทพสถิต,423
ฮ่องกง,อำเภอเมืองระยอง,422
ฮ่องกง,อำเภอคลองหลวง,412
ฮ่องกง,อำเภอวาปีปทุม,411
ฮ่องกง,อำเภอศรีเชียงใหม่,406
ฮ่องกง,อำเภอเชียงดาว,404
ฮ่องกง,อำเภอเมืองพิษณุโลก,402
ฮ่องกง,อำเภอชุมพลบุรี,399
ฮ่องกง,อำเภอเขาค้อ,396
ฮ่องกง,อำเภอหาดใหญ่,394
ฮ่องกง,อำเภอสะเดา,393
ฮ่องกง,อำเภอปัว,392
ฮ่องกง,อำเภอปลวกแดง,390
ฮ่องกง,อำเภอเมืองอุบลราชธานี,390
ฮ่องกง,อำเภอกันทรวิชัย,388
ฮ่องกง,อำเภอหนองแสง,386
ฮ่องกง,อำเภอพยัคฆภูมิพิสัย,385
ฮ่องกง,อำเภอเกาะคา,384
ฮ่องกง,อำเภอเมืองลำพูน,381
ฮ่องกง,อำเภอคำตากล้า,379
ฮ่องกง,อำเภอสีคิ้ว,378
ฮ่องกง,อำเภอเขมราฐ,377
ฮ่องกง,อำเภอขุขันธ์,373
ฮ่องกง,อำเภอบำเหน็จณรงค์,371
ฮ่องกง,อำเภอโคกโพธิ์ไชย,369
ฮ่องกง,อำเภอกุสุมาลย์,368
ฮ่องกง,อำเภอเมืองชลบุรี,364
ฮ่องกง,อำเภอพังโคน,358
ฮ่องกง,อำเภอบางพลี,358
ฮ่องกง,อำเภอบัวเชด,356
ฮ่องกง,อำเภอเมืองน่าน,354
ฮ่องกง,อำเภอเมืองเพชรบูรณ์,350
ฮ่องกง,อำเภอม่วงสามสิบ,350
ฮ่องกง,อำเภอกระนวน,345
ฮ่องกง,อำเภอจะนะ,344
ฮ่องกง,อำเภอแม่สอด,344
ฮ่องกง,อำเภออุบลรัตน์,344
ฮ่องกง,อำเภอศีขรภูมิ,341
ฮ่องกง,อำเภอเมืองเชียงใหม่,340
ฮ่องกง,อำเภอสูงเนิน,333
ฮ่องกง,อำเภอพรรณานิคม,332
ฮ่องกง,อำเภอแม่พริก,329
ฮ่องกง,อำเภอโนนไทย,329
ฮ่องกง,อำเภอสวรรคโลก,327
ฮ่องกง,อำเภอศรีวิไล,326
ฮ่องกง,อำเภอวังสะพุง,325
ฮ่องกง,อำเภอเสิงสาง,325
ฮ่องกง,อำเภอละหานทราย,324
ฮ่องกง,อำเภอพรเจริญ,323
ฮ่องกง,อำเภอยางสีสุราช,323
ฮ่องกง,อำเภอลี้,323
ฮ่องกง,อำเภอภูซาง,322
ฮ่องกง,อำเภอเมืองอำนาจเจริญ,322
ฮ่องกง,อำเภอเมืองกาฬสินธุ์,322
ฮ่องกง,อำเภอนายูง,321
ฮ่องกง,อำเภอสำโรง,320
ฮ่องกง,อำเภอเขื่องใน,318
ฮ่องกง,อำเภอคอนสาร,316
ฮ่องกง,อำเภอหนองนาคำ,316
ฮ่องกง,อำเภอลำลูกกา,315
ฮ่องกง,อำเภอวังเจ้า,313
ฮ่องกง,อำเภอบ้านแฮด,312
ฮ่องกง,อำเภอเมืองร้อยเอ็ด,307
ฮ่องกง,อำเภอสีดา,305
ฮ่องกง,อำเภอแม่ทะ,303
ฮ่องกง,อำเภอกาบเชิง,299
ฮ่องกง,อำเภอเสลภูมิ,296
ฮ่องกง,อำเภอโนนศิลา,293
ฮ่องกง,อำเภอเชียงแสน,292
ฮ่องกง,อำเภอวาริชภูมิ,291
ฮ่องกง,อำเภอนาทม,287
ฮ่องกง,อำเภอปากคาด,286
ฮ่องกง,อำเภอบึงโขงหลง,285
ฮ่องกง,อำเภอวังชิ้น,285
ฮ่องกง,อำเภอฝาง,283
ฮ่องกง,อำเภอภูพาน,283
ฮ่องกง,อำเภอยะรัง,283
ฮ่องกง,อำเภอท่าวังผา,282
ฮ่องกง,อำเภอเกษตรวิสัย,281
ฮ่องกง,อำเภอเอราวัณ,280
ฮ่องกง,อำเภอกันทรารมย์,280
ฮ่องกง,อำเภอธัญบุรี,278
ฮ่องกง,อำเภอแวงใหญ่,277
ฮ่องกง,อำเภอหนองบัวระเหว,276
ฮ่องกง,อำเภอสันทราย,276
ฮ่องกง,อำเภอมหาชนะชัย,276
ฮ่องกง,อำเภอบ้านกรวด,276
ฮ่องกง,อำเภอเมืองพะเยา,275
ฮ่องกง,อำเภอพร้าว,273
ฮ่องกง,อำเภอสุวรรณภูมิ,271
ฮ่องกง,อำเภอครบุรี,271
ฮ่องกง,อำเภอจุน,270
ฮ่องกง,อำเภอปะคำ,268
ฮ่องกง,อำเภอโชคชัย,267
ฮ่องกง,อำเภอหนองกุงศรี,267
ฮ่องกง,อำเภอดอนตาล,267
ฮ่องกง,อำเภอบ้านฝาง,263
ฮ่องกง,อำเภอวิเชียรบุรี,262
ฮ่องกง,อำเภองาว,258
ฮ่องกง,อำเภอปะนาเระ,256
ฮ่องกง,อำเภอโคกศรีสุพรรณ,256
ฮ่องกง,อำเภอสิรินธร,253
ฮ่องกง,อำเภอแม่ริม,253
ฮ่องกง,อำเภอวังทอง,252
ฮ่องกง,อำเภอสังคม,252
ฮ่องกง,อำเภอน้ำยืน,250
ฮ่องกง,อำเภอไทรงาม,250
ฮ่องกง,อำเภอเมืองสมุทรสาคร,250
ฮ่องกง,อำเภอบ้านโคก,249
ฮ่องกง,อำเภอแม่สาย,246
ฮ่องกง,อำเภอปากช่อง,246
ฮ่องกง,อำเภอแม่วงก์,245
ฮ่องกง,อำเภอแคนดง,245
ฮ่องกง,อำเภอเนินสง่า,244
ฮ่องกง,อำเภอบ้านเขว้า,244
ฮ่องกง,อำเภอชาติตระการ,243
ฮ่องกง,อำเภอแกดำ,240
ฮ่องกง,อำเภอบางบัวทอง,239
ฮ่องกง,อำเภอทรายทองวัฒนา,239
ฮ่องกง,อำเภอโพธิ์ตาก,238
ฮ่องกง,อำเภอนิคมพัฒนา,238
ฮ่องกง,อำเภอจตุรพักตรพิมาน,237
ฮ่องกง,อำเภอบ้านเหลื่อม,235
ฮ่องกง,อำเภอศรีเมืองใหม่,235
ฮ่องกง,อำเภอภักดีชุมพล,233
ฮ่องกง,อำเภอขุนหาญ,233
ฮ่องกง,อำเภอท่าคันโท,232
ฮ่องกง,อำเภอโนนแดง,230
ฮ่องกง,อำเภอนาคู,230
ฮ่องกง,อำเภอเมืองนนทบุรี,229
ฮ่องกง,อำเภอกุฉินารายณ์,228
ฮ่องกง,อำเภอเวียงสา,227
ฮ่องกง,อำเภอเมืองเลย,227
ฮ่องกง,อำเภอชนบท,226
ฮ่องกง,อำเภอแม่แตง,224
ฮ่องกง,อำเภอผาขาว,223
ฮ่องกง,อำเภอหล่มสัก,221
ฮ่องกง,อำเภอเวียงชัย,220
ฮ่องกง,อำเภอโพนทอง,220
ฮ่องกง,อำเภอเปือยน้อย,219
ฮ่องกง,อำเภอขามสะแกแสง,217
ฮ่องกง,อำเภอวังเหนือ,216
ฮ่องกง,อำเภอลานกระบือ,216
ฮ่องกง,อำเภออุทุมพรพิสัย,214
ฮ่องกง,อำเภอดอนมดแดง,213
ฮ่องกง,อำเภอเมืองปาน,212
ฮ่องกง,อำเภอขุนตาล,212
ฮ่องกง,อำเภอมายอ,210
ฮ่องกง,อำเภอแม่ลาว,208
ฮ่องกง,อำเภออาจสามารถ,207
ฮ่องกง,อำเภอแม่เมาะ,206
ฮ่องกง,อำเภอตาลสุม,206
ฮ่องกง,เขตลาดกระบัง,205
ฮ่องกง,อำเภอเมืองยโสธร,205
ฮ่องกง,อำเภอเมืองศรีสะเกษ,205
ฮ่องกง,อำเภอเมืองนครสวรรค์,204
ฮ่องกง,อำเภอพานทอง,204
ฮ่องกง,อำเภอเมืองสงขลา,203
ฮ่องกง,อำเภอเมืองปทุมธานี,203
ฮ่องกง,อำเภอเมืองยะลา,202
ฮ่องกง,อำเภอคลองขลุง,201
ฮ่องกง,อำเภอรัตนบุรี,201
ฮ่องกง,อำเภอกบินทร์บุรี,201
ฮ่องกง,อำเภอบ้านฉาง,201
ฮ่องกง,อำเภอดอกคำใต้,200
ฮ่องกง,อำเภอป่าแดด,200
ฮ่องกง,อำเภอสามพราน,200
ฮ่องกง,อำเภอเขาฉกรรจ์,199
ฮ่องกง,อำเภอสัตหีบ,198
ฮ่องกง,อำเภอพระยืน,198
ฮ่องกง,อำเภอน้ำปาด,197
ฮ่องกง,อำเภอกุดข้าวปุ้น,195
ฮ่องกง,อำเภอวังน้ำเย็น,195
ฮ่องกง,อำเภอกงไกรลาศ,194
ฮ่องกง,อำเภอธวัชบุรี,194
ฮ่องกง,อำเภอทุ่งช้าง,193
ฮ่องกง,อำเภอห้วยเม็ก,192
ฮ่องกง,อำเภอสมเด็จ,192
ฮ่องกง,อำเภอโพธิ์ไทร,192
ฮ่องกง,เขตคลองสามวา,191
ฮ่องกง,อำเภอบางปะอิน,189
ฮ่องกง,อำเภอเลิงนกทา,189
ฮ่องกง,อำเภอสองแคว,189
ฮ่องกง,อำเภอเขาวง,188
ฮ่องกง,เขตสายไหม,183
ฮ่องกง,อำเภอปากเกร็ด,182
ฮ่องกง,เขตหนองจอก,181
ฮ่องกง,อำเภอชุมแสง,181
ฮ่องกง,เขตบางเขน,179
ฮ่องกง,อำเภอคำม่วง,177
ฮ่องกง,อำเภอแม่ระมาด,176
ฮ่องกง,อำเภอเชียงยืน,176
ฮ่องกง,อำเภอพระทองคำ,176
ฮ่องกง,อำเภอเมืองอุตรดิตถ์,174
ฮ่องกง,อำเภอสอง,172
ฮ่องกง,อำเภอเมืองภูเก็ต,171
ฮ่องกง,อำเภอหางดง,170
ฮ่องกง,อำเภอสนามชัยเขต,170
ฮ่องกง,อำเภอโขงเจียม,168
ฮ่องกง,อำเภอบุ่งคล้า,167
ฮ่องกง,อำเภอศรีณรงค์,166
ฮ่องกง,อำเภอหัวตะพาน,165
ฮ่องกง,อำเภอจอมพระ,165
ฮ่องกง,อำเภอสำโรงทาบ,164
ฮ่องกง,อำเภอพรหมพิราม,164
ฮ่องกง,เขตบางกะปิ,164
ฮ่องกง,อำเภอคำเขื่อนแก้ว,162
ฮ่องกง,อำเภอเนินมะปราง,162
ฮ่องกง,อำเภอบ้านด่าน,161
ฮ่องกง,อำเภอนครไทย,159
ฮ่องกง,อำเภอสะบ้าย้อย,159
ฮ่องกง,อำเภอปทุมราชวงศา,159
ฮ่องกง,อำเภอห้างฉัตร,159
ฮ่องกง,อำเภอพรานกระต่าย,159
ฮ่องกง,อำเภอราษีไศล,157
ฮ่องกง,อำเภอขาณุวรลักษบุรี,156
ฮ่องกง,อำเภอกุดชุม,156
ฮ่องกง,อำเภอเมืองสระแก้ว,156
ฮ่องกง,เขตดอนเมือง,155
ฮ่องกง,อำเภอเมืองลพบุรี,155
ฮ่องกง,อำเภอโนนคูณ,155
ฮ่องกง,อำเภอศรีมหาโพธิ,154
ฮ่องกง,อำเภอแม่แจ่ม,153
ฮ่องกง,อำเภอตาพระยา,153
ฮ่องกง,อำเภอภูผาม่าน,151
ฮ่องกง,อำเภอเมืองกาญจนบุรี,150
ฮ่องกง,อำเภอสิงหนคร,150
ฮ่องกง,อำเภอดอยสะเก็ด,150
ฮ่องกง,อำเภอเทพา,150
ฮ่องกง,อำเภอห้วยราช,150
ฮ่องกง,เขตบางขุนเทียน,150
ฮ่องกง,อำเภอนาดูน,149
ฮ่องกง,เขตประเวศ,149
ฮ่องกง,อำเภอร้องกวาง,148
ฮ่องกง,อำเภอโนนสุวรรณ,147
ฮ่องกง,อำเภอบางเสาธง,147
ฮ่องกง,อำเภอปรางค์กู่,146
ฮ่องกง,อำเภอนาตาล,146
ฮ่องกง,อำเภอค้อวัง,146
ฮ่องกง,อำเภอโนนนารายณ์,146
ฮ่องกง,อำเภอสายบุรี,145
ฮ่องกง,อำเภอชานุมาน,145
ฮ่องกง,อำเภอบึงสามพัน,144
ฮ่องกง,อำเภอสารภี,143
ฮ่องกง,อำเภอพนมดงรัก,142
ฮ่องกง,อำเภอลาดยาว,141
ฮ่องกง,เขตบึงกุ่ม,141
ฮ่องกง,อำเภอหนองพอก,141
ฮ่องกง,อำเภอบางบ่อ,141
ฮ่องกง,อำเภอแจ้ห่ม,140
ฮ่องกง,อำเภอชนแดน,140
ฮ่องกง,อำเภอพระสมุทรเจดีย์,139
ฮ่องกง,อำเภอเทพารักษ์,139
ฮ่องกง,อำเภอรามัน,139
ฮ่องกง,อำเภอภูกามยาว,139
ฮ่องกง,อำเภอเชียงคาน,138
ฮ่องกง,อำเภอเมืองนครปฐม,137
ฮ่องกง,อำเภอศรีเทพ,137
ฮ่องกง,เขตมีนบุรี,136
ฮ่องกง,อำเภอดอยหลวง,136
ฮ่องกง,อำเภอแม่ทา,135
ฮ่องกง,อำเภอวังน้อย,135
ฮ่องกง,อำเภอยะหา,134
ฮ่องกง,อำเภอพนมไพร,134
ฮ่องกง,เขตบางแค,134
ฮ่องกง,อำเภอสหัสขันธ์,134
ฮ่องกง,เขตสวนหลวง,133
ฮ่องกง,อำเภอแม่ออน,133
ฮ่องกง,อำเภอชื่นชม,132
ฮ่องกง,อำเภอโคกโพธิ์,131
ฮ่องกง,อำเภอสันกำแพง,130
ฮ่องกง,อำเภอกระทุ่มแบน,130
ฮ่องกง,อำเภอบางใหญ่,129
ฮ่องกง,อำเภอเมืองสรวง,128
ฮ่องกง,อำเภอพระประแดง,128
ฮ่องกง,อำเภอวัฒนานคร,127
ฮ่องกง,อำเภอภูกระดึง,127
ฮ่องกง,อำเภอโพทะเล,125
ฮ่องกง,อำเภอจอมทอง,123
ฮ่องกง,อำเภอเมืองแพร่,123
ฮ่องกง,อำเภอจังหาร,121
ฮ่องกง,อำเภอลอง,120
ฮ่องกง,อำเภอฟากท่า,120
ฮ่องกง,อำเภอนาเยีย,119
ฮ่องกง,อำเภอบางกระทุ่ม,119
ฮ่องกง,อำเภอบางกรวย,118
ฮ่องกง,อำเภอนาด้วง,117
ฮ่องกง,อำเภอถลาง,116
ฮ่องกง,อำเภอปางศิลาทอง,115
ฮ่องกง,อำเภอขามทะเลสอ,115
ฮ่องกง,อำเภอแม่จริม,114
ฮ่องกง,อำเภอเมืองฉะเชิงเทรา,114
ฮ่องกง,อำเภอกมลาไสย,113
ฮ่องกง,อำเภอแปลงยาว,113
ฮ่องกง,อำเภอไพศาลี,112
ฮ่องกง,อำเภอลำดวน,111
ฮ่องกง,อำเภอเชียงกลาง,111
ฮ่องกง,อำเภอเขวาสินรินทร์,111
ฮ่องกง,อำเภอนิคมคำสร้อย,111
ฮ่องกง,อำเภอวังยาง,110
ฮ่องกง,อำเภอไชยปราการ,110
ฮ่องกง,เขตวังทองหลาง,109
ฮ่องกง,อำเภอบ้านบึง,109
ฮ่องกง,อำเภอพนัสนิคม,109
ฮ่องกง,อำเภอเสนางคนิคม,109
ฮ่องกง,อำเภอปากชม,108
ฮ่องกง,อำเภอห้วยทับทัน,106
ฮ่องกง,อำเภอตาคลี,106
ฮ่องกง,เขตจตุจักร,106
ฮ่องกง,อำเภอฆ้องชัย,105
ฮ่องกง,อำเภอพนา,105
ฮ่องกง,อำเภอนาน้อย,104
ฮ่องกง,อำเภอปาย,104
ฮ่องกง,อำเภอแม่เปิน,104
ฮ่องกง,เขตหนองแขม,104
ฮ่องกง,อำเภอพลับพลาชัย,104
ฮ่องกง,อำเภอโนนดินแดง,104
ฮ่องกง,อำเภอระโนด,103
ฮ่องกง,อำเภอบางมูลนาก,103
ฮ่องกง,อำเภอภูสิงห์,103
ฮ่องกง,อำเภอศรีรัตนะ,102
ฮ่องกง,อำเภอโกสัมพีนคร,102
ฮ่องกง,อำเภอโพธิ์ชัย,100
ฮ่องกง,อำเภอแก่งคอย,100
ฮ่องกง,อำเภอวังหิน,99
ฮ่องกง,อำเภอน้ำขุ่น,99
ฮ่องกง,อำเภอรือเสาะ,99
ฮ่องกง,อำเภอบรรพตพิสัย,99
ฮ่องกง,อำเภอด่านซ้าย,99
ฮ่องกง,อำเภอวชิรบารมี,99
ฮ่องกง,อำเภอตะพานหิน,98
ฮ่องกง,อำเภอวังน้ำเขียว,98
ฮ่องกง,อำเภอสันป่าตอง,97
ฮ่องกง,อำเภอปทุมรัตต์,97
ฮ่องกง,อำเภอไพรบึง,97
ฮ่องกง,อำเภอเมืองนราธิวาส,97
ฮ่องกง,อำเภอนามน,96
ฮ่องกง,อำเภอสามง่าม,95
ฮ่องกง,อำเภอสามชัย,95
ฮ่องกง,อำเภอหล่มเก่า,95
ฮ่องกง,อำเภอห้วยผึ้ง,95
ฮ่องกง,อำเภอกุดบาก,94
ฮ่องกง,อำเภอทุ่งหัวช้าง,94
ฮ่องกง,อำเภอเมืองสระบุรี,94
ฮ่องกง,อำเภอสว่างวีระวงศ์,93
ฮ่องกง,เขตลาดพร้าว,93
ฮ่องกง,อำเภออรัญประเทศ,92
ฮ่องกง,เขตดินแดง,92
ฮ่องกง,อำเภอวังโป่ง,92
ฮ่องกง,อำเภอพยุห์,92
ฮ่องกง,อำเภอสูงเม่น,92
ฮ่องกง,อำเภอพนมสารคาม,92
ฮ่องกง,อำเภอหนองแค,91
ฮ่องกง,อำเภอเมืองพิจิตร,91
ฮ่องกง,อำเภอหัวหิน,91
ฮ่องกง,อำเภอท่าตะโก,90
ฮ่องกง,เขตคันนายาว,89
ฮ่องกง,อำเภอสนม,89
ฮ่องกง,อำเภอชุมตาบง,88
ฮ่องกง,เขตพระโขนง,88
ฮ่องกง,อำเภอหนองหิน,88
ฮ่องกง,อำเภอสันติสุข,87
ฮ่องกง,อำเภอท่าปลา,87
ฮ่องกง,อำเภอดงหลวง,87
ฮ่องกง,อำเภอบ้านโป่ง,87
ฮ่องกง,อำเภอบางปะกง,86
ฮ่องกง,เขตบางนา,86
ฮ่องกง,อำเภอท่าแพ,86
ฮ่องกง,เขตจอมทอง,85
ฮ่องกง,อำเภอเชียงขวัญ,85
ฮ่องกง,เขตหลักสี่,84
ฮ่องกง,อำเภอเมืองนครศรีธรรมราช,84
ฮ่องกง,อำเภอท่าสองยาง,83
ฮ่องกง,อำเภอศรีสมเด็จ,83
ฮ่องกง,อำเภอพยุหะคีรี,82
ฮ่องกง,อำเภอบันนังสตา,82
ฮ่องกง,อำเภอพระนครศรีอยุธยา,82
ฮ่องกง,อำเภอเบญจลักษ์,82
ฮ่องกง,อำเภอเหล่าเสือโก้ก,82
ฮ่องกง,อำเภอวัดโบสถ์,82
ฮ่องกง,เขตธนบุรี,82
ฮ่องกง,อำเภอดอนจาน,82
ฮ่องกง,อำเภอนาดี,81
ฮ่องกง,อำเภอบ้านค่าย,80
ฮ่องกง,อำเภอป่าซาง,80
ฮ่องกง,อำเภอลืออำนาจ,80
ฮ่องกง,อำเภอคำชะอี,79
ฮ่องกง,เขตภาษีเจริญ,79
ฮ่องกง,อำเภอเมืองราชบุรี,79
ฮ่องกง,อำเภอซำสูง,78
ฮ่องกง,อำเภอเวียงเก่า,78
ฮ่องกง,เขตบางซื่อ,78
ฮ่องกง,อำเภอแม่ใจ,78
ฮ่องกง,เขตทุ่งครุ,78
ฮ่องกง,อำเภอเมืองสุพรรณบุรี,77
ฮ่องกง,อำเภอเมืองนครนายก,77
ฮ่องกง,อำเภอหนองบัว,77
ฮ่องกง,อำเภอลานสัก,77
ฮ่องกง,อำเภออุ้มผาง,76
ฮ่องกง,เขตสะพานสูง,76
ฮ่องกง,อำเภอบ้านไร่,76
ฮ่องกง,อำเภอตรอน,75
ฮ่องกง,อำเภอท่าศาลา,75
ฮ่องกง,อำเภอเมืองชัยนาท,74
ฮ่องกง,อำเภอแม่วาง,73
ฮ่องกง,เขตบางบอน,73
ฮ่องกง,อำเภอบาเจาะ,73
ฮ่องกง,อำเภอชัยบาดาล,72
ฮ่องกง,อำเภอหว้านใหญ่,72
ฮ่องกง,อำเภอเมืองปราจีนบุรี,72
ฮ่องกง,อำเภอกรงปินัง,72
ฮ่องกง,อำเภอตากใบ,71
ฮ่องกง,เขตคลองเตย,71
ฮ่องกง,อำเภอโคกสูง,70
ฮ่องกง,อำเภอทองแสนขัน,69
ฮ่องกง,เขตห้วยขวาง,69
ฮ่องกง,อำเภอท่าม่วง,68
ฮ่องกง,อำเภอป่าติ้ว,68
ฮ่องกง,อำเภอโพธิ์ทอง,67
ฮ่องกง,อำเภอโพธิ์ประทับช้าง,67
ฮ่องกง,อำเภอเมืองจันทบุรี,67
ฮ่องกง,อำเภออินทร์บุรี,67
ฮ่องกง,อำเภออุทัย,66
ฮ่องกง,อำเภอเดิมบางนางบวช,66
ฮ่องกง,อำเภอโพนทราย,66
ฮ่องกง,อำเภอท่ามะกา,66
ฮ่องกง,อำเภอโคกสำโรง,66
ฮ่องกง,อำเภอทุ่งศรีอุดม,66
ฮ่องกง,อำเภอบ้านโฮ่ง,65
ฮ่องกง,อำเภอเชียงม่วน,65
ฮ่องกง,อำเภอเสนา,64
ฮ่องกง,อำเภอเมืองตรัง,64
ฮ่องกง,อำเภอน้ำเกลี้ยง,64
ฮ่องกง,อำเภอปราณบุรี,64
ฮ่องกง,อำเภออู่ทอง,64
ฮ่องกง,อำเภอทับคล้อ,63
ฮ่องกง,อำเภอทรายมูล,62
ฮ่องกง,อำเภอสทิงพระ,62
ฮ่องกง,อำเภอลาดหลุมแก้ว,62
ฮ่องกง,อำเภอเมืองประจวบคีรีขันธ์,62
ฮ่องกง,อำเภอบ้านหมี่,61
ฮ่องกง,อำเภอภูหลวง,61
ฮ่องกง,อำเภอนิคมน้ำอูน,60
ฮ่องกง,อำเภอคลองหาด,60
ฮ่องกง,อำเภอระแงะ,60
ฮ่องกง,อำเภอเวียงแหง,59
ฮ่องกง,อำเภอโพธาราม,58
ฮ่องกง,อำเภอซับใหญ่,58
ฮ่องกง,อำเภอมวกเหล็ก,57
ฮ่องกง,อำเภอท่าตะเกียบ,56
ฮ่องกง,อำเภอทุ่งเขาหลวง,56
ฮ่องกง,อำเภอยางชุมน้อย,56
ฮ่องกง,อำเภอวังสมบูรณ์,56
ฮ่องกง,อำเภอกำแพงแสน,56
ฮ่องกง,อำเภอหนองฮี,56
ฮ่องกง,อำเภอตะกั่วป่า,55
ฮ่องกง,อำเภอสะเมิง,55
ฮ่องกง,อำเภอฮอด,55
ฮ่องกง,อำเภอศรีนคร,55
ฮ่องกง,อำเภอแกลง,55
ฮ่องกง,อำเภอศิลาลาด,55
ฮ่องกง,อำเภอทองผาภูมิ,55
ฮ่องกง,อำเภอแม่สะเรียง,55
ฮ่องกง,เขตสาทร,54
ฮ่องกง,อำเภอนครชัยศรี,53
ฮ่องกง,อำเภอสว่างอารมณ์,53
ฮ่องกง,อำเภอเมืองสุราษฎร์ธานี,53
ฮ่องกง,อำเภอกัลยาณิวัฒนา,52
ฮ่องกง,อำเภอไทรน้อย,52
ฮ่องกง,อำเภอมโนรมย์,52
ฮ่องกง,อำเภอดงเจริญ,52
ฮ่องกง,เขตวัฒนา,52
ฮ่องกง,อำเภอบางคล้า,51
ฮ่องกง,เขตบางคอแหลม,51
ฮ่องกง,อำเภออมก๋อย,51
ฮ่องกง,เขตบางกอกน้อย,51
ฮ่องกง,อำเภอรัตภูมิ,51
ฮ่องกง,อำเภอวังทรายพูน,50
ฮ่องกง,อำเภอหนองเสือ,50
ฮ่องกง,อำเภอท่าลี่,50
ฮ่องกง,อำเภอยี่งอ,50
ฮ่องกง,เขตทวีวัฒนา,50
ฮ่องกง,อำเภอกะทู้,49
ฮ่องกง,อำเภอศรีสาคร,49
ฮ่องกง,อำเภอลำสนธิ,49
ฮ่องกง,อำเภอเด่นชัย,49
ฮ่องกง,เขตบางพลัด,49
ฮ่องกง,อำเภอสามโคก,48
ฮ่องกง,อำเภอทุ่งยางแดง,48
ฮ่องกง,อำเภอนาทวี,48
ฮ่องกง,อำเภอแม่ลาน้อย,48
ฮ่องกง,อำเภอสอยดาว,48
ฮ่องกง,อำเภอโพธิ์ศรีสุวรรณ,48
ฮ่องกง,เขตพญาไท,48
ฮ่องกง,อำเภอหนองสูง,47
ฮ่องกง,อำเภอทัพทัน,47
ฮ่องกง,อำเภอเมืองกระบี่,47
ฮ่องกง,อำเภอบางเลน,47
ฮ่องกง,อำเภอตากฟ้า,47
ฮ่องกง,อำเภอชะอำ,47
ฮ่องกง,อำเภอน้ำหนาว,46
ฮ่องกง,อำเภอบึงสามัคคี,46
ฮ่องกง,อำเภอปากพะยูน,45
ฮ่องกง,อำเภอวิเศษชัยชาญ,45
ฮ่องกง,อำเภอสองพี่น้อง,45
ฮ่องกง,อำเภอประจันตคาม,45
ฮ่องกง,อำเภอพัฒนานิคม,45
ฮ่องกง,อำเภอปางมะผ้า,44
ฮ่องกง,อำเภอบ้านธิ,44
ฮ่องกง,อำเภอเมืองสมุทรสงคราม,44
ฮ่องกง,อำเภอลับแล,44
ฮ่องกง,เขตตลิ่งชัน,44
ฮ่องกง,เขตยานนาวา,43
ฮ่องกง,อำเภอหันคา,43
ฮ่องกง,อำเภอเมืองชุมพร,43
ฮ่องกง,เขตราษฎร์บูรณะ,43
ฮ่องกง,อำเภอเมืองเพชรบุรี,43
ฮ่องกง,เขตดุสิต,43
ฮ่องกง,อำเภอเบตง,43
ฮ่องกง,อำเภอเมยวดี,42
ฮ่องกง,อำเภอภูเรือ,42
ฮ่องกง,อำเภอแม่ลาน,42
ฮ่องกง,อำเภอไทยเจริญ,42
ฮ่องกง,อำเภอเมืองแม่ฮ่องสอน,42
ฮ่องกง,อำเภอเมืองอุทัยธานี,42
ฮ่องกง,อำเภอบ้านโพธิ์,41
ฮ่องกง,อำเภอกาบัง,41
ฮ่องกง,อำเภอปากพนัง,41
ฮ่องกง,อำเภอนาหมื่น,41
ฮ่องกง,อำเภอบางสะพาน,41
ฮ่องกง,อำเภอไทรโยค,39
ฮ่องกง,อำเภอควนขนุน,39
ฮ่องกง,อำเภอหนองหญ้าไซ,39
ฮ่องกง,อำเภอหลังสวน,39
ฮ่องกง,อำเภอเมืองตราด,39
ฮ่องกง,อำเภอบ้านสร้าง,39
ฮ่องกง,เขตราชเทวี,38
ฮ่องกง,อำเภอเต่างอย,38
ฮ่องกง,อำเภอทุ่งหว้า,38
ฮ่องกง,อำเภอสามชุก,38
ฮ่องกง,อำเภอสากเหล็ก,37
ฮ่องกง,อำเภอเมืองพัทลุง,37
ฮ่องกง,อำเภอด่านช้าง,37
ฮ่องกง,อำเภอบ้านแพ้ว,36
ฮ่องกง,อำเภอบางปลาม้า,36
ฮ่องกง,อำเภอเมืองระนอง,36
ฮ่องกง,อำเภอเก้าเลี้ยว,36
ฮ่องกง,อำเภอสุไหงปาดี,35
ฮ่องกง,อำเภอบึงนาราง,35
ฮ่องกง,อำเภอสรรคบุรี,35
ฮ่องกง,อำเภอเสาไห้,35
ฮ่องกง,อำเภอเลาขวัญ,35
ฮ่องกง,อำเภอบ้านนา,35
ฮ่องกง,อำเภอจะแนะ,34
ฮ่องกง,อำเภอโคกเจริญ,34
ฮ่องกง,อำเภอควนโดน,34
ฮ่องกง,อำเภอพระพุทธบาท,34
ฮ่องกง,อำเภอองครักษ์,34
ฮ่องกง,อำเภอศรีสวัสดิ์,33
ฮ่องกง,อำเภอผักไห่,33
ฮ่องกง,อำเภอสรรพยา,33
ฮ่องกง,อำเภอท่าเรือ,33
ฮ่องกง,อำเภอทุ่งสง,33
ฮ่องกง,อำเภอบ่อไร่,33
ฮ่องกง,อำเภอโกรกพระ,33
ฮ่องกง,อำเภอร่องคำ,32
ฮ่องกง,อำเภอเมืองอ่างทอง,32
ฮ่องกง,อำเภอร่อนพิบูลย์,32
ฮ่องกง,อำเภอจอมบึง,32
ฮ่องกง,อำเภอควนกาหลง,32
ฮ่องกง,อำเภอบางระจัน,32
ฮ่องกง,อำเภอเกาะสมุย,31
ฮ่องกง,อำเภอบางบาล,31
ฮ่องกง,อำเภอบางน้ำเปรี้ยว,31
ฮ่องกง,อำเภอนครหลวง,31
ฮ่องกง,อำเภอหัวไทร,30
ฮ่องกง,อำเภอเวียงหนองล่อง,30
ฮ่องกง,อำเภอหนองฉาง,30
ฮ่องกง,อำเภอท่าแซะ,29
ฮ่องกง,อำเภอแสวงหา,29
ฮ่องกง,อำเภอเมืองสิงห์บุรี,29
ฮ่องกง,เขตคลองสาน,29
ฮ่องกง,อำเภอศรีมโหสถ,29
ฮ่องกง,อำเภอศรีประจันต์,29
ฮ่องกง,อำเภอหนองม่วงไข่,29
ฮ่องกง,อำเภอเมืองจันทร์,29
ฮ่องกง,อำเภอพนมทวน,29
ฮ่องกง,อำเภอบ่อพลอย,28
ฮ่องกง,อำเภอเชียรใหญ่,28
ฮ่องกง,อำเภอสวนผึ้ง,28
ฮ่องกง,อำเภอดอยหล่อ,28
ฮ่องกง,อำเภอดำเนินสะดวก,28
ฮ่องกง,อำเภอชะอวด,28
ฮ่องกง,อำเภอเขาย้อย,28
ฮ่องกง,อำเภอกะพ้อ,27
ฮ่องกง,อำเภอสุไหงโก-ลก,27
ฮ่องกง,อำเภอบ่อทอง,27
ฮ่องกง,อำเภอสบเมย,27
ฮ่องกง,อำเภอห้วยยอด,27
ฮ่องกง,อำเภอวิหารแดง,27
ฮ่องกง,เขตบางกอกใหญ่,27
ฮ่องกง,อำเภอคลองท่อม,26
ฮ่องกง,อำเภอเจาะไอร้อง,26
ฮ่องกง,อำเภอดอยเต่า,26
ฮ่องกง,อำเภอท่ายาง,26
ฮ่องกง,อำเภอขลุง,26
ฮ่องกง,อำเภอบ้านหลวง,26
ฮ่องกง,อำเภอดอนเจดีย์,26
ฮ่องกง,อำเภอหนองมะโมง,25
ฮ่องกง,อำเภอปะเหลียน,25
ฮ่องกง,อำเภอวังม่วง,25
ฮ่องกง,เขตปทุมวัน,25
ฮ่องกง,อำเภอขุนยวม,25
ฮ่องกง,อำเภอโป่งน้ำร้อน,24
ฮ่องกง,อำเภอวัดสิงห์,24
ฮ่องกง,อำเภอควนเนียง,24
ฮ่องกง,อำเภอสามร้อยยอด,24
ฮ่องกง,อำเภอสามโก้,24
ฮ่องกง,อำเภอปากท่อ,24
ฮ่องกง,อำเภอหนองปรือ,24
ฮ่องกง,อำเภอบางไทร,24
ฮ่องกง,อำเภอเกาะจันทร์,24
ฮ่องกง,อำเภอสวี,24
ฮ่องกง,อำเภอมะนัง,24
ฮ่องกง,อำเภอบางแพ,24
ฮ่องกง,อำเภอท่าหลวง,23
ฮ่องกง,อำเภอภูเพียง,23
ฮ่องกง,อำเภอสังขละบุรี,23
ฮ่องกง,อำเภอพุนพิน,23
ฮ่องกง,อำเภอทับสะแก,22
ฮ่องกง,อำเภอป่าโมก,22
ฮ่องกง,อำเภอสิเกา,22
ฮ่องกง,อำเภอสิชล,22
ฮ่องกง,อำเภอดอนตูม,22
ฮ่องกง,อำเภอมหาราช,21
ฮ่องกง,อำเภอท่าใหม่,21
ฮ่องกง,อำเภอแก่งหางแมว,21
ฮ่องกง,เขตป้อมปราบศัตรูพ่าย,21
ฮ่องกง,อำเภอพุทธมณฑล,21
ฮ่องกง,อำเภอบางกล่ำ,21
ฮ่องกง,อำเภอด่านมะขามเตี้ย,21
ฮ่องกง,อำเภอท่าวุ้ง,21
ฮ่องกง,อำเภอลาดบัวหลวง,21
ฮ่องกง,อำเภอไชโย,20
ฮ่องกง,อำเภอหนองขาหย่าง,20
ฮ่องกง,อำเภออัมพวา,20
ฮ่องกง,อำเภอปากพลี,20
ฮ่องกง,เขตบางรัก,20
ฮ่องกง,อำเภอพรหมบุรี,19
ฮ่องกง,อำเภอบางปะหัน,19
ฮ่องกง,อำเภอแว้ง,19
ฮ่องกง,อำเภอค่ายบางระจัน,19
ฮ่องกง,อำเภอธารโต,19
ฮ่องกง,อำเภอเขาสมิง,19
ฮ่องกง,อำเภอป่าบอน,19
ฮ่องกง,อำเภอกระบุรี,18
ฮ่องกง,อำเภอไม้แก่น,18
ฮ่องกง,อำเภอกาญจนดิษฐ์,18
ฮ่องกง,อำเภอบ้านหมอ,18
ฮ่องกง,อำเภอบ้านแหลม,18
ฮ่องกง,อำเภอทุ่งใหญ่,17
ฮ่องกง,อำเภอเขาชะเมา,17
ฮ่องกง,อำเภอบึงบูรพ์,17
ฮ่องกง,อำเภอท่าชนะ,17
ฮ่องกง,อำเภอกุยบุรี,17
ฮ่องกง,เขตพระนคร,17
ฮ่องกง,อำเภอย่านตาขาว,17
ฮ่องกง,อำเภอบ่อเกลือ,16
ฮ่องกง,อำเภอเขาชัยสน,16
ฮ่องกง,อำเภอห้วยคต,16
ฮ่องกง,อำเภอนาหม่อม,16
ฮ่องกง,อำเภอพระพรหม,16
ฮ่องกง,อำเภอเนินขาม,15
ฮ่องกง,อำเภอเวียงสระ,15
ฮ่องกง,อำเภอหนองใหญ่,15
ฮ่องกง,อำเภอบางสะพานน้อย,14
ฮ่องกง,อำเภอบางซ้าย,14
ฮ่องกง,อำเภอกงหรา,14
ฮ่องกง,อำเภอหนองม่วง,14
ฮ่องกง,อำเภอบ้านลาด,14
ฮ่องกง,อำเภอฉวาง,13
ฮ่องกง,อำเภอกระแสสินธุ์,13
ฮ่องกง,อำเภอวังวิเศษ,13
ฮ่องกง,อำเภอนาแห้ว,13
ฮ่องกง,อำเภอลานสกา,13
ฮ่องกง,อำเภอตะโหมด,13
ฮ่องกง,อำเภอคุระบุรี,13
ฮ่องกง,อำเภอปะทิว,13
ฮ่องกง,อำเภอแหลมสิงห์,13
ฮ่องกง,อำเภอภาชี,12
ฮ่องกง,อำเภอห้วยกระเจา,12
ฮ่องกง,อำเภอเกาะช้าง,12
ฮ่องกง,อำเภอท่าช้าง,11
ฮ่องกง,เขตสัมพันธวงศ์,11
ฮ่องกง,อำเภอนาโยง,11
ฮ่องกง,อำเภอดอนสัก,10
ฮ่องกง,อำเภอทับปุด,10
ฮ่องกง,อำเภอหนองแซง,10
ฮ่องกง,อำเภอวังจันทร์,9
ฮ่องกง,อำเภอเกาะลันตา,9
ฮ่องกง,อำเภอคีรีรัฐนิคม,9
ฮ่องกง,อำเภอราชสาส์น,9
ฮ่องกง,อำเภอบางคนที,9
ฮ่องกง,อำเภอเขาพนม,9
ฮ่องกง,อำเภอทุ่งตะโก,9
ฮ่องกง,อำเภอบ้านนาสาร,9
ฮ่องกง,อำเภอสุคิริน,9
ฮ่องกง,อำเภอเคียนซา,9
ฮ่องกง,อำเภอเหนือคลอง,9
ฮ่องกง,อำเภอบ้านคา,8
ฮ่องกง,อำเภอบางขัน,8
ฮ่องกง,อำเภอปลายพระยา,8
ฮ่องกง,อำเภอคลองหอยโข่ง,8
ฮ่องกง,อำเภอเมืองพังงา,8
ฮ่องกง,อำเภอนบพิตำ,8
ฮ่องกง,อำเภอบางแก้ว,8
ฮ่องกง,อำเภอหนองโดน,8
ฮ่องกง,อำเภอไชยา,8
ฮ่องกง,อำเภอท้ายเหมือง,8
ฮ่องกง,อำเภอสระโบสถ์,8
ฮ่องกง,อำเภอพระแสง,8
ฮ่องกง,อำเภอตะกั่วทุ่ง,8
ฮ่องกง,อำเภอพนม,7
ฮ่องกง,อำเภอป่าพะยอม,7
ฮ่องกง,อำเภออ่าวลึก,7
ฮ่องกง,อำเภอรัษฎา,7
ฮ่องกง,อำเภอคลองใหญ่,7
ฮ่องกง,อำเภอนายายอาม,7
ฮ่องกง,อำเภอมะขาม,7
ฮ่องกง,อำเภอกะเปอร์,7
ฮ่องกง,อำเภอจุฬาภรณ์,7
ฮ่องกง,อำเภอหาดสำราญ,7
ฮ่องกง,อำเภอพิปูน,6
ฮ่องกง,อำเภอหนองหญ้าปล้อง,6
ฮ่องกง,อำเภอลำทับ,6
ฮ่องกง,อำเภอพรหมคีรี,6
ฮ่องกง,อำเภอละอุ่น,6
ฮ่องกง,อำเภอแหลมงอบ,6
ฮ่องกง,อำเภอละแม,6
ฮ่องกง,อำเภอศรีบรรพต,5
ฮ่องกง,อำเภอสุขสำราญ,5
ฮ่องกง,อำเภอถ้ำพรรณรา,5
ฮ่องกง,อำเภอวัดเพลง,5
ฮ่องกง,อำเภอเกาะยาว,5
ฮ่องกง,อำเภอเขาคิชฌกูฏ,5
ฮ่องกง,อำเภอคลองเขื่อน,5
ฮ่องกง,อำเภอพะโต๊ะ,4
ฮ่องกง,อำเภอเกาะพะงัน,4
ฮ่องกง,อำเภอกะปง,4
ฮ่องกง,อำเภอนาบอน,4
ฮ่องกง,อำเภอขนอม,4
ฮ่องกง,อำเภอแก่งกระจาน,4
ฮ่องกง,อำเภอศรีนครินทร์,4
ฮ่องกง,อำเภอเกาะสีชัง,4
ฮ่องกง,อำเภอบ้านตาขุน,4
ฮ่องกง,อำเภอดอนพุด,3
ฮ่องกง,อำเภอช้างกลาง,3
ฮ่องกง,อำเภอบ้านแพรก,3
ฮ่องกง,อำเภอชัยบุรี,2
ฮ่องกง,อำเภอท่าฉาง,2
ฮ่องกง,อำเภอบ้านนาเดิม,1
ฮ่องกง,อำเภอวิภาวดี,1
โปรตุเกส,อำเภอคง,49
โปรตุเกส,อำเภอเมืองอุดรธานี,47
โปรตุเกส,อำเภอเมืองนครราชสีมา,43
โปรตุเกส,อำเภอโพนพิสัย,35
โปรตุเกส,อำเภอเมืองสมุทรปราการ,32
โปรตุเกส,อำเภอเมืองนนทบุรี,32
โปรตุเกส,อำเภอสว่างแดนดิน,32
โปรตุเกส,อำเภอบางพลี,31
โปรตุเกส,อำเภอหนองหาน,31
โปรตุเกส,อำเภอคลองหลวง,29
สวีเดน,อำเภอหนองหาน,167
สวีเดน,อำเภอเมืองอุดรธานี,120
สวีเดน,อำเภอไชยวาน,86
สวีเดน,อำเภอเพ็ญ,82
สวีเดน,อำเภอกุมภวาปี,67
สวีเดน,อำเภอบัวใหญ่,65
สวีเดน,อำเภอกู่แก้ว,64
สวีเดน,อำเภอภูเขียว,61
สวีเดน,อำเภอทุ่งฝน,53
สวีเดน,อำเภอแก้งคร้อ,50
สวีเดน,อำเภอกุดจับ,47
สวีเดน,อำเภอเมืองหนองบัวลำภู,47
สวีเดน,อำเภอสว่างแดนดิน,46
สวีเดน,อำเภอประทาย,44
สวีเดน,อำเภอบ้านดุง,41
สวีเดน,อำเภอเมืองหนองคาย,41
สวีเดน,อำเภอคอนสวรรค์,40
สวีเดน,อำเภอบ้านด่านลานหอย,40
สวีเดน,อำเภอหนองสองห้อง,35
สวีเดน,อำเภอโพนพิสัย,35
สวีเดน,อำเภอเมืองนครพนม,34
สวีเดน,อำเภอบ้านผือ,34
สวีเดน,อำเภอนาทม,31
สวีเดน,อำเภอท่าตูม,30
สวีเดน,อำเภอสบปราบ,28
สวีเดน,อำเภอบำเหน็จณรงค์,28
สวีเดน,อำเภอเมืองชัยภูมิ,27
สวีเดน,อำเภอรัตนวาปี,26
สวีเดน,อำเภอจักราช,26
สวีเดน,อำเภอแวงน้อย,25
สวีเดน,อำเภอเมืองยาง,23
สวีเดน,อำเภอบรบือ,22
สวีเดน,อำเภอหนองเรือ,22
สวีเดน,อำเภอวานรนิวาส,21
สวีเดน,อำเภอพิบูลย์รักษ์,21
สวีเดน,อำเภอชุมพวง,21
สวีเดน,อำเภอพล,20
สวีเดน,อำเภอเสริมงาม,20
สวีเดน,อำเภอบ้านแฮด,20
สวีเดน,อำเภอสร้างคอม,19
สวีเดน,อำเภอเมืองบุรีรัมย์,18
สวีเดน,อำเภอบ้านแท่น,18
สวีเดน,อำเภอบ้านโคก,18
สวีเดน,อำเภอคง,18
สวีเดน,อำเภอเมืองเชียงราย,17
สวีเดน,อำเภอห้วยแถลง,17
สวีเดน,อำเภอศรีสำโรง,17
สวีเดน,อำเภอสุวรรณคูหา,17
สวีเดน,อำเภอนากลาง,17
สวีเดน,อำเภอธาตุพนม,17
สวีเดน,อำเภอคำตากล้า,17
สวีเดน,อำเภอท่าบ่อ,17
สวีเดน,อำเภอลำปลายมาศ,17
สวีเดน,อำเภอภูเวียง,17
สวีเดน,อำเภอศรีบุญเรือง,16
สวีเดน,อำเภอเมืองนครราชสีมา,16
สวีเดน,อำเภอประจักษ์ศิลปาคม,15
สวีเดน,อำเภอท่าอุเทน,15
สวีเดน,อำเภอเทิง,14
สวีเดน,อำเภอปลาปาก,14
สวีเดน,อำเภอน้ำโสม,14
สวีเดน,อำเภอหนองวัวซอ,13
สวีเดน,อำเภอบ้านไผ่,13
สวีเดน,อำเภอบ้านกรวด,13
สวีเดน,อำเภอสวรรคโลก,13
สวีเดน,อำเภอปะคำ,12
สวีเดน,อำเภอเนินสง่า,12
สวีเดน,อำเภอทุ่งเสลี่ยม,12
สวีเดน,อำเภอพุทไธสง,12
สวีเดน,อำเภอเมืองบึงกาฬ,11
สวีเดน,อำเภอเฉลิมพระเกียรติ,11
สวีเดน,อำเภอสีดา,11
สวีเดน,อำเภอเรณูนคร,10
สวีเดน,อำเภอจัตุรัส,10
สวีเดน,อำเภอบ้านใหม่ไชยพจน์,10
สวีเดน,อำเภอห้างฉัตร,10
สวีเดน,อำเภอโนนสัง,10
สวีเดน,อำเภอสีชมพู,10
สวีเดน,อำเภออุบลรัตน์,10
สวีเดน,อำเภอโกสุมพิสัย,10
สวีเดน,อำเภอพยัคฆภูมิพิสัย,10
สวีเดน,อำเภอหนองนาคำ,10
สวีเดน,อำเภอเมืองขอนแก่น,10
สวีเดน,อำเภอแก้งสนามนาง,9
สวีเดน,อำเภอศรีสงคราม,9
สวีเดน,อำเภอหนองแสง,9
สวีเดน,อำเภอบ้านตาก,9
สวีเดน,อำเภอด่านขุนทด,9
สวีเดน,อำเภอดอนมดแดง,9
สวีเดน,อำเภอศรีธาตุ,9
สวีเดน,อำเภอลำทะเมนชัย,9
สวีเดน,อำเภอเทพสถิต,9
สวีเดน,อำเภอจุน,8
สวีเดน,อำเภอศรีสัชนาลัย,8
สวีเดน,อำเภอเวียงเชียงรุ้ง,8
สวีเดน,อำเภอแม่ฟ้าหลวง,8
สวีเดน,อำเภอคูเมือง,8
สวีเดน,อำเภอแวงใหญ่,8
สวีเดน,อำเภอเมืองพะเยา,8
สวีเดน,อำเภอชำนิ,8
สวีเดน,อำเภอโนนสุวรรณ,7
สวีเดน,อำเภอนาวัง,7
สวีเดน,อำเภอน้ำพอง,7
สวีเดน,อำเภอเกาะคา,7
สวีเดน,อำเภอศรีเชียงใหม่,7
สวีเดน,อำเภอแคนดง,7
สวีเดน,อำเภอพรเจริญ,7
สวีเดน,อำเภอชุมแพ,7
สวีเดน,อำเภอตระการพืชผล,7
สวีเดน,อำเภอกุดรัง,7
สวีเดน,อำเภอเมืองอำนาจเจริญ,7
สวีเดน,อำเภอพิชัย,7
สวีเดน,อำเภอเชียงดาว,7
สวีเดน,อำเภอแม่สรวย,7
สวีเดน,อำเภอโนนสะอาด,7
สวีเดน,อำเภอเถิน,7
สวีเดน,อำเภอบัวลาย,6
สวีเดน,อำเภอโนนไทย,6
สวีเดน,อำเภอเฝ้าไร่,6
สวีเดน,อำเภอคลองหลวง,6
สวีเดน,อำเภอนายูง,6
สวีเดน,อำเภอโชคชัย,6
สวีเดน,อำเภอประโคนชัย,6
สวีเดน,อำเภอหนองบุญมาก,6
สวีเดน,อำเภอกระสัง,6
สวีเดน,อำเภอโซ่พิสัย,6
สวีเดน,อำเภอเมืองสกลนคร,6
สวีเดน,อำเภอศรีราชา,6
สวีเดน,อำเภอฆ้องชัย,6
สวีเดน,อำเภอเดชอุดม,6
สวีเดน,อำเภอยางสีสุราช,6
สวีเดน,อำเภอหนองบัวแดง,6
สวีเดน,อำเภอสุวรรณภูมิ,5
สวีเดน,อำเภอปง,5
สวีเดน,อำเภอศรีวิไล,5
สวีเดน,อำเภอวังสามหมอ,5
สวีเดน,อำเภอเมืองเชียงใหม่,5
สวีเดน,อำเภอกันทรวิชัย,5
สวีเดน,อำเภอบางพลี,5
สวีเดน,อำเภอเมืองสุโขทัย,5
สวีเดน,อำเภอบางระกำ,5
สวีเดน,อำเภอโพนนาแก้ว,5
สวีเดน,อำเภอเมืองเพชรบูรณ์,5
สวีเดน,อำเภอสตึก,5
สวีเดน,อำเภอพญาเม็งราย,5
สวีเดน,อำเภอหนองกี่,5
สวีเดน,อำเภอลำลูกกา,4
สวีเดน,อำเภอหนองบัวระเหว,4
สวีเดน,อำเภอสมเด็จ,4
สวีเดน,อำเภอมัญจาคีรี,4
สวีเดน,อำเภอเกษตรสมบูรณ์,4
สวีเดน,อำเภอนครไทย,4
สวีเดน,อำเภอยางตลาด,4
สวีเดน,อำเภอพิมาย,4
สวีเดน,อำเภอเมืองตาก,4
สวีเดน,อำเภอนาโพธิ์,4
สวีเดน,อำเภอหัวตะพาน,4
สวีเดน,อำเภอน้ำยืน,4
สวีเดน,อำเภอโนนศิลา,4
สวีเดน,อำเภอโพนสวรรค์,4
สวีเดน,เขตสวนหลวง,4
สวีเดน,อำเภอแม่สาย,4
สวีเดน,อำเภอเมืองสมุทรปราการ,4
สวีเดน,อำเภอแม่จัน,4
สวีเดน,อำเภอสูงเนิน,4
สวีเดน,อำเภอคอนสาร,4
สวีเดน,อำเภอกระนวน,4
สวีเดน,อำเภออุทุมพรพิสัย,4
สวีเดน,อำเภอวาปีปทุม,4
สวีเดน,อำเภอโนนแดง,4
สวีเดน,อำเภอเมืองกาฬสินธุ์,4
สวีเดน,อำเภอแม่แตง,4
สวีเดน,อำเภอชนแดน,4
สวีเดน,อำเภอบางปะอิน,4
สวีเดน,อำเภอเวียงแก่น,4
สวีเดน,อำเภองาว,4
สวีเดน,อำเภอเมืองสุรินทร์,4
สวีเดน,อำเภอเชียงคำ,3
สวีเดน,อำเภอธวัชบุรี,3
สวีเดน,อำเภอไพรบึง,3
สวีเดน,อำเภอเมืองมุกดาหาร,3
สวีเดน,อำเภอบุณฑริก,3
สวีเดน,อำเภอกันทรลักษ์,3
สวีเดน,อำเภอภูพาน,3
สวีเดน,อำเภอวังทอง,3
สวีเดน,อำเภอร้องกวาง,3
สวีเดน,อำเภอสระใคร,3
สวีเดน,อำเภอเจริญศิลป์,3
สวีเดน,อำเภอพระประแดง,3
สวีเดน,อำเภอนาดูน,3
สวีเดน,อำเภอวาริชภูมิ,3
สวีเดน,อำเภอพรรณานิคม,3
สวีเดน,อำเภอโคกโพธิ์ไชย,3
สวีเดน,อำเภอโนนดินแดง,3
สวีเดน,อำเภออากาศอำนวย,3
สวีเดน,อำเภอบ้านแพง,3
สวีเดน,อำเภอภักดีชุมพล,3
สวีเดน,อำเภอทรายทองวัฒนา,3
สวีเดน,อำเภอกุดข้าวปุ้น,3
สวีเดน,อำเภอบัวเชด,3
สวีเดน,อำเภอพาน,3
สวีเดน,อำเภอโคกศรีสุพรรณ,3
สวีเดน,อำเภอเขาสวนกวาง,3
สวีเดน,อำเภอเมืองร้อยเอ็ด,3
สวีเดน,อำเภอนาเชือก,3
สวีเดน,อำเภอสันทราย,3
สวีเดน,อำเภอเมืองปาน,3
สวีเดน,อำเภอแม่ลาน้อย,3
สวีเดน,อำเภอชุมพลบุรี,3
สวีเดน,อำเภอเซกา,3
สวีเดน,อำเภอปากคาด,3
สวีเดน,อำเภอพนมไพร,3
สวีเดน,อำเภอพร้าว,3
สวีเดน,อำเภอเมืองลำพูน,3
สวีเดน,อำเภอสัตหีบ,3
สวีเดน,อำเภอบางใหญ่,3
สวีเดน,อำเภอบ้านแพ้ว,3
สวีเดน,อำเภอนาแก,3
สวีเดน,อำเภอบางกระทุ่ม,3
สวีเดน,อำเภออาจสามารถ,3
สวีเดน,อำเภอเสิงสาง,3
สวีเดน,อำเภอบ้านเขว้า,3
สวีเดน,อำเภอปัว,3
สวีเดน,อำเภอแม่ริม,3
สวีเดน,อำเภอชาติตระการ,3
สวีเดน,อำเภอศรีสวัสดิ์,3
สวีเดน,อำเภอคลองลาน,3
สวีเดน,อำเภอเปือยน้อย,3
สวีเดน,อำเภอกมลาไสย,3
สวีเดน,อำเภอสามเงา,3
สวีเดน,อำเภอปากช่อง,3
สวีเดน,อำเภอไทรงาม,3
สวีเดน,อำเภอเมืองสมุทรสาคร,3
สวีเดน,อำเภอพิบูลมังสาหาร,3
สวีเดน,อำเภอหนองหงส์,3
สวีเดน,เขตลาดพร้าว,2
สวีเดน,อำเภอปราสาท,2
สวีเดน,อำเภอสันกำแพง,2
สวีเดน,เขตลาดกระบัง,2
สวีเดน,อำเภอบึงสามพัน,2
สวีเดน,อำเภอพรหมบุรี,2
สวีเดน,อำเภอดอนตาล,2
สวีเดน,อำเภอพังโคน,2
สวีเดน,อำเภอผาขาว,2
สวีเดน,อำเภอถลาง,2
สวีเดน,อำเภอโพนทราย,2
สวีเดน,อำเภอนาตาล,2
สวีเดน,อำเภอแม่ระมาด,2
สวีเดน,อำเภอเมืองระยอง,2
สวีเดน,อำเภอเสลภูมิ,2
สวีเดน,อำเภอเมืองอุตรดิตถ์,2
สวีเดน,อำเภอกุฉินารายณ์,2
สวีเดน,อำเภอเมืองนครสวรรค์,2
สวีเดน,อำเภอเมืองกำแพงเพชร,2
สวีเดน,อำเภอบางละมุง,2
สวีเดน,อำเภอคำชะอี,2
สวีเดน,เขตบางกะปิ,2
สวีเดน,อำเภอเมืองสระแก้ว,2
สวีเดน,อำเภอบรรพตพิสัย,2
สวีเดน,เขตบางเขน,2
สวีเดน,อำเภอสันป่าตอง,2
สวีเดน,อำเภอไทยเจริญ,2
สวีเดน,อำเภอกบินทร์บุรี,2
สวีเดน,อำเภอบ้านฝาง,2
สวีเดน,อำเภอเทพารักษ์,2
สวีเดน,อำเภอเสนางคนิคม,2
สวีเดน,อำเภอจังหาร,2
สวีเดน,อำเภอเชียงแสน,2
สวีเดน,อำเภอแม่ทา,2
สวีเดน,อำเภอฟากท่า,2
สวีเดน,อำเภอหางดง,2
สวีเดน,อำเภอสังคม,2
สวีเดน,อำเภอวังทรายพูน,2
สวีเดน,อำเภอแม่สอด,2
สวีเดน,อำเภอนาเยีย,2
สวีเดน,อำเภอปากชม,2
สวีเดน,อำเภอหัวหิน,2
สวีเดน,อำเภอเมืองลำปาง,2
สวีเดน,อำเภอแกดำ,2
สวีเดน,อำเภอวังสะพุง,2
สวีเดน,อำเภอฝาง,2
สวีเดน,อำเภอเกาะช้าง,2
สวีเดน,อำเภอขาณุวรลักษบุรี,2
สวีเดน,อำเภอเชียงยืน,2
สวีเดน,อำเภอเต่างอย,2
สวีเดน,อำเภอสำโรง,2
สวีเดน,อำเภอเมืองลพบุรี,2
สวีเดน,อำเภอตาลสุม,2
สวีเดน,อำเภอพรหมพิราม,2
สวีเดน,อำเภอแม่วงก์,2
สวีเดน,อำเภอพนมสารคาม,2
สวีเดน,อำเภอส่องดาว,2
สวีเดน,อำเภอรัตนบุรี,2
สวีเดน,อำเภอนิคมน้ำอูน,2
สวีเดน,อำเภอนางรอง,2
สวีเดน,อำเภอบ่อพลอย,2
สวีเดน,อำเภอศรีเทพ,2
สวีเดน,อำเภอเมืองปราจีนบุรี,2
สวีเดน,อำเภอขามสะแกแสง,2
สวีเดน,อำเภอโนนสูง,2
สวีเดน,อำเภอแม่อาย,2
สวีเดน,อำเภอบ้านม่วง,2
สวีเดน,อำเภอตรอน,2
สวีเดน,อำเภอหนองไผ่,2
สวีเดน,อำเภอเมืองศรีสะเกษ,2
สวีเดน,อำเภอดอกคำใต้,2
สวีเดน,อำเภอแจ้ห่ม,2
สวีเดน,อำเภอหนองกุงศรี,2
สวีเดน,อำเภอราษีไศล,2
สวีเดน,อำเภอโพธิ์ตาก,2
สวีเดน,อำเภอกำแพงแสน,2
สวีเดน,อำเภอครบุรี,2
สวีเดน,อำเภอจตุรพักตรพิมาน,2
สวีเดน,อำเภอป่าแดด,1
สวีเดน,อำเภอเมืองเลย,1
สวีเดน,อำเภอปากเกร็ด,1
สวีเดน,อำเภอเมืองมหาสารคาม,1
สวีเดน,อำเภอโป่งน้ำร้อน,1
สวีเดน,อำเภอกันทรารมย์,1
สวีเดน,อำเภอเมืองปทุมธานี,1
สวีเดน,เขตบางขุนเทียน,1
สวีเดน,เขตดอนเมือง,1
สวีเดน,อำเภอธัญบุรี,1
สวีเดน,อำเภอเมืองสงขลา,1
สวีเดน,อำเภอค่ายบางระจัน,1
สวีเดน,อำเภอเชียงของ,1
สวีเดน,อำเภอเมืองน่าน,1
สวีเดน,อำเภอคีรีมาศ,1
สวีเดน,อำเภอม่วงสามสิบ,1
สวีเดน,อำเภอทับคล้อ,1
สวีเดน,อำเภอเขาวง,1
สวีเดน,อำเภอยางชุมน้อย,1
สวีเดน,อำเภอสอยดาว,1
สวีเดน,อำเภอกาบเชิง,1
สวีเดน,อำเภอหล่มเก่า,1
สวีเดน,อำเภอชุมตาบง,1
สวีเดน,อำเภอโกสัมพีนคร,1
สวีเดน,อำเภอสนม,1
สวีเดน,อำเภอเมืองพัทลุง,1
สวีเดน,เขตบางคอแหลม,1
สวีเดน,อำเภอนาแห้ว,1
สวีเดน,อำเภอมหาชนะชัย,1
สวีเดน,อำเภอคลองท่อม,1
สวีเดน,อำเภออรัญประเทศ,1
สวีเดน,อำเภอแม่วาง,1
สวีเดน,อำเภอหนองแซง,1
สวีเดน,อำเภอลาดบัวหลวง,1
สวีเดน,อำเภอลี้,1
สวีเดน,อำเภอท่าแซะ,1
สวีเดน,อำเภอขุนตาล,1
สวีเดน,อำเภอสหัสขันธ์,1
สวีเดน,อำเภอสะเดา,1
สวีเดน,อำเภอขุนหาญ,1
สวีเดน,อำเภอภูซาง,1
สวีเดน,อำเภอเนินมะปราง,1
สวีเดน,อำเภอบ้านเหลื่อม,1
สวีเดน,อำเภอแกลง,1
สวีเดน,อำเภอวารินชำราบ,1
สวีเดน,เขตบางกอกน้อย,1
สวีเดน,อำเภอวัฒนานคร,1
สวีเดน,อำเภอสามชัย,1
สวีเดน,อำเภอเหล่าเสือโก้ก,1
สวีเดน,อำเภอนาคู,1
สวีเดน,อำเภอโพนทอง,1
สวีเดน,อำเภอทองแสนขัน,1
สวีเดน,อำเภอขามทะเลสอ,1
สวีเดน,อำเภอดงหลวง,1
สวีเดน,อำเภอพลับพลาชัย,1
สวีเดน,อำเภอภูผาม่าน,1
สวีเดน,เขตจตุจักร,1
สวีเดน,เขตทวีวัฒนา,1
สวีเดน,อำเภอกุดชุม,1
สวีเดน,อำเภอเมืองยโสธร,1
สวีเดน,อำเภอบึงบูรพ์,1
สวีเดน,อำเภอเขาฉกรรจ์,1
สวีเดน,อำเภอท่าวังผา,1
สวีเดน,อำเภอสารภี,1
สวีเดน,อำเภอแม่ลาว,1
สวีเดน,อำเภอจอมทอง,1
สวีเดน,อำเภอเมืองอุทัยธานี,1
สวีเดน,อำเภอท่าตะโก,1
สวีเดน,อำเภอแหลมงอบ,1
สวีเดน,อำเภอขุขันธ์,1
สวีเดน,อำเภอเวียงป่าเป้า,1
สวีเดน,อำเภอบ้านหลวง,1
สวีเดน,อำเภอท่าช้าง,1
สวีเดน,อำเภอลานกระบือ,1
สวีเดน,อำเภอวัดโบสถ์,1
สวีเดน,อำเภอพระทองคำ,1
สวีเดน,อำเภอเมืองราชบุรี,1
สวีเดน,อำเภอภูกามยาว,1
สวีเดน,อำเภอสูงเม่น,1
สวีเดน,เขตคลองเตย,1
สวีเดน,อำเภออุทัย,1
สวีเดน,อำเภอคลองขลุง,1
สวีเดน,อำเภอหนองม่วงไข่,1
สวีเดน,อำเภอสีคิ้ว,1
สวีเดน,อำเภอด่านช้าง,1
สวีเดน,อำเภอปทุมราชวงศา,1
สวีเดน,อำเภอศรีนคร,1
สวีเดน,อำเภอเหนือคลอง,1
สวีเดน,อำเภอเมืองนนทบุรี,1
สวีเดน,เขตทุ่งครุ,1
สวีเดน,อำเภอพนัสนิคม,1
สวีเดน,อำเภอดอยสะเก็ด,1
สวีเดน,อำเภอบางปะกง,1
สวีเดน,อำเภอแก่งคอย,1
สวีเดน,อำเภอหนองโดน,1
สวีเดน,อำเภอพรานกระต่าย,1
สวีเดน,อำเภอเก้าเลี้ยว,1
สวีเดน,อำเภอเมืองชลบุรี,1
สวีเดน,อำเภอบางเสาธง,1
สวีเดน,อำเภอวังน้ำเขียว,1
สวีเดน,อำเภอปาย,1
สวีเดน,อำเภอเกษตรวิสัย,1
สวีเดน,อำเภอหนองพอก,1
สวีเดน,อำเภอแม่เปิน,1
สวีเดน,อำเภอโขงเจียม,1
สวีเดน,อำเภอจอมพระ,1
สวีเดน,อำเภอภูกระดึง,1
สวีเดน,อำเภอเมืองกระบี่,1
สวีเดน,อำเภอเขมราฐ,1
สวีเดน,เขตบางกอกใหญ่,1
สวีเดน,อำเภอเชียงคาน,1
สวีเดน,อำเภอท่าใหม่,1
สวีเดน,อำเภอปลายพระยา,1
สวีเดน,อำเภอสังขะ,1
สวีเดน,อำเภอหนองสูง,1
สวีเดน,อำเภอสามพราน,1
สวีเดน,อำเภอศรีสมเด็จ,1
สวีเดน,อำเภอภูหลวง,1
สวีเดน,อำเภอบุ่งคล้า,1
สวีเดน,อำเภอบ้านสร้าง,1
สวีเดน,อำเภอพระยืน,1
สวีเดน,อำเภอลอง,1
สวีเดน,อำเภอดอนจาน,1
สวีเดน,เขตธนบุรี,1
สวีเดน,อำเภอพระนครศรีอยุธยา,1
สวีเดน,อำเภอกุยบุรี,1
สวีเดน,อำเภอบึงนาราง,1
สวีเดน,อำเภอชัยบาดาล,1
สวีเดน,อำเภอนาหว้า,1
สวีเดน,อำเภอเสาไห้,1
สวีเดน,อำเภอนาจะหลวย,1
สวีเดน,อำเภอบ้านบึง,1
สวีเดน,เขตบางนา,1
สวีเดน,อำเภอกุดบาก,1
สวีเดน,อำเภอห้วยผึ้ง,1
สวีเดน,อำเภอศีขรภูมิ,1
สวีเดน,อำเภอสามง่าม,1
สวีเดน,อำเภอละหานทราย,1
สวีเดน,อำเภอตาคลี,1
สวีเดน,อำเภอนามน,1
สวีเดน,อำเภอตาพระยา,1
สวีเดน,อำเภอเมืองสรวง,1
สวีเดน,อำเภอภูสิงห์,1
แคนาดา,อำเภอแก้งคร้อ,457
แคนาดา,อำเภอบ้านแท่น,138
แคนาดา,อำเภอบ้านผือ,119
แคนาดา,อำเภอภูเขียว,97
แคนาดา,อำเภอบรบือ,90
แคนาดา,อำเภอลำปลายมาศ,82
แคนาดา,อำเภอประโคนชัย,61
แคนาดา,อำเภอหนองบัวแดง,38
แคนาดา,อำเภอครบุรี,38
แคนาดา,อำเภอทุ่งฝน,37
ฮังการี,อำเภอภูเขียว,205
ฮังการี,อำเภอเมืองชัยภูมิ,189
ฮังการี,อำเภอคอนสวรรค์,146
ฮังการี,อำเภอจัตุรัส,128
ฮังการี,อำเภอแก้งคร้อ,109
ฮังการี,อำเภอบำเหน็จณรงค์,95
ฮังการี,อำเภอแก้งสนามนาง,81
ฮังการี,อำเภอเมืองยาง,66
ฮังการี,อำเภอประทาย,57
ฮังการี,อำเภอชาติตระการ,57
ฮังการี,อำเภอบรบือ,55
ฮังการี,อำเภอหนองสองห้อง,46
ฮังการี,อำเภอเมืองนครพนม,43
ฮังการี,อำเภอห้วยแถลง,40
ฮังการี,อำเภอบัวใหญ่,39
ฮังการี,อำเภอคูเมือง,39
ฮังการี,อำเภอเทพสถิต,37
ฮังการี,อำเภอสว่างแดนดิน,33
ฮังการี,อำเภอหนองหาน,30
ฮังการี,อำเภอเมืองอุดรธานี,30
ฮังการี,อำเภอกู่แก้ว,26
ฮังการี,อำเภอโนนสัง,22
ฮังการี,อำเภอกุมภวาปี,22
ฮังการี,อำเภอหนองกี่,20
ฮังการี,อำเภอโนนศิลา,18
ฮังการี,อำเภอหนองบัวแดง,18
ฮังการี,อำเภอบ้านใหม่ไชยพจน์,17
ฮังการี,อำเภอหนองบัวระเหว,15
ฮังการี,อำเภอบ้านแท่น,15
ฮังการี,อำเภอโพนพิสัย,15
ฮังการี,อำเภอแวงน้อย,14
ฮังการี,อำเภอศรีสำโรง,14
ฮังการี,อำเภอนาหว้า,14
ฮังการี,อำเภอแม่ฟ้าหลวง,14
ฮังการี,อำเภอเมืองนครราชสีมา,13
ฮังการี,อำเภอบ้านดุง,12
ฮังการี,อำเภอชุมแพ,12
ฮังการี,อำเภอเมืองหนองบัวลำภู,11
ฮังการี,อำเภอนาเชือก,11
ฮังการี,อำเภอเรณูนคร,11
ฮังการี,อำเภอสุวรรณภูมิ,11
ฮังการี,อำเภอเกษตรสมบูรณ์,11
ฮังการี,อำเภอวังสามหมอ,11
ฮังการี,อำเภอคง,11
ฮังการี,อำเภอสีดา,11
ฮังการี,อำเภอวารินชำราบ,11
ฮังการี,อำเภอหนองวัวซอ,11
ฮังการี,อำเภอทองแสนขัน,10
ฮังการี,อำเภอภูกระดึง,10
ฮังการี,อำเภอเฉลิมพระเกียรติ,10
ฮังการี,อำเภอเสิงสาง,10
ฮังการี,อำเภอเมืองเชียงราย,9
ฮังการี,อำเภอชุมพวง,9
ฮังการี,อำเภอท่าตูม,9
ฮังการี,อำเภอเพ็ญ,9
ฮังการี,อำเภอจักราช,9
ฮังการี,อำเภอประจักษ์ศิลปาคม,8
ฮังการี,อำเภอกระนวน,8
ฮังการี,อำเภอธาตุพนม,8
ฮังการี,อำเภอน้ำยืน,8
ฮังการี,อำเภอกุดรัง,8
ฮังการี,อำเภอศรีราชา,7
ฮังการี,อำเภอกระสัง,7
ฮังการี,อำเภอประโคนชัย,7
ฮังการี,อำเภอสำโรง,7
ฮังการี,อำเภอเซกา,7
ฮังการี,อำเภอสร้างคอม,7
ฮังการี,อำเภอซับใหญ่,7
ฮังการี,อำเภอเชียงของ,7
ฮังการี,อำเภอสบปราบ,7
ฮังการี,อำเภอพล,7
ฮังการี,อำเภอบ้านไผ่,7
ฮังการี,อำเภอเดชอุดม,7
ฮังการี,อำเภอแม่สาย,6
ฮังการี,อำเภออรัญประเทศ,6
ฮังการี,อำเภอทุ่งฝน,6
ฮังการี,อำเภอบ้านเขว้า,6
ฮังการี,อำเภอยางตลาด,6
ฮังการี,อำเภอพาน,6
ฮังการี,อำเภอเมืองมหาสารคาม,6
ฮังการี,อำเภอบ้านเหลื่อม,6
ฮังการี,อำเภอแม่ทะ,6
ฮังการี,อำเภอรัตนวาปี,6
ฮังการี,อำเภอเมืองขอนแก่น,6
ฮังการี,อำเภอเสริมงาม,5
ฮังการี,อำเภอพิมาย,5
ฮังการี,อำเภอเฝ้าไร่,5
ฮังการี,อำเภอไพศาลี,5
ฮังการี,อำเภอสตึก,5
ฮังการี,อำเภอเมืองเชียงใหม่,5
ฮังการี,อำเภอคลองหลวง,5
ฮังการี,อำเภอพนมไพร,5
ฮังการี,อำเภอโนนสูง,5
ฮังการี,อำเภอเมืองสุโขทัย,5
ฮังการี,อำเภออุทุมพรพิสัย,5
ฮังการี,อำเภอหนองหงส์,5
ฮังการี,อำเภอเมืองสกลนคร,5
ฮังการี,อำเภอสีชมพู,5
ฮังการี,อำเภอคลองลาน,5
ฮังการี,อำเภอศรีธาตุ,5
ฮังการี,อำเภอด่านขุนทด,4
ฮังการี,อำเภอศรีสงคราม,4
ฮังการี,อำเภอหนองนาคำ,4
ฮังการี,อำเภอเวียงเชียงรุ้ง,4
ฮังการี,อำเภอคำเขื่อนแก้ว,4
ฮังการี,อำเภอลำปลายมาศ,4
ฮังการี,อำเภอลำทะเมนชัย,4
ฮังการี,อำเภอบ้านแฮด,4
ฮังการี,อำเภอปลวกแดง,4
ฮังการี,อำเภอวานรนิวาส,4
ฮังการี,อำเภอโนนนารายณ์,4
ฮังการี,อำเภอเชียงคำ,4
ฮังการี,อำเภอเถิน,4
ฮังการี,อำเภอสูงเนิน,4
ฮังการี,อำเภอวังทอง,4
ฮังการี,อำเภอเมืองหนองคาย,4
ฮังการี,อำเภอสังขะ,4
ฮังการี,เขตวังทองหลาง,4
ฮังการี,อำเภอพุทไธสง,4
ฮังการี,อำเภอละหานทราย,4
ฮังการี,อำเภอปทุมรัตต์,4
ฮังการี,อำเภอพรเจริญ,4
ฮังการี,อำเภอกันทรวิชัย,4
ฮังการี,อำเภอพิชัย,4
ฮังการี,อำเภอโคกโพธิ์ไชย,4
ฮังการี,อำเภอหนองไผ่,4
ฮังการี,อำเภออุบลรัตน์,4
ฮังการี,อำเภอสุวรรณคูหา,4
ฮังการี,อำเภอหล่มสัก,4
ฮังการี,อำเภอบุณฑริก,4
ฮังการี,อำเภอบางกรวย,4
ฮังการี,อำเภอเปือยน้อย,3
ฮังการี,อำเภอหนองบุญมาก,3
ฮังการี,อำเภอบ้านด่านลานหอย,3
ฮังการี,อำเภอชนแดน,3
ฮังการี,อำเภอเมืองระยอง,3
ฮังการี,อำเภอท่าบ่อ,3
ฮังการี,อำเภอบางละมุง,3
ฮังการี,อำเภอเชียงดาว,3
ฮังการี,อำเภอศรีบุญเรือง,3
ฮังการี,อำเภอโพธิ์ตาก,3
ฮังการี,อำเภอลาดยาว,3
ฮังการี,อำเภอคอนสาร,3
ฮังการี,อำเภอชานุมาน,3
ฮังการี,อำเภอเมืองกาฬสินธุ์,3
ฮังการี,อำเภอชุมพลบุรี,3
ฮังการี,อำเภอบ้านผือ,3
ฮังการี,อำเภอพระสมุทรเจดีย์,3
ฮังการี,อำเภอเมืองตาก,3
ฮังการี,อำเภอบางบัวทอง,3
ฮังการี,อำเภอเมืองชลบุรี,3
ฮังการี,อำเภอฆ้องชัย,3
ฮังการี,อำเภอน้ำขุ่น,3
ฮังการี,อำเภอบางระกำ,3
ฮังการี,อำเภอเขื่องใน,3
ฮังการี,อำเภอเชียงยืน,3
ฮังการี,อำเภอขามทะเลสอ,3
ฮังการี,อำเภอศิลาลาด,3
ฮังการี,อำเภอกุสุมาลย์,3
ฮังการี,อำเภอสัตหีบ,3
ฮังการี,อำเภอภักดีชุมพล,3
ฮังการี,อำเภอบ้านม่วง,3
ฮังการี,อำเภอเมืองกำแพงเพชร,3
ฮังการี,อำเภอกุดจับ,3
ฮังการี,อำเภอเต่างอย,2
ฮังการี,อำเภอเขาวง,2
ฮังการี,อำเภอขุนหาญ,2
ฮังการี,อำเภอโพนสวรรค์,2
ฮังการี,อำเภอตากฟ้า,2
ฮังการี,อำเภอโกสุมพิสัย,2
ฮังการี,เขตบึงกุ่ม,2
ฮังการี,อำเภอกุฉินารายณ์,2
ฮังการี,อำเภอกระทุ่มแบน,2
ฮังการี,อำเภอภูเวียง,2
ฮังการี,อำเภอขามสะแกแสง,2
ฮังการี,อำเภอแปลงยาว,2
ฮังการี,อำเภอหางดง,2
ฮังการี,อำเภอโซ่พิสัย,2
ฮังการี,อำเภอสันทราย,2
ฮังการี,อำเภอบางพลี,2
ฮังการี,อำเภอรัตนบุรี,2
ฮังการี,อำเภอหนองกุงศรี,2
ฮังการี,อำเภอเมืองบุรีรัมย์,2
ฮังการี,อำเภอกันทรารมย์,2
ฮังการี,อำเภอโนนสะอาด,2
ฮังการี,อำเภอเมืองพิจิตร,2
ฮังการี,อำเภอจุน,2
ฮังการี,เขตลาดกระบัง,2
ฮังการี,อำเภอยางสีสุราช,2
ฮังการี,อำเภอนาจะหลวย,2
ฮังการี,อำเภอพรหมพิราม,2
ฮังการี,อำเภอดงเจริญ,2
ฮังการี,อำเภอพยัคฆภูมิพิสัย,2
ฮังการี,อำเภอหนองแสง,2
ฮังการี,อำเภอเมืองแพร่,2
ฮังการี,อำเภอเอราวัณ,2
ฮังการี,เขตบางขุนเทียน,2
ฮังการี,อำเภอโนนสุวรรณ,2
ฮังการี,อำเภอขุขันธ์,2
ฮังการี,เขตมีนบุรี,2
ฮังการี,อำเภอแก่งคอย,2
ฮังการี,อำเภอกบินทร์บุรี,2
ฮังการี,อำเภอเมืองศรีสะเกษ,2
ฮังการี,อำเภออากาศอำนวย,2
ฮังการี,อำเภอเมืองพิษณุโลก,2
ฮังการี,อำเภอขาณุวรลักษบุรี,2
ฮังการี,อำเภอนาวัง,2
ฮังการี,อำเภอเมืองเพชรบูรณ์,2
ฮังการี,อำเภอศรีเทพ,2
ฮังการี,อำเภอลำลูกกา,2
ฮังการี,อำเภอทุ่งเสลี่ยม,2
ฮังการี,อำเภอโคกศรีสุพรรณ,2
ฮังการี,อำเภอปลาปาก,2
ฮังการี,อำเภอโพธิ์ทอง,2
ฮังการี,อำเภอโพนทอง,2
ฮังการี,อำเภอนิคมพัฒนา,2
ฮังการี,อำเภอเจริญศิลป์,2
ฮังการี,อำเภอเมืองนครปฐม,2
ฮังการี,อำเภอเมืองนนทบุรี,2
ฮังการี,เขตบางเขน,2
ฮังการี,อำเภอนาโพธิ์,2
ฮังการี,อำเภอห้วยราช,2
ฮังการี,อำเภอเมืองอุตรดิตถ์,2
ฮังการี,อำเภอแม่สรวย,2
ฮังการี,อำเภอหล่มเก่า,2
ฮังการี,อำเภอเนินสง่า,2
ฮังการี,อำเภอเมืองบึงกาฬ,2
ฮังการี,อำเภอเกาะคา,2
ฮังการี,อำเภอปทุมราชวงศา,2
ฮังการี,อำเภอมัญจาคีรี,2
ฮังการี,อำเภอโนนไทย,2
ฮังการี,อำเภอนางรอง,2
ฮังการี,อำเภอเมืองอุบลราชธานี,2
ฮังการี,อำเภอสามง่าม,2
ฮังการี,อำเภอกันทรลักษ์,2
ฮังการี,อำเภอเชียงกลาง,2
ฮังการี,อำเภอราษีไศล,2
ฮังการี,อำเภอเมืองสุพรรณบุรี,2
ฮังการี,อำเภอสหัสขันธ์,2
ฮังการี,อำเภอแม่ทา,1
ฮังการี,อำเภอเมืองสมุทรปราการ,1
ฮังการี,อำเภอศรีเชียงใหม่,1
ฮังการี,อำเภอบ้านบึง,1
ฮังการี,อำเภอชัยบาดาล,1
ฮังการี,อำเภอคลองขลุง,1
ฮังการี,อำเภอสวรรคโลก,1
ฮังการี,อำเภอปง,1
ฮังการี,เขตธนบุรี,1
ฮังการี,อำเภออุทัย,1
ฮังการี,เขตบางกะปิ,1
ฮังการี,อำเภอหาดใหญ่,1
ฮังการี,อำเภอเมืองสุรินทร์,1
ฮังการี,อำเภอเมืองจันทบุรี,1
ฮังการี,อำเภอบึงสามัคคี,1
ฮังการี,เขตคลองเตย,1
ฮังการี,อำเภอวังน้อย,1
ฮังการี,อำเภอปากเกร็ด,1
ฮังการี,อำเภอเมืองนครสวรรค์,1
ฮังการี,อำเภอปะทิว,1
ฮังการี,อำเภอเมืองตรัง,1
ฮังการี,อำเภอน้ำเกลี้ยง,1
ฮังการี,อำเภอโพธิ์ไทร,1
ฮังการี,อำเภอเมืองแม่ฮ่องสอน,1
ฮังการี,อำเภอแม่สะเรียง,1
ฮังการี,อำเภอส่องดาว,1
ฮังการี,อำเภอเมืองมุกดาหาร,1
ฮังการี,อำเภอบ้านกรวด,1
ฮังการี,เขตหนองจอก,1
ฮังการี,อำเภอเมืองน่าน,1
ฮังการี,อำเภอทรายมูล,1
ฮังการี,อำเภอนาคู,1
ฮังการี,อำเภอฝาง,1
ฮังการี,อำเภอสอยดาว,1
ฮังการี,อำเภอกันตัง,1
ฮังการี,อำเภอกุดข้าวปุ้น,1
ฮังการี,อำเภอสารภี,1
ฮังการี,อำเภอแม่สอด,1
ฮังการี,อำเภอบางบาล,1
ฮังการี,อำเภอน้ำโสม,1
ฮังการี,เขตจตุจักร,1
ฮังการี,อำเภอเทิง,1
ฮังการี,อำเภอคลองเขื่อน,1
ฮังการี,เขตคันนายาว,1
ฮังการี,อำเภอโพนทราย,1
ฮังการี,อำเภอบึงโขงหลง,1
ฮังการี,อำเภอเมืองกาญจนบุรี,1
ฮังการี,อำเภอทุ่งช้าง,1
ฮังการี,อำเภอวัดเพลง,1
ฮังการี,อำเภอสากเหล็ก,1
ฮังการี,อำเภอแม่อาย,1
ฮังการี,อำเภอคีรีมาศ,1
ฮังการี,อำเภอโขงเจียม,1
ฮังการี,อำเภอแม่จัน,1
ฮังการี,อำเภอสามพราน,1
ฮังการี,อำเภอแม่พริก,1
ฮังการี,อำเภอด่านซ้าย,1
ฮังการี,อำเภอเมืองสระแก้ว,1
ฮังการี,อำเภอบ้านฝาง,1
ฮังการี,อำเภอวังวิเศษ,1
ฮังการี,อำเภอค้อวัง,1
ฮังการี,อำเภอปากช่อง,1
ฮังการี,อำเภอสามชัย,1
ฮังการี,อำเภอพนัสนิคม,1
ฮังการี,อำเภอกระบุรี,1
ฮังการี,อำเภอพิบูลมังสาหาร,1
ฮังการี,อำเภอศรีวิไล,1
ฮังการี,อำเภอค่ายบางระจัน,1
ฮังการี,อำเภอโพนนาแก้ว,1
ฮังการี,อำเภอหนองสูง,1
ฮังการี,อำเภอรัตภูมิ,1
ฮังการี,อำเภอโชคชัย,1
ฮังการี,อำเภอปราสาท,1
ฮังการี,อำเภอซำสูง,1
ฮังการี,อำเภอบรรพตพิสัย,1
ฮังการี,อำเภอบ้านโฮ่ง,1
ฮังการี,เขตหนองแขม,1
ฮังการี,อำเภอนายูง,1
ฮังการี,อำเภอสระใคร,1
ฮังการี,อำเภอเมืองนครศรีธรรมราช,1
ฮังการี,อำเภอเขมราฐ,1
ฮังการี,อำเภอเมืองอำนาจเจริญ,1
ฮังการี,อำเภอกุดชุม,1
ฮังการี,อำเภอเสนา,1
ฮังการี,อำเภอเขาพนม,1
ฮังการี,อำเภอจะนะ,1
ฮังการี,อำเภอทรายทองวัฒนา,1
ฮังการี,อำเภอวังเหนือ,1
ฮังการี,อำเภอเมืองลำปาง,1
ฮังการี,อำเภอบางบ่อ,1
ฮังการี,อำเภอนิคมคำสร้อย,1
ฮังการี,อำเภอเกาะสมุย,1
ฮังการี,อำเภออาจสามารถ,1
ฮังการี,อำเภอปัว,1
ฮังการี,อำเภอเมืองพัทลุง,1
ฮังการี,อำเภอนามน,1
ฮังการี,อำเภอบางใหญ่,1
ฮังการี,อำเภอท่ายาง,1
ฮังการี,อำเภอสวี,1
ฮังการี,อำเภอวัฒนานคร,1
ฮังการี,อำเภอเมืองร้อยเอ็ด,1
ฮังการี,อำเภอพระทองคำ,1
ฮังการี,อำเภอไชยวาน,1
ฮังการี,อำเภอนาตาล,1
ฮังการี,อำเภอคำตากล้า,1
ฮังการี,อำเภอลานกระบือ,1
ฮังการี,อำเภอหนองเรือ,1
ฮังการี,อำเภอวาริชภูมิ,1
ฮังการี,อำเภอเมืองสมุทรสาคร,1
ฮังการี,อำเภอแวงใหญ่,1
ฮังการี,อำเภอนาแก,1
ฮังการี,อำเภอเมืองปราจีนบุรี,1
ฮังการี,อำเภอท่าสองยาง,1
ฮังการี,อำเภอพานทอง,1
ฮังการี,อำเภอศรีสมเด็จ,1
ฮังการี,อำเภอวัดโบสถ์,1
ฮังการี,อำเภอท่าปลา,1
ฮังการี,อำเภอปราณบุรี,1
ฮังการี,อำเภอเมืองชุมพร,1
ฮังการี,อำเภอเกษตรวิสัย,1
ฮังการี,เขตบางรัก,1
ฮังการี,อำเภอคำชะอี,1
ฮังการี,อำเภอบ้านด่าน,1
ฮังการี,อำเภอสนม,1
ฮังการี,อำเภอท่าลี่,1
ฮังการี,อำเภอศรีรัตนะ,1
ฮังการี,อำเภอเชียงขวัญ,1
ฮังการี,อำเภอท่าตะโก,1
ฮังการี,อำเภอขลุง,1
ฮังการี,อำเภอยางชุมน้อย,1
ฮังการี,อำเภอมหาชนะชัย,1
ฮังการี,อำเภอแม่ลาว,1
ฮังการี,เขตประเวศ,1
ฮังการี,อำเภอเวียงแหง,1
ฮังการี,อำเภอเมืองปทุมธานี,1
ฮังการี,เขตบางกอกใหญ่,1
ฮังการี,อำเภอลับแล,1
ฮังการี,อำเภอนาดูน,1
ฮังการี,อำเภอภูหลวง,1
ฮังการี,อำเภอแจ้ห่ม,1
ฮังการี,อำเภอปักธงชัย,1
ฮังการี,อำเภอชำนิ,1
ฮังการี,อำเภอเชียงคาน,1
ฮังการี,อำเภอเลิงนกทา,1
ฮังการี,อำเภอโพธาราม,1
ฮังการี,อำเภอชื่นชม,1
ฮังการี,เขตบางแค,1
ฮังการี,อำเภอเขาสวนกวาง,1
ฮังการี,อำเภอศรีประจันต์,1
ฮังการี,อำเภอเทพารักษ์,1
ฮังการี,อำเภอปะคำ,1
ฮังการี,อำเภอตาลสุม,1
ฮังการี,อำเภอกมลาไสย,1
ฮังการี,อำเภอวิเชียรบุรี,1
ฮังการี,อำเภอบัวลาย,1
ฮังการี,อำเภอเบญจลักษ์,1
ฮังการี,อำเภอภูผาม่าน,1
ฮังการี,เขตสายไหม,1
ยูเออี,อำเภอแก้งคร้อ,400
ยูเออี,อำเภอบ้านแท่น,76
ยูเออี,อำเภอมัญจาคีรี,71
ยูเออี,อำเภอสุวรรณคูหา,47
ยูเออี,อำเภอสิรินธร,47
ยูเออี,อำเภอโคกโพธิ์ไชย,41
ยูเออี,อำเภอครบุรี,39
ยูเออี,อำเภอภูเขียว,38
ยูเออี,อำเภอเมืองหนองบัวลำภู,32
ยูเออี,อำเภอเสิงสาง,31
ยูเออี,อำเภอกู่แก้ว,69
ยูเออี,อำเภอเมืองอุดรธานี,54
ยูเออี,อำเภอบ้านผือ,47
ยูเออี,อำเภอหนองหาน,30
ยูเออี,อำเภอแม่วงก์,30
ยูเออี,อำเภอห้วยแถลง,29
ยูเออี,อำเภอเถิน,21
ยูเออี,อำเภอโพนพิสัย,21
ยูเออี,อำเภอลำปลายมาศ,20
ยูเออี,อำเภอบางละมุง,18
ลาว,อำเภอแก้งคร้อ,400
ลาว,อำเภอบ้านแท่น,76
ลาว,อำเภอมัญจาคีรี,71
ลาว,อำเภอสิรินธร,47
ลาว,อำเภอสุวรรณคูหา,47
ลาว,อำเภอโคกโพธิ์ไชย,41
ลาว,อำเภอครบุรี,39
ลาว,อำเภอภูเขียว,38
ลาว,อำเภอเมืองหนองบัวลำภู,32
ลาว,อำเภอเสิงสาง,31
ลาว,อำเภอเกษตรวิสัย,30
ลาว,อำเภอบ้านผือ,29
ลาว,อำเภอเกษตรสมบูรณ์,28
ลาว,อำเภอเมืองอุดรธานี,26
ลาว,อำเภอหนองบัวแดง,24
ลาว,อำเภอนากลาง,23
ลาว,อำเภอน้ำพอง,22
ลาว,อำเภอแม่ทะ,20
ลาว,อำเภอสีชมพู,18
ลาว,อำเภอคอนสวรรค์,17
ลาว,อำเภอเมืองชัยภูมิ,17
ลาว,อำเภอภูผาม่าน,16
ลาว,อำเภอศรีเมืองใหม่,13
ลาว,อำเภอเมืองขอนแก่น,13
ลาว,อำเภอลำปลายมาศ,13
ลาว,อำเภอบ้านเขว้า,13
ลาว,อำเภอทุ่งฝน,13
ลาว,อำเภอผาขาว,13
ลาว,อำเภอหนองหาน,13
ลาว,อำเภอโกสุมพิสัย,13
ลาว,อำเภอคง,12
ลาว,อำเภอหนองเรือ,12
ลาว,อำเภอเพ็ญ,12
ลาว,อำเภอบัวใหญ่,12
ลาว,อำเภอสังคม,12
ลาว,อำเภอพิบูลมังสาหาร,11
ลาว,อำเภอแม่เปิน,11
ลาว,อำเภอหนองบัวระเหว,11
ลาว,อำเภอสว่างแดนดิน,11
ลาว,อำเภอภักดีชุมพล,10
ลาว,อำเภอเมืองพิษณุโลก,10
ลาว,อำเภอน้ำโสม,10
ลาว,อำเภอศรีบุญเรือง,10
ลาว,อำเภอเมืองเชียงราย,9
ลาว,อำเภอเดชอุดม,9
ลาว,อำเภอหนองหงส์,9
ลาว,อำเภอแวงน้อย,9
ลาว,อำเภอจักราช,9
ลาว,อำเภอจอมพระ,9
ลาว,อำเภอบ้านฝาง,8
ลาว,อำเภอชนบท,8
ลาว,อำเภอเมืองกาฬสินธุ์,8
ลาว,อำเภอจัตุรัส,8
ลาว,อำเภอบ้านไผ่,7
ลาว,อำเภอหนองวัวซอ,7
ลาว,อำเภอโขงเจียม,7
ลาว,อำเภอสุวรรณภูมิ,7
ลาว,อำเภอท่าคันโท,7
ลาว,อำเภอหนองสองห้อง,7
ลาว,อำเภอกุดจับ,7
ลาว,อำเภอโนนศิลา,6
ลาว,อำเภอศรีธาตุ,6
ลาว,อำเภอบ้านดุง,6
ลาว,อำเภอเนินมะปราง,6
ลาว,อำเภอเมืองนครราชสีมา,6
ลาว,อำเภอบางละมุง,6
ลาว,เขตห้วยขวาง,5
ลาว,อำเภอเมืองบึงกาฬ,5
ลาว,อำเภอปากช่อง,5
ลาว,อำเภอชุมแพ,5
ลาว,อำเภอกุดรัง,5
ลาว,อำเภอสระใคร,5
ลาว,อำเภอโนนไทย,5
ลาว,อำเภอสีคิ้ว,5
ลาว,อำเภอท่าบ่อ,5
ลาว,อำเภอเมืองนนทบุรี,5
ลาว,อำเภอเทพสถิต,5
ลาว,อำเภอพล,5
ลาว,อำเภอกันทรารมย์,5
ลาว,อำเภอพยัคฆภูมิพิสัย,5
ลาว,อำเภอยางตลาด,5
ลาว,อำเภอเมืองสกลนคร,5
ลาว,อำเภอวานรนิวาส,5
ลาว,อำเภอน้ำขุ่น,5
ลาว,อำเภอไชยวาน,5
ลาว,อำเภอเมืองนครพนม,4
ลาว,อำเภอนาวัง,4
ลาว,อำเภอบ้านม่วง,4
ลาว,อำเภอศรีเทพ,4
ลาว,เขตสาทร,4
ลาว,อำเภออากาศอำนวย,4
ลาว,อำเภอลำดวน,4
ลาว,อำเภอนายูง,4
ลาว,อำเภอวังทอง,4
ลาว,อำเภอเมืองเพชรบูรณ์,4
ลาว,อำเภอเมืองหนองคาย,4
ลาว,อำเภอด่านขุนทด,4
ลาว,เขตจตุจักร,4
ลาว,อำเภอประทาย,4
ลาว,อำเภออาจสามารถ,4
ลาว,เขตวัฒนา,4
ลาว,อำเภอโนนสัง,4
ลาว,อำเภอเมืองมุกดาหาร,4
ลาว,อำเภอม่วงสามสิบ,4
ลาว,อำเภอภูเวียง,4
ลาว,อำเภอเกาะคา,4
ลาว,อำเภอวังม่วง,4
ลาว,อำเภอเมืองสุรินทร์,4
ลาว,อำเภอเฝ้าไร่,4
ลาว,อำเภอรัตนวาปี,4
ลาว,อำเภอละหานทราย,4
ลาว,อำเภอพรเจริญ,4
ลาว,อำเภอกระนวน,4
ลาว,อำเภอเซกา,4
ลาว,อำเภอเทพารักษ์,3
ลาว,เขตประเวศ,3
ลาว,อำเภอเมืองร้อยเอ็ด,3
ลาว,อำเภอวาปีปทุม,3
ลาว,อำเภอนาจะหลวย,3
ลาว,อำเภอภูกระดึง,3
ลาว,อำเภอโพนพิสัย,3
ลาว,อำเภอแม่เมาะ,3
ลาว,อำเภอแม่สอด,3
ลาว,อำเภอลำลูกกา,3
ลาว,อำเภอเมืองสมุทรปราการ,3
ลาว,อำเภอเมืองเชียงใหม่,3
ลาว,อำเภอขุนหาญ,3
ลาว,อำเภออุบลรัตน์,3
ลาว,เขตลาดกระบัง,3
ลาว,อำเภอเมืองเลย,3
ลาว,อำเภอขุขันธ์,3
ลาว,เขตสะพานสูง,3
ลาว,อำเภอกันทรลักษ์,3
ลาว,อำเภอคลองหาด,3
ลาว,อำเภอพัฒนานิคม,3
ลาว,อำเภอประจักษ์ศิลปาคม,3
ลาว,อำเภอบางระกำ,3
ลาว,อำเภอชุมพลบุรี,3
ลาว,เขตธนบุรี,3
ลาว,อำเภอชุมพวง,3
ลาว,อำเภอเบญจลักษ์,3
ลาว,อำเภอโคกสำโรง,3
ลาว,อำเภอภูพาน,3
ลาว,อำเภอศรีวิไล,3
ลาว,เขตบางกะปิ,3
ลาว,เขตพระโขนง,3
ลาว,อำเภอบ้านกรวด,3
ลาว,อำเภอสันทราย,3
ลาว,อำเภอเมืองลพบุรี,3
ลาว,อำเภอดอกคำใต้,3
ลาว,อำเภอเมืองตาก,3
ลาว,อำเภอนาเยีย,3
ลาว,อำเภอเขื่องใน,3
ลาว,อำเภอพระยืน,3
ลาว,อำเภอบ้านด่านลานหอย,2
ลาว,อำเภอกุฉินารายณ์,2
ลาว,อำเภอบางพลี,2
ลาว,อำเภอสร้างคอม,2
ลาว,อำเภอบุณฑริก,2
ลาว,อำเภอหนองหิน,2
ลาว,อำเภอโชคชัย,2
ลาว,อำเภอหนองไผ่,2
ลาว,เขตคลองสามวา,2
ลาว,อำเภอกุมภวาปี,2
ลาว,อำเภอแม่ลาน้อย,2
ลาว,อำเภอศรีสงคราม,2
ลาว,อำเภอหนองบุญมาก,2
ลาว,อำเภอคลองหลวง,2
ลาว,อำเภอเมืองกาญจนบุรี,2
ลาว,อำเภองาว,2
ลาว,อำเภอบ้านด่าน,2
ลาว,อำเภอเมืองปาน,2
ลาว,อำเภอสูงเนิน,2
ลาว,อำเภอคอนสาร,2
ลาว,อำเภอปักธงชัย,2
ลาว,อำเภอเมืองมหาสารคาม,2
ลาว,อำเภอหนองกี่,2
ลาว,อำเภอตาลสุม,2
ลาว,อำเภอนาคู,2
ลาว,เขตบึงกุ่ม,2
ลาว,เขตคลองเตย,2
ลาว,อำเภอท่ามะกา,2
ลาว,อำเภอภูสิงห์,2
ลาว,อำเภอไทรงาม,2
ลาว,อำเภอพยุห์,2
ลาว,อำเภอสตึก,2
ลาว,อำเภอนาดูน,2
ลาว,อำเภอสามพราน,2
ลาว,อำเภอเมืองสระแก้ว,2
ลาว,อำเภอเชียงคาน,2
ลาว,อำเภอพิบูลย์รักษ์,2
ลาว,อำเภอกระสัง,2
ลาว,อำเภอเชียงคำ,2
ลาว,อำเภอเวียงเก่า,2
ลาว,อำเภอพลับพลาชัย,2
ลาว,อำเภอหนองจิก,2
ลาว,อำเภอศรีเชียงใหม่,2
ลาว,อำเภอธัญบุรี,2
ลาว,อำเภอเขาฉกรรจ์,2
ลาว,อำเภอท่าตูม,2
ลาว,อำเภอหนองแสง,2
ลาว,อำเภอวังสามหมอ,2
ลาว,อำเภอสนามชัยเขต,2
ลาว,อำเภอพิมาย,2
ลาว,อำเภอโนนสูง,2
ลาว,อำเภอเมืองอุบลราชธานี,2
ลาว,อำเภอบึงโขงหลง,2
ลาว,อำเภอจังหาร,2
ลาว,อำเภอพรหมพิราม,2
ลาว,อำเภอสมเด็จ,2
ลาว,อำเภอตะกั่วป่า,2
ลาว,เขตราชเทวี,2
ลาว,อำเภอเปือยน้อย,2
ลาว,อำเภอเมืองกำแพงเพชร,2
ลาว,เขตบางพลัด,2
ลาว,อำเภอคลองลาน,2
ลาว,อำเภอเมืองลำปาง,2
ลาว,อำเภอเมืองสุโขทัย,2
ลาว,อำเภอห้วยทับทัน,2
ลาว,อำเภอบ้านโคก,2
ลาว,อำเภอเมืองสรวง,2
ลาว,อำเภอองครักษ์,2
ลาว,อำเภอถลาง,2
ลาว,อำเภอเมืองภูเก็ต,1
ลาว,อำเภอพนม,1
ลาว,อำเภอพรานกระต่าย,1
ลาว,อำเภอควนกาหลง,1
ลาว,อำเภอสังขะ,1
ลาว,อำเภอสะเมิง,1
ลาว,อำเภอพุทไธสง,1
ลาว,อำเภอพิชัย,1
ลาว,อำเภอบางบัวทอง,1
ลาว,อำเภอบ้านใหม่ไชยพจน์,1
ลาว,อำเภอเมืองสระบุรี,1
ลาว,เขตพญาไท,1
ลาว,อำเภอเมืองสิงห์บุรี,1
ลาว,อำเภอหัวตะพาน,1
ลาว,อำเภอโนนสุวรรณ,1
ลาว,เขตทวีวัฒนา,1
ลาว,เขตสวนหลวง,1
ลาว,อำเภอสำโรงทาบ,1
ลาว,เขตสายไหม,1
ลาว,อำเภอนาโพธิ์,1
ลาว,อำเภอเรณูนคร,1
ลาว,อำเภอบรบือ,1
ลาว,เขตวังทองหลาง,1
ลาว,อำเภอปากเกร็ด,1
ลาว,อำเภอหนองม่วงไข่,1
ลาว,อำเภอแม่ริม,1
ลาว,อำเภอฆ้องชัย,1
ลาว,อำเภอเสนางคนิคม,1
ลาว,อำเภอดอนมดแดง,1
ลาว,อำเภอสำโรง,1
ลาว,อำเภอสามร้อยยอด,1
ลาว,อำเภอเขาสวนกวาง,1
ลาว,อำเภอบางกรวย,1
ลาว,อำเภอปางศิลาทอง,1
ลาว,อำเภอเมืองฉะเชิงเทรา,1
ลาว,อำเภอเมืองศรีสะเกษ,1
ลาว,อำเภอหางดง,1
ลาว,อำเภอเมืองปทุมธานี,1
ลาว,อำเภอวังสมบูรณ์,1
ลาว,อำเภอหัวหิน,1
ลาว,อำเภอศรีมโหสถ,1
ลาว,อำเภอหว้านใหญ่,1
ลาว,อำเภอโนนแดง,1
ลาว,อำเภอบึงสามพัน,1
ลาว,อำเภอตรอน,1
ลาว,อำเภอแม่สรวย,1
ลาว,อำเภอนครหลวง,1
ลาว,อำเภอชานุมาน,1
ลาว,อำเภอนาแก,1
ลาว,อำเภอบัวลาย,1
ลาว,อำเภอพังโคน,1
ลาว,อำเภอโพธาราม,1
ลาว,อำเภอเนินขาม,1
ลาว,อำเภอขาณุวรลักษบุรี,1
ลาว,เขตบางขุนเทียน,1
ลาว,อำเภอแกดำ,1
ลาว,อำเภอเมืองแม่ฮ่องสอน,1
ลาว,อำเภอแม่จัน,1
ลาว,อำเภอแคนดง,1
ลาว,อำเภอห้างฉัตร,1
ลาว,อำเภอราษีไศล,1
ลาว,อำเภอยางสีสุราช,1
ลาว,อำเภอบ้านฉาง,1
ลาว,อำเภอกุดบาก,1
ลาว,อำเภอศรีสมเด็จ,1
ลาว,อำเภอโนนสะอาด,1
ลาว,อำเภอบ้านเหลื่อม,1
ลาว,อำเภอส่องดาว,1
ลาว,เขตดอนเมือง,1
ลาว,อำเภอเทิง,1
ลาว,อำเภอประโคนชัย,1
ลาว,อำเภออุทุมพรพิสัย,1
ลาว,อำเภอเวียงหนองล่อง,1
ลาว,อำเภอเจริญศิลป์,1
ลาว,เขตลาดพร้าว,1
ลาว,อำเภอเมืองนครนายก,1
ลาว,อำเภอขามสะแกแสง,1
ลาว,อำเภอป่าแดด,1
ลาว,อำเภอสัตหีบ,1
ลาว,อำเภอพบพระ,1
ลาว,อำเภอวังสะพุง,1
ลาว,อำเภอหนองปรือ,1
ลาว,อำเภอเชียงยืน,1
ลาว,อำเภอเขาค้อ,1
ลาว,อำเภอฝาง,1
ลาว,อำเภอเมืองอำนาจเจริญ,1
ลาว,อำเภอเมืองอุตรดิตถ์,1
ลาว,เขตภาษีเจริญ,1
ลาว,อำเภอคูเมือง,1
ลาว,เขตหลักสี่,1
ลาว,อำเภอคำเขื่อนแก้ว,1
ลาว,อำเภอวารินชำราบ,1
ลาว,อำเภอสามชัย,1
ลาว,อำเภอพระพุทธบาท,1
ลาว,อำเภอปากชม,1
ลาว,อำเภอสุไหงโก-ลก,1
ลาว,อำเภอศิลาลาด,1
ลาว,อำเภอซับใหญ่,1
ลาว,อำเภอศีขรภูมิ,1
ลาว,อำเภอสหัสขันธ์,1
ลาว,อำเภอตาพระยา,1
ลาว,อำเภอห้วยแถลง,1
ลาว,อำเภอกระทุ่มแบน,1
ลาว,อำเภอธวัชบุรี,1
ลาว,อำเภอเขวาสินรินทร์,1
ลาว,อำเภอกาบเชิง,1
ลาว,อำเภอเวียงแก่น,1
ลาว,อำเภอศรีณรงค์,1
ลาว,อำเภออู่ทอง,1
ลาว,อำเภอเมืองระยอง,1
ลาว,เขตบางซื่อ,1
ลาว,อำเภอปราสาท,1
ลาว,อำเภอคำม่วง,1
ลาว,อำเภอกุดข้าวปุ้น,1
ลาว,เขตบางเขน,1
ลาว,อำเภอทุ่งศรีอุดม,1
ลาว,อำเภอวังโป่ง,1
ลาว,อำเภอบ้านไร่,1
ลาว,อำเภอบางบ่อ,1
ลาว,อำเภอแม่ใจ,1
ลาว,อำเภอเชียงของ,1
ลาว,อำเภอโพนทอง,1
ลาว,อำเภอวังน้อย,1
ลาว,อำเภอวังทรายพูน,1
ลาว,อำเภอสนม,1
ลาว,เขตหนองจอก,1
ลาว,อำเภอกมลาไสย,1
ลาว,อำเภอกำแพงแสน,1
ลาว,อำเภอทุ่งเขาหลวง,1
ลาว,อำเภอชำนิ,1
ลาว,อำเภอชะอำ,1
ลาว,อำเภอจตุรพักตรพิมาน,1
ลาว,อำเภอหล่มสัก,1
ลาว,เขตคันนายาว,1
ลาว,อำเภอวาริชภูมิ,1
ลาว,อำเภอตาคลี,1
ลาว,อำเภอหนองสูง,1
ลาว,อำเภอบ้านนา,1
ลาว,อำเภอนครไทย,1
ลาว,อำเภอโนนดินแดง,1
ลาว,อำเภอเมืองภูเก็ต,22
ลาว,อำเภอเมืองสมุทรปราการ,21
ลาว,อำเภอบางละมุง,21
ลาว,อำเภอหัวหิน,20
ลาว,อำเภอเมืองอุดรธานี,19
ลาว,อำเภอลำลูกกา,19
ลาว,อำเภอเมืองนครราชสีมา,18
ลาว,อำเภอบางพลี,15
ลาว,อำเภอเมืองขอนแก่น,15
ลาว,เขตคลองสามวา,14
ลาว,เขตดอนเมือง,13
ลาว,เขตบางเขน,13
ลาว,อำเภอเมืองนนทบุรี,13
ลาว,อำเภอบางบัวทอง,12
ลาว,อำเภอศรีราชา,12
ลาว,เขตบึงกุ่ม,12
ลาว,อำเภอสันทราย,11
ลาว,อำเภอปากเกร็ด,11
ลาว,เขตลาดกระบัง,11
ลาว,เขตสวนหลวง,11
ลาว,อำเภอคลองหลวง,11
ลาว,อำเภอหาดใหญ่,10
ลาว,เขตบางแค,10
ลาว,อำเภอสัตหีบ,10
ลาว,อำเภอพระสมุทรเจดีย์,9
ลาว,อำเภอเมืองชลบุรี,9
ลาว,อำเภอธัญบุรี,9
ลาว,เขตภาษีเจริญ,8
ลาว,อำเภอเมืองเพชรบุรี,8
ลาว,อำเภอเมืองเชียงราย,8
ลาว,เขตบางกะปิ,8
ลาว,อำเภอเมืองยโสธร,8
ลาว,อำเภอเมืองพิษณุโลก,8
ลาว,อำเภอสันกำแพง,8
ลาว,เขตสายไหม,8
ลาว,อำเภอเมืองเชียงใหม่,8
ลาว,อำเภอเมืองนครปฐม,8
ลาว,อำเภอเมืองอุบลราชธานี,8
ลาว,เขตบางขุนเทียน,7
ลาว,เขตประเวศ,7
ลาว,เขตวังทองหลาง,7
ลาว,อำเภอกุมภวาปี,7
ลาว,อำเภอเมืองนครศรีธรรมราช,7
ลาว,เขตบางซื่อ,7
ลาว,อำเภอเมืองปทุมธานี,7
ลาว,เขตพระโขนง,7
ลาว,อำเภอบ้านดุง,7
ลาว,อำเภอเมืองระยอง,7
ลาว,เขตจตุจักร,6
ลาว,เขตสะพานสูง,6
ลาว,อำเภอบางเสาธง,6
ลาว,อำเภอเมืองสุรินทร์,6
ลาว,อำเภอถลาง,6
ลาว,อำเภอเพ็ญ,6
ลาว,เขตจอมทอง,6
ลาว,เขตวัฒนา,6
ลาว,เขตหนองจอก,6
ลาว,เขตมีนบุรี,6
ลาว,เขตห้วยขวาง,6
ลาว,อำเภอเมืองตรัง,6
ลาว,อำเภอโพนพิสัย,6
ลาว,อำเภอเมืองชัยภูมิ,5
ลาว,อำเภอเมืองนครพนม,5
ลาว,เขตบางกอกน้อย,5
ลาว,อำเภอบางใหญ่,5
ลาว,อำเภอประทาย,5
ลาว,อำเภอคอนสวรรค์,5
ลาว,อำเภอดอยสะเก็ด,5
ลาว,เขตสาทร,5
ลาว,อำเภอกันทรวิชัย,5
ลาว,อำเภอสามพราน,5
ลาว,อำเภอปราสาท,5
ลาว,อำเภอเมืองนครนายก,5
ลาว,อำเภอหางดง,5
ลาว,อำเภอบรบือ,5
ลาว,เขตหนองแขม,5
ลาว,เขตทุ่งครุ,5
ลาว,อำเภอเมืองมหาสารคาม,5
ลาว,อำเภอกะทู้,5
ลาว,อำเภอเดชอุดม,5
ลาว,อำเภอคลองขลุง,5
ลาว,อำเภอเมืองลำปาง,5
ลาว,เขตดินแดง,5
ลาว,อำเภอเมืองจันทบุรี,5
ลาว,เขตบางพลัด,5
ลาว,อำเภอเมืองบุรีรัมย์,4
ลาว,อำเภอห้วยผึ้ง,4
ลาว,อำเภอเมืองอำนาจเจริญ,4
ลาว,เขตตลิ่งชัน,4
ลาว,อำเภอวัฒนานคร,4
ลาว,อำเภอจุน,4
ลาว,อำเภอนาแก,4
ลาว,เขตคลองเตย,4
ลาว,อำเภอเชียงคำ,4
ลาว,อำเภอวิเชียรบุรี,4
ลาว,อำเภอแก้งคร้อ,4
ลาว,อำเภอพนัสนิคม,4
ลาว,อำเภอบุณฑริก,4
ลาว,อำเภอปราณบุรี,4
ลาว,อำเภออู่ทอง,4
ลาว,เขตบางบอน,4
ลาว,อำเภอพระประแดง,4
ลาว,อำเภอพังโคน,4
ลาว,อำเภอบ้านหมี่,4
ลาว,อำเภอพิมาย,4
ลาว,เขตพญาไท,4
ลาว,อำเภอบ้านฉาง,4
ลาว,อำเภอมัญจาคีรี,4
ลาว,อำเภอเมืองกระบี่,4
ลาว,อำเภอขุนตาล,4
ลาว,เขตคันนายาว,4
ลาว,อำเภอเมืองกำแพงเพชร,4
ลาว,อำเภอสว่างแดนดิน,4
ลาว,อำเภอบางกรวย,4
ลาว,อำเภอนาหว้า,4
ลาว,อำเภอพระนครศรีอยุธยา,4
ลาว,อำเภอกระสัง,4
ลาว,อำเภออรัญประเทศ,4
ลาว,อำเภอบ้านไผ่,4
ลาว,เขตธนบุรี,4
ลาว,อำเภอโนนสะอาด,4
ลาว,อำเภอสังขะ,4
ลาว,อำเภองาว,4
ลาว,อำเภอรัตนบุรี,3
ลาว,อำเภอกุฉินารายณ์,3
ลาว,อำเภอเมืองระนอง,3
ลาว,อำเภอแม่แตง,3
ลาว,อำเภอเขาฉกรรจ์,3
ลาว,อำเภอวารินชำราบ,3
ลาว,อำเภอเกษตรวิสัย,3
ลาว,เขตทวีวัฒนา,3
ลาว,อำเภอนาดูน,3
ลาว,อำเภอเมืองลำพูน,3
ลาว,อำเภอพรรณานิคม,3
ลาว,อำเภอเมืองหนองบัวลำภู,3
ลาว,อำเภอบ้านผือ,3
ลาว,เขตบางนา,3
ลาว,อำเภอละงู,3
ลาว,อำเภอบางมูลนาก,3
ลาว,อำเภอท่าสองยาง,3
ลาว,อำเภอเมืองราชบุรี,3
ลาว,อำเภอหนองฮี,3
ลาว,อำเภอเมืองอ่างทอง,3
ลาว,อำเภอเมืองสระบุรี,3
ลาว,อำเภอนากลาง,3
ลาว,อำเภอเมืองน่าน,3
ลาว,อำเภอเกษตรสมบูรณ์,3
ลาว,อำเภอวานรนิวาส,3
ลาว,อำเภอวิเศษชัยชาญ,3
ลาว,อำเภอเมืองสุพรรณบุรี,3
ลาว,อำเภอกู่แก้ว,3
ลาว,อำเภอเมืองยาง,3
ลาว,อำเภอแม่จัน,3
ลาว,อำเภอกำแพงแสน,3
ลาว,อำเภอเมืองกาญจนบุรี,3
ลาว,เขตยานนาวา,3
ลาว,อำเภอบางแพ,3
ลาว,อำเภอเชียงคาน,3
ลาว,อำเภอบรรพตพิสัย,3
ลาว,อำเภอเมืองชุมพร,3
ลาว,เขตบางรัก,3
ลาว,อำเภอนครชัยศรี,3
ลาว,อำเภอตาคลี,3
ลาว,อำเภอหนองเรือ,3
ลาว,อำเภอแม่สรวย,2
ลาว,เขตคลองสาน,2
ลาว,อำเภอสุวรรณภูมิ,2
ลาว,อำเภอเคียนซา,2
ลาว,อำเภอท่าอุเทน,2
ลาว,อำเภอสามชุก,2
ลาว,อำเภอปทุมรัตต์,2
ลาว,อำเภอสทิงพระ,2
ลาว,อำเภอสามเงา,2
ลาว,อำเภอน้ำหนาว,2
ลาว,อำเภอประโคนชัย,2
ลาว,อำเภอวังน้ำเย็น,2
ลาว,อำเภอกุดบาก,2
ลาว,อำเภอหนองสองห้อง,2
ลาว,อำเภอหนองหาน,2
ลาว,อำเภอชุมแพ,2
ลาว,อำเภอแม่สอด,2
ลาว,อำเภอแวงน้อย,2
ลาว,อำเภอกุสุมาลย์,2
ลาว,อำเภอลำดวน,2
ลาว,อำเภอนาดี,2
ลาว,อำเภอวังน้อย,2
ลาว,อำเภอแม่ริม,2
ลาว,อำเภอเมืองฉะเชิงเทรา,2
ลาว,อำเภอท่าศาลา,2
ลาว,อำเภอบ้านแหลม,2
ลาว,เขตลาดพร้าว,2
ลาว,อำเภอท่ายาง,2
ลาว,อำเภอนางรอง,2
ลาว,อำเภอวาปีปทุม,2
ลาว,อำเภอศรีบุญเรือง,2
ลาว,อำเภอวังเหนือ,2
ลาว,อำเภอภูกระดึง,2
ลาว,อำเภอท่าม่วง,2
ลาว,อำเภอแม่ลาว,2
ลาว,อำเภอเมืองหนองคาย,2
ลาว,อำเภอหนองวัวซอ,2
ลาว,อำเภอโพธาราม,2
ลาว,อำเภอดอนตูม,2
ลาว,เขตบางกอกใหญ่,2
ลาว,อำเภอเมืองกาฬสินธุ์,2
ลาว,อำเภอพร้าว,2
ลาว,อำเภอสะเมิง,2
ลาว,อำเภอย่านตาขาว,2
ลาว,อำเภอเมืองสุราษฎร์ธานี,2
ลาว,เขตพระนคร,2
ลาว,อำเภอกันตัง,2
ลาว,อำเภอสารภี,2
ลาว,อำเภอนาวัง,2
ลาว,อำเภอชะอำ,2
ลาว,อำเภอเชียงกลาง,2
ลาว,อำเภอทุ่งเสลี่ยม,2
ลาว,อำเภออินทร์บุรี,2
ลาว,อำเภอละหานทราย,2
ลาว,อำเภอวังสมบูรณ์,2
ลาว,อำเภอวังน้ำเขียว,2
ลาว,อำเภอป่าติ้ว,2
ลาว,อำเภอเขื่องใน,2
ลาว,อำเภอศรีสำโรง,2
ลาว,อำเภอปลาปาก,2
ลาว,อำเภอเมืองสมุทรสาคร,2
ลาว,อำเภอปากพนัง,2
ลาว,อำเภอบ้านลาด,2
ลาว,อำเภอเถิน,2
ลาว,อำเภอจตุรพักตรพิมาน,2
ลาว,อำเภอบางกระทุ่ม,2
ลาว,อำเภอชุมพวง,2
ลาว,อำเภอทุ่งสง,2
ลาว,อำเภอด่านซ้าย,2
ลาว,อำเภอคง,2
ลาว,อำเภอภูเขียว,2
ลาว,อำเภอศรีสัชนาลัย,2
ลาว,อำเภอเมืองเลย,2
ลาว,อำเภอเมืองพิจิตร,2
ลาว,อำเภอบ้านฝาง,2
ลาว,อำเภอจอมบึง,2
ลาว,อำเภอหว้านใหญ่,2
ลาว,อำเภอจัตุรัส,2
ลาว,อำเภอพยุหะคีรี,2
ลาว,อำเภอสีชมพู,2
ลาว,อำเภอศรีณรงค์,2
ลาว,อำเภออุทุมพรพิสัย,2
ลาว,อำเภอเมืองนครสวรรค์,2
ลาว,อำเภอบ่อพลอย,2
ลาว,อำเภอเฝ้าไร่,2
ลาว,อำเภอเมืองศรีสะเกษ,2
ลาว,อำเภอเมืองเพชรบูรณ์,2
ลาว,อำเภอปากคาด,2
ลาว,อำเภอแก่งคอย,2
ลาว,อำเภอแม่ออน,2
ลาว,อำเภอเสาไห้,2
ลาว,อำเภอเมืองพะเยา,2
ลาว,อำเภอยางตลาด,2
ลาว,อำเภอปากช่อง,2
ลาว,อำเภอระโนด,2
ลาว,อำเภอหัวตะพาน,2
ลาว,อำเภอเมืองสตูล,2
ลาว,อำเภอโพนทอง,2
ลาว,อำเภอบางปะอิน,2
ลาว,เขตป้อมปราบศัตรูพ่าย,2
ลาว,อำเภอฝาง,2
ลาว,อำเภอท่าวังผา,2
ลาว,อำเภอพรเจริญ,2
ลาว,อำเภอเวียงสระ,1
ลาว,อำเภอรัตนวาปี,1
ลาว,อำเภอบึงโขงหลง,1
ลาว,อำเภอบ่อไร่,1
ลาว,อำเภอบ้านม่วง,1
ลาว,อำเภอองครักษ์,1
ลาว,อำเภอกระบุรี,1
ลาว,อำเภอภูเวียง,1
ลาว,อำเภอหนองฉาง,1
ลาว,อำเภอพนมสารคาม,1
ลาว,อำเภอนาหม่อม,1
ลาว,อำเภอแกลง,1
ลาว,อำเภอพานทอง,1
ลาว,อำเภอขามทะเลสอ,1
ลาว,อำเภอเชียงดาว,1
ลาว,อำเภอบางขัน,1
ลาว,อำเภอตะกั่วทุ่ง,1
ลาว,อำเภอลานสกา,1
ลาว,อำเภอศรีสงคราม,1
ลาว,อำเภอโคกศรีสุพรรณ,1
ลาว,อำเภอท่าแพ,1
ลาว,อำเภอหนองหงส์,1
ลาว,อำเภอบ้านด่าน,1
ลาว,อำเภอภูสิงห์,1
ลาว,อำเภอเกาะลันตา,1
ลาว,อำเภอเมืองสุโขทัย,1
ลาว,อำเภอพระพรหม,1
ลาว,อำเภอวังสามหมอ,1
ลาว,อำเภอบ้านหมอ,1
ลาว,อำเภอหนองแค,1
ลาว,อำเภอธาตุพนม,1
ลาว,อำเภอชุมแสง,1
ลาว,อำเภอคำชะอี,1
ลาว,อำเภอปากพะยูน,1
ลาว,อำเภอลำสนธิ,1
ลาว,อำเภอปทุมราชวงศา,1
ลาว,อำเภอเต่างอย,1
ลาว,อำเภอโพธิ์ศรีสุวรรณ,1
ลาว,อำเภอค้อวัง,1
ลาว,อำเภอโพธิ์ชัย,1
ลาว,เขตดุสิต,1
ลาว,อำเภอเชียงขวัญ,1
ลาว,อำเภอกระแสสินธุ์,1
ลาว,อำเภอโนนสูง,1
ลาว,อำเภอวังจันทร์,1
ลาว,อำเภอโกสุมพิสัย,1
ลาว,อำเภอดอนสัก,1
ลาว,อำเภอลำปลายมาศ,1
ลาว,อำเภออาจสามารถ,1
ลาว,อำเภอคุระบุรี,1
ลาว,อำเภออากาศอำนวย,1
ลาว,อำเภออุทัย,1
ลาว,อำเภอสอยดาว,1
ลาว,อำเภอบ้านธิ,1
ลาว,อำเภอมวกเหล็ก,1
ลาว,อำเภอภูเพียง,1
ลาว,อำเภอเขมราฐ,1
ลาว,อำเภอแหลมงอบ,1
ลาว,อำเภอมะนัง,1
ลาว,อำเภอบัวเชด,1
ลาว,อำเภอคลองหาด,1
ลาว,อำเภอแม่เปิน,1
ลาว,อำเภอแวงใหญ่,1
ลาว,อำเภอทับคล้อ,1
ลาว,อำเภอบึงสามัคคี,1
ลาว,อำเภอทองแสนขัน,1
ลาว,อำเภอสองพี่น้อง,1
ลาว,อำเภอเลิงนกทา,1
ลาว,อำเภอโขงเจียม,1
ลาว,อำเภอชนแดน,1
ลาว,อำเภอดอนจาน,1
ลาว,อำเภอลำทะเมนชัย,1
ลาว,อำเภอบ่อทอง,1
ลาว,อำเภอป่าบอน,1
ลาว,อำเภอหนองหิน,1
ลาว,อำเภอท่าบ่อ,1
ลาว,อำเภอเวียงป่าเป้า,1
ลาว,อำเภอแม่อาย,1
ลาว,อำเภอภาชี,1
ลาว,อำเภอไทรงาม,1
ลาว,อำเภอโคกโพธิ์,1
ลาว,อำเภอเฉลิมพระเกียรติ,1
ลาว,อำเภอบางระกำ,1
ลาว,อำเภอสองแคว,1
ลาว,อำเภอป่าโมก,1
ลาว,อำเภอศรีบรรพต,1
ลาว,อำเภอเมืองปราจีนบุรี,1
ลาว,อำเภออุบลรัตน์,1
ลาว,อำเภอท่าตะเกียบ,1
ลาว,อำเภอพิปูน,1
ลาว,อำเภอชัยบาดาล,1
ลาว,อำเภอเมืองประจวบคีรีขันธ์,1
ลาว,อำเภอรามัน,1
ลาว,อำเภอพญาเม็งราย,1
ลาว,อำเภอโชคชัย,1
ลาว,อำเภอเมืองยะลา,1
ลาว,อำเภอกบินทร์บุรี,1
ลาว,อำเภอโซ่พิสัย,1
ลาว,อำเภอวังยาง,1
ลาว,อำเภอพลับพลาชัย,1
ลาว,อำเภอหนองบัวระเหว,1
ลาว,อำเภอพิบูลมังสาหาร,1
ลาว,อำเภอสว่างวีระวงศ์,1
ลาว,อำเภอบ้านโป่ง,1
ลาว,อำเภอวังชิ้น,1
ลาว,อำเภอเมืองสมุทรสงคราม,1
ลาว,อำเภอท่ามะกา,1
ลาว,อำเภอสระโบสถ์,1
ลาว,อำเภอแจ้ห่ม,1
ลาว,อำเภอบ้านโคก,1
ลาว,อำเภอแม่วงก์,1
ลาว,อำเภอหนองพอก,1
ลาว,อำเภอดอยหล่อ,1
ลาว,อำเภอเมืองแพร่,1
ลาว,อำเภอโพธิ์ทอง,1
ลาว,อำเภอกระนวน,1
ลาว,อำเภอขุนหาญ,1
ลาว,อำเภอทุ่งใหญ่,1
ลาว,อำเภอโนนศิลา,1
ลาว,เขตปทุมวัน,1
ลาว,อำเภอผักไห่,1
ลาว,อำเภอท่าชนะ,1
ลาว,อำเภอสูงเนิน,1
ลาว,อำเภอฉวาง,1
ลาว,อำเภอบ้านค่าย,1
ลาว,อำเภอสังขละบุรี,1
ลาว,อำเภอหนองบัวแดง,1
ลาว,อำเภอดอกคำใต้,1
ลาว,อำเภอเมืองปาน,1
ลาว,อำเภอประจักษ์ศิลปาคม,1
ลาว,อำเภอหนองบุญมาก,1
ลาว,อำเภอท่าเรือ,1
ลาว,อำเภอค่ายบางระจัน,1
ลาว,อำเภอพาน,1
ลาว,อำเภอหนองนาคำ,1
ลาว,อำเภอพรหมพิราม,1
ลาว,อำเภอสามโคก,1
ลาว,อำเภอบางบาล,1
ลาว,เขตบางคอแหลม,1
ลาว,อำเภอสะเดา,1
ลาว,อำเภอสบปราบ,1
ลาว,อำเภอพยัคฆภูมิพิสัย,1
ลาว,อำเภอศรีธาตุ,1
ลาว,อำเภอหนองกี่,1
ลาว,อำเภอป่าพะยอม,1
ลาว,อำเภอร่อนพิบูลย์,1
ลาว,อำเภอกาญจนดิษฐ์,1
ลาว,อำเภอกุดจับ,1
ลาว,อำเภอเมืองสงขลา,1
ลาว,อำเภอสร้างคอม,1
ลาว,อำเภอเชียงแสน,1
ลาว,อำเภอรัตภูมิ,1
ลาว,อำเภอเกาะสมุย,1
ลาว,อำเภอทุ่งฝน,1
ลาว,อำเภอคลองลาน,1
ลาว,อำเภอหนองขาหย่าง,1
ลาว,อำเภอบางคนที,1
ลาว,อำเภอเหล่าเสือโก้ก,1
ลาว,อำเภอเบญจลักษ์,1
ลาว,อำเภอวังม่วง,1
ลาว,อำเภอลอง,1
ลาว,อำเภอทุ่งตะโก,1
ลาว,อำเภอน้ำโสม,1
ลาว,อำเภอกันทรารมย์,1
ลาว,อำเภอน้ำเกลี้ยง,1
ลาว,อำเภอบุ่งคล้า,1
ลาว,อำเภอบ้านบึง,1
ลาว,อำเภอโกรกพระ,1
ลาว,อำเภอเมืองมุกดาหาร,1
ลาว,อำเภอปรางค์กู่,1
ลาว,อำเภอซำสูง,1
ลาว,อำเภอพล,1
ลาว,อำเภอนาคู,1
ลาว,อำเภอสุวรรณคูหา,1
ลาว,อำเภอเขาย้อย,1
ลาว,อำเภอสวี,1
ลาว,อำเภอแม่สาย,1
ลาว,อำเภอแม่ทะ,1
ลาว,อำเภอเสริมงาม,1
ลาว,อำเภอบ่อเกลือ,1
ลาว,อำเภอทับปุด,1
ลาว,อำเภอท่าตูม,1
ลาว,อำเภอภูผาม่าน,1
ลาว,อำเภอตะพานหิน,1
ลาว,อำเภอเมืองบึงกาฬ,1
ลาว,อำเภอห้วยทับทัน,1
ลาว,อำเภอเมืองอุทัยธานี,1
ลาว,อำเภอเบตง,1
ลาว,อำเภอโพธิ์ไทร,1
ลาว,อำเภอบ้านโฮ่ง,1
ลาว,อำเภอเดิมบางนางบวช,1
ลาว,อำเภอหันคา,1
ลาว,อำเภอแม่เมาะ,1
ลาว,อำเภอเซกา,1
ลาว,อำเภอกันทรลักษ์,1
ลาว,อำเภอน้ำขุ่น,1
ลาว,อำเภอนาเชือก,1
ลาว,อำเภอเนินมะปราง,1
ลาว,อำเภอร้องกวาง,1
ลาว,อำเภอชะอวด,1
ลาว,อำเภอบ้านแพ้ว,1
ลาว,อำเภอเมืองนราธิวาส,1
ลาว,อำเภอควนขนุน,1
ลาว,อำเภอหาดสำราญ,1
ลาว,อำเภอกุยบุรี,1
ลาว,อำเภอสิงหนคร,1
ลาว,อำเภอกู่แก้ว,69
ลาว,อำเภอเมืองอุดรธานี,54
ลาว,อำเภอบ้านผือ,47
ลาว,อำเภอหนองหาน,30
ลาว,อำเภอแม่วงก์,30
ลาว,อำเภอห้วยแถลง,29
ลาว,อำเภอโพนพิสัย,21
ลาว,อำเภอเถิน,21
ลาว,อำเภอลำปลายมาศ,20
ลาว,อำเภอกุมภวาปี,18
ลาว,อำเภอสามเงา,18
ลาว,อำเภอบางละมุง,18
ลาว,อำเภอบ้านดุง,17
ลาว,อำเภอจักราช,17
ลาว,อำเภอเมืองสมุทรปราการ,16
ลาว,อำเภอบัวใหญ่,15
ลาว,อำเภอเพ็ญ,15
ลาว,อำเภอชุมแพ,15
ลาว,อำเภอเมืองนครราชสีมา,14
ลาว,อำเภอไชยวาน,14
ลาว,อำเภอคลองหลวง,13
ลาว,อำเภอท่าบ่อ,13
ลาว,อำเภอกุดจับ,12
ลาว,อำเภอวานรนิวาส,12
ลาว,อำเภอคูเมือง,12
ลาว,อำเภอเมืองหนองบัวลำภู,12
ลาว,อำเภอบางระกำ,12
ลาว,อำเภอธาตุพนม,11
ลาว,อำเภอสุวรรณคูหา,11
ลาว,อำเภอเมืองสุรินทร์,11
ลาว,อำเภอประโคนชัย,11
ลาว,อำเภอทุ่งเสลี่ยม,11
ลาว,อำเภอเมืองเชียงราย,11
ลาว,อำเภอบุณฑริก,11
ลาว,อำเภอหนองสองห้อง,11
ลาว,อำเภอศรีบุญเรือง,11
ลาว,อำเภอพิมาย,11
ลาว,อำเภอหนองเรือ,10
ลาว,อำเภอนายูง,10
ลาว,อำเภอเมืองชลบุรี,10
ลาว,อำเภอเมืองชัยภูมิ,10
ลาว,อำเภอเดชอุดม,10
ลาว,อำเภอโกสุมพิสัย,10
ลาว,อำเภอเมืองบุรีรัมย์,10
ลาว,อำเภอหนองวัวซอ,9
ลาว,อำเภอลำลูกกา,9
ลาว,อำเภอน้ำพอง,9
ลาว,อำเภอท่าตูม,9
ลาว,อำเภอขุขันธ์,9
ลาว,อำเภอปากช่อง,8
ลาว,อำเภอแคนดง,8
ลาว,อำเภอหนองไผ่,8
ลาว,อำเภอคง,8
ลาว,อำเภอธัญบุรี,8
ลาว,อำเภอเมืองบึงกาฬ,8
ลาว,อำเภอศรีธาตุ,8
ลาว,อำเภอเสิงสาง,8
ลาว,อำเภอน้ำโสม,8
ลาว,อำเภอเฉลิมพระเกียรติ,8
ลาว,อำเภอวังน้อย,8
ลาว,อำเภอเมืองพะเยา,7
ลาว,อำเภอยางตลาด,7
ลาว,อำเภอคอนสวรรค์,7
ลาว,อำเภอแก้งคร้อ,7
ลาว,อำเภอนาจะหลวย,7
ลาว,อำเภอชุมพลบุรี,7
ลาว,อำเภอวังโป่ง,7
ลาว,อำเภอเมืองเพชรบูรณ์,7
ลาว,อำเภอศรีราชา,7
ลาว,อำเภอพรเจริญ,7
ลาว,อำเภอสว่างแดนดิน,7
ลาว,อำเภอสูงเนิน,7
ลาว,อำเภอเวียงชัย,7
ลาว,อำเภอขุนหาญ,7
ลาว,อำเภอเมืองลำพูน,7
ลาว,อำเภออุทุมพรพิสัย,7
ลาว,อำเภออุบลรัตน์,7
ลาว,อำเภอพรานกระต่าย,7
ลาว,อำเภอวิเชียรบุรี,6
ลาว,อำเภอบ้านม่วง,6
ลาว,อำเภอบางพลี,6
ลาว,เขตสายไหม,6
ลาว,อำเภอประจักษ์ศิลปาคม,6
ลาว,อำเภอชุมพวง,6
ลาว,อำเภอปลวกแดง,6
ลาว,อำเภอแม่อาย,6
ลาว,อำเภอหนองนาคำ,6
ลาว,อำเภอสร้างคอม,6
ลาว,อำเภอนาตาล,6
ลาว,อำเภอประทาย,6
ลาว,อำเภอจตุรพักตรพิมาน,6
ลาว,อำเภอกระทุ่มแบน,6
ลาว,อำเภอน้ำยืน,6
ลาว,เขตบางแค,6
ลาว,เขตดอนเมือง,6
ลาว,อำเภอครบุรี,6
ลาว,อำเภอกระนวน,6
ลาว,อำเภอบ้านด่านลานหอย,6
ลาว,อำเภอหนองบุญมาก,6
ลาว,อำเภอหัวหิน,6
ลาว,อำเภอบ้านแท่น,6
ลาว,อำเภอตระการพืชผล,6
ลาว,อำเภอกันทรลักษ์,6
ลาว,อำเภอโพนทอง,6
ลาว,อำเภอสังขะ,6
ลาว,อำเภอวังทอง,6
ลาว,เขตราษฎร์บูรณะ,5
ลาว,อำเภอเมืองปทุมธานี,5
ลาว,อำเภอนามน,5
ลาว,อำเภอภูเขียว,5
ลาว,อำเภอแม่แตง,5
ลาว,อำเภอเซกา,5
ลาว,อำเภอเกษตรวิสัย,5
ลาว,อำเภอกุฉินารายณ์,5
ลาว,อำเภอโนนสะอาด,5
ลาว,อำเภอโพนทราย,5
ลาว,อำเภอกระสัง,5
ลาว,อำเภอเขมราฐ,5
ลาว,อำเภอวาปีปทุม,5
ลาว,อำเภอสนามชัยเขต,5
ลาว,อำเภอพุทไธสง,5
ลาว,อำเภอบ้านแพง,5
ลาว,อำเภอเวียงเชียงรุ้ง,5
ลาว,อำเภอสุวรรณภูมิ,5
ลาว,อำเภอชนแดน,5
ลาว,อำเภอสัตหีบ,5
ลาว,อำเภอเจริญศิลป์,5
ลาว,อำเภอทุ่งฝน,5
ลาว,อำเภอเมืองสระแก้ว,5
ลาว,อำเภอเมืองยาง,5
ลาว,อำเภอแม่สรวย,5
ลาว,อำเภอหาดใหญ่,5
ลาว,อำเภอโนนสัง,5
ลาว,อำเภอบางบ่อ,5
ลาว,อำเภอบัวลาย,4
ลาว,อำเภอขาณุวรลักษบุรี,4
ลาว,เขตบางเขน,4
ลาว,อำเภอเชียงยืน,4
ลาว,อำเภอพิชัย,4
ลาว,อำเภอห้วยทับทัน,4
ลาว,อำเภอธวัชบุรี,4
ลาว,อำเภอเกษตรสมบูรณ์,4
ลาว,เขตคลองสามวา,4
ลาว,อำเภอเมืองสมุทรสาคร,4
ลาว,เขตลาดกระบัง,4
ลาว,อำเภอเนินมะปราง,4
ลาว,อำเภอแม่ริม,4
ลาว,อำเภอกันทรารมย์,4
ลาว,อำเภอหนองแสง,4
ลาว,อำเภอกุดชุม,4
ลาว,อำเภอเมืองเชียงใหม่,4
ลาว,อำเภอเมืองนครสวรรค์,4
ลาว,อำเภอสีคิ้ว,4
ลาว,อำเภอปากเกร็ด,4
ลาว,อำเภอเมืองอุบลราชธานี,4
ลาว,อำเภอภูผาม่าน,4
ลาว,อำเภอเมืองปราจีนบุรี,4
ลาว,อำเภอตาพระยา,4
ลาว,อำเภอสบปราบ,4
ลาว,อำเภอพาน,4
ลาว,เขตประเวศ,4
ลาว,อำเภอสามพราน,4
ลาว,อำเภอคีรีมาศ,4
ลาว,อำเภอกุสุมาลย์,4
ลาว,อำเภอเกาะช้าง,4
ลาว,อำเภอบำเหน็จณรงค์,4
ลาว,อำเภอสีดา,4
ลาว,อำเภอโนนสูง,4
ลาว,อำเภอปะคำ,4
ลาว,อำเภอวารินชำราบ,4
ลาว,อำเภอศรีสงคราม,3
ลาว,อำเภอเสริมงาม,3
ลาว,อำเภอบ้านฝาง,3
ลาว,อำเภอดอนตาล,3
ลาว,อำเภอเมืองระยอง,3
ลาว,อำเภอลานกระบือ,3
ลาว,อำเภออากาศอำนวย,3
ลาว,อำเภอบางปะอิน,3
ลาว,อำเภอมหาราช,3
ลาว,อำเภอหนองกี่,3
ลาว,อำเภอบ้านแฮด,3
ลาว,อำเภอไทรน้อย,3
ลาว,อำเภอเมืองภูเก็ต,3
ลาว,อำเภอรัตนวาปี,3
ลาว,อำเภอภักดีชุมพล,3
ลาว,อำเภอหนองแค,3
ลาว,เขตหนองจอก,3
ลาว,อำเภอนาโพธิ์,3
ลาว,อำเภองาว,3
ลาว,อำเภอเมืองมหาสารคาม,3
ลาว,อำเภอเทิง,3
ลาว,อำเภออรัญประเทศ,3
ลาว,อำเภอสอยดาว,3
ลาว,อำเภอนครไทย,3
ลาว,อำเภอปัว,3
ลาว,อำเภอลำทะเมนชัย,3
ลาว,อำเภอพิบูลย์รักษ์,3
ลาว,อำเภอชำนิ,3
ลาว,อำเภอมวกเหล็ก,3
ลาว,อำเภอสำโรง,3
ลาว,อำเภอเมืองปาน,3
ลาว,อำเภอเมืองอำนาจเจริญ,3
ลาว,อำเภอพระพรหม,3
ลาว,อำเภอหนองบัวแดง,3
ลาว,อำเภอภูซาง,3
ลาว,อำเภอแม่ทะ,3
ลาว,อำเภอเมืองศรีสะเกษ,3
ลาว,อำเภอพญาเม็งราย,3
ลาว,อำเภอวังชิ้น,3
ลาว,อำเภอนาแก,3
ลาว,อำเภอเมืองกำแพงเพชร,3
ลาว,อำเภอห้วยเม็ก,3
ลาว,อำเภอค้อวัง,3
ลาว,อำเภอเขาค้อ,3
ลาว,อำเภอเสลภูมิ,3
ลาว,อำเภอเชียงคำ,3
ลาว,อำเภอสีชมพู,3
ลาว,อำเภอสมเด็จ,3
ลาว,อำเภอชื่นชม,3
ลาว,อำเภอวังสามหมอ,3
ลาว,อำเภอพยุหะคีรี,3
ลาว,อำเภอนางรอง,3
ลาว,อำเภอศีขรภูมิ,3
ลาว,อำเภอปากคาด,3
ลาว,อำเภอท่าคันโท,3
ลาว,อำเภอวังน้ำเขียว,3
ลาว,อำเภอเขาสวนกวาง,3
ลาว,อำเภอผักไห่,3
ลาว,อำเภอเมืองนครปฐม,3
ลาว,อำเภอพลับพลาชัย,3
ลาว,อำเภอบ้านตาก,3
ลาว,อำเภอปลาปาก,3
ลาว,เขตสวนหลวง,3
ลาว,อำเภอศรีสำโรง,3
ลาว,เขตจอมทอง,3
ลาว,อำเภอลี้,3
ลาว,อำเภอเมืองแพร่,2
ลาว,อำเภอพระพุทธบาท,2
ลาว,อำเภอแม่จัน,2
ลาว,อำเภอเวียงป่าเป้า,2
ลาว,เขตดุสิต,2
ลาว,อำเภอกมลาไสย,2
ลาว,อำเภอพังโคน,2
ลาว,อำเภอพานทอง,2
ลาว,อำเภอบ้านฉาง,2
ลาว,อำเภอวังสะพุง,2
ลาว,อำเภอทุ่งเขาหลวง,2
ลาว,อำเภอบัวเชด,2
ลาว,เขตภาษีเจริญ,2
ลาว,อำเภอพิบูลมังสาหาร,2
ลาว,อำเภอเมืองนครพนม,2
ลาว,อำเภอหนองหงส์,2
ลาว,อำเภอท่าตะโก,2
ลาว,เขตหลักสี่,2
ลาว,อำเภอหนองบัวระเหว,2
ลาว,อำเภอภูพาน,2
ลาว,อำเภอเชียงม่วน,2
ลาว,อำเภอสำโรงทาบ,2
ลาว,อำเภอสากเหล็ก,2
ลาว,อำเภอบรบือ,2
ลาว,อำเภอม่วงสามสิบ,2
ลาว,อำเภอหนองขาหย่าง,2
ลาว,เขตทุ่งครุ,2
ลาว,อำเภอเมืองสุพรรณบุรี,2
ลาว,อำเภอทรายทองวัฒนา,2
ลาว,อำเภอบ้านธิ,2
ลาว,อำเภอเวียงหนองล่อง,2
ลาว,อำเภอสองแคว,2
ลาว,อำเภอเสนางคนิคม,2
ลาว,อำเภอสันป่าตอง,2
ลาว,อำเภอเมืองยโสธร,2
ลาว,อำเภอนาหว้า,2
ลาว,อำเภอทับคล้อ,2
ลาว,อำเภอพล,2
ลาว,อำเภอชัยบาดาล,2
ลาว,อำเภอแม่ฟ้าหลวง,2
ลาว,อำเภอเกาะสมุย,2
ลาว,อำเภอสะเดา,2
ลาว,อำเภอบึงสามพัน,2
ลาว,อำเภอแม่ทา,2
ลาว,อำเภอบ้านโป่ง,2
ลาว,อำเภอคำม่วง,2
ลาว,อำเภอเบญจลักษ์,2
ลาว,อำเภอวาริชภูมิ,2
ลาว,อำเภอพระสมุทรเจดีย์,2
ลาว,อำเภอศรีมหาโพธิ,2
ลาว,อำเภอกะทู้,2
ลาว,อำเภอศรีเทพ,2
ลาว,อำเภอแปลงยาว,2
ลาว,อำเภอพยัคฆภูมิพิสัย,2
ลาว,อำเภอพนมไพร,2
ลาว,อำเภอโนนนารายณ์,2
ลาว,เขตพระโขนง,2
ลาว,อำเภอเอราวัณ,2
ลาว,อำเภอปทุมราชวงศา,2
ลาว,อำเภอภูเวียง,2
ลาว,เขตบางนา,2
ลาว,อำเภอน้ำเกลี้ยง,2
ลาว,อำเภอปรางค์กู่,2
ลาว,อำเภอทัพทัน,2
ลาว,อำเภอด่านช้าง,2
ลาว,อำเภอชนบท,2
ลาว,อำเภอบางปะกง,2
ลาว,อำเภอสนม,2
ลาว,อำเภอศรีวิไล,2
ลาว,อำเภอหางดง,2
ลาว,อำเภอดอนจาน,2
ลาว,อำเภอดอกคำใต้,2
ลาว,อำเภอลานสัก,2
ลาว,เขตพญาไท,2
ลาว,อำเภอทุ่งหัวช้าง,2
ลาว,อำเภอบ้านไร่,2
ลาว,อำเภอสันกำแพง,2
ลาว,อำเภอแม่เปิน,2
ลาว,อำเภอบางบัวทอง,2
ลาว,อำเภอไพรบึง,2
ลาว,อำเภอสามชัย,2
ลาว,อำเภอขุนตาล,2
ลาว,อำเภอเมืองราชบุรี,2
ลาว,อำเภอเมืองอุตรดิตถ์,2
ลาว,อำเภอเมืองนครนายก,2
ลาว,อำเภอสรรคบุรี,2
ลาว,อำเภอสวนผึ้ง,2
ลาว,อำเภอบ้านหมอ,2
ลาว,อำเภอแม่พริก,2
ลาว,อำเภอคำเขื่อนแก้ว,2
ลาว,อำเภอท้ายเหมือง,2
ลาว,อำเภอเดิมบางนางบวช,2
ลาว,อำเภอแม่สาย,2
ลาว,อำเภอเลิงนกทา,2
ลาว,อำเภอนากลาง,2
ลาว,อำเภอน้ำปาด,2
ลาว,อำเภอไทรโยค,2
ลาว,อำเภอจุน,2
ลาว,อำเภอกาบเชิง,2
ลาว,อำเภอนิคมพัฒนา,1
ลาว,อำเภอมัญจาคีรี,1
ลาว,อำเภอนครชัยศรี,1
ลาว,อำเภอเทพารักษ์,1
ลาว,อำเภอพระประแดง,1
ลาว,อำเภอจัตุรัส,1
ลาว,อำเภอเฝ้าไร่,1
ลาว,อำเภอทรายมูล,1
ลาว,อำเภอสามง่าม,1
ลาว,อำเภอโนนไทย,1
ลาว,อำเภอฮอด,1
ลาว,อำเภอปลายพระยา,1
ลาว,อำเภอเมืองนครศรีธรรมราช,1
ลาว,อำเภอสรรพยา,1
ลาว,อำเภอพนา,1
ลาว,อำเภอภูเรือ,1
ลาว,อำเภอแก่งกระจาน,1
ลาว,อำเภอเมืองชุมพร,1
ลาว,อำเภอเมืองตรัง,1
ลาว,อำเภอแม่ลาว,1
ลาว,อำเภอสวรรคโลก,1
ลาว,อำเภอสว่างอารมณ์,1
ลาว,อำเภอไพศาลี,1
ลาว,อำเภอลืออำนาจ,1
ลาว,อำเภอนาดูน,1
ลาว,อำเภอเมืองจันทบุรี,1
ลาว,อำเภอท่าวังผา,1
ลาว,อำเภอวังน้ำเย็น,1
ลาว,อำเภอนาหมื่น,1
ลาว,อำเภอศรีสัชนาลัย,1
ลาว,อำเภอบึงนาราง,1
ลาว,อำเภอศรีเมืองใหม่,1
ลาว,อำเภอเลาขวัญ,1
ลาว,อำเภอเมืองร้อยเอ็ด,1
ลาว,อำเภอเมืองจันทร์,1
ลาว,อำเภอบางคล้า,1
ลาว,อำเภอโคกเจริญ,1
ลาว,อำเภอโคกสำโรง,1
ลาว,อำเภอบ้านแหลม,1
ลาว,อำเภอเก้าเลี้ยว,1
ลาว,เขตมีนบุรี,1
ลาว,อำเภอเมืองกาฬสินธุ์,1
ลาว,อำเภอเมืองกระบี่,1
ลาว,เขตหนองแขม,1
ลาว,อำเภอลาดหลุมแก้ว,1
ลาว,เขตราชเทวี,1
ลาว,อำเภอหล่มเก่า,1
ลาว,อำเภอโคกสูง,1
ลาว,อำเภอมหาชนะชัย,1
ลาว,อำเภอพระทองคำ,1
ลาว,อำเภอฟากท่า,1
ลาว,อำเภอเมืองสรวง,1
ลาว,เขตสาทร,1
ลาว,อำเภอวังเหนือ,1
ลาว,เขตดินแดง,1
ลาว,อำเภอบางมูลนาก,1
ลาว,อำเภอเวียงเก่า,1
ลาว,อำเภอศรีรัตนะ,1
ลาว,อำเภอสูงเม่น,1
ลาว,อำเภอลาดยาว,1
ลาว,อำเภอเขาชัยสน,1
ลาว,อำเภอปะทิว,1
ลาว,อำเภอสังคม,1
ลาว,อำเภอโป่งน้ำร้อน,1
ลาว,อำเภอภูกระดึง,1
ลาว,เขตจตุจักร,1
ลาว,อำเภอบางปะหัน,1
ลาว,อำเภอหนองหญ้าไซ,1
ลาว,อำเภอบางใหญ่,1
ลาว,อำเภอประจันตคาม,1
ลาว,เขตบางกอกใหญ่,1
ลาว,อำเภอแสวงหา,1
ลาว,อำเภอนาดี,1
ลาว,อำเภอสิรินธร,1
ลาว,อำเภอวิเศษชัยชาญ,1
ลาว,อำเภอโพทะเล,1
ลาว,อำเภอหนองเสือ,1
ลาว,อำเภอคลองขลุง,1
ลาว,อำเภอกงไกรลาศ,1
ลาว,อำเภอห้วยผึ้ง,1
ลาว,อำเภอโพนสวรรค์,1
ลาว,อำเภอสทิงพระ,1
ลาว,อำเภอวัดสิงห์,1
ลาว,อำเภอตาลสุม,1
ลาว,อำเภอกันทรวิชัย,1
ลาว,อำเภอท่าอุเทน,1
ลาว,อำเภอเมยวดี,1
ลาว,เขตยานนาวา,1
ลาว,อำเภอเมืองสุราษฎร์ธานี,1
ลาว,อำเภอท่าปลา,1
ลาว,อำเภอเกาะคา,1
ลาว,อำเภอจะนะ,1
ลาว,อำเภอลำดวน,1
ลาว,อำเภอแม่สอด,1
ลาว,อำเภอสระใคร,1
ลาว,เขตคลองสาน,1
ลาว,อำเภอดอยหลวง,1
ลาว,อำเภอพนมดงรัก,1
ลาว,อำเภอปราณบุรี,1
ลาว,อำเภอเมืองลพบุรี,1
ลาว,อำเภออมก๋อย,1
ลาว,อำเภอลาดบัวหลวง,1
ลาว,อำเภอวัฒนานคร,1
ลาว,อำเภอพุทธมณฑล,1
ลาว,อำเภอป่าซาง,1
ลาว,อำเภอพระยืน,1
ลาว,อำเภอคลองท่อม,1
ลาว,เขตวัฒนา,1
ลาว,อำเภอจอมพระ,1
ลาว,อำเภอบางแพ,1
ลาว,อำเภอพนัสนิคม,1
ลาว,อำเภอผาขาว,1
ลาว,อำเภอบางเสาธง,1
ลาว,อำเภอหนองม่วง,1
ลาว,อำเภอกุดรัง,1
ลาว,อำเภอบางซ้าย,1
ลาว,อำเภอจอมบึง,1
ลาว,อำเภอพุนพิน,1
ลาว,อำเภอปาย,1
ลาว,อำเภอเทพสถิต,1
ลาว,อำเภอหนองหาน,29
ลาว,อำเภอกุมภวาปี,29
ลาว,อำเภอเมืองอุดรธานี,25
ลาว,อำเภอหนองเรือ,21
ลาว,อำเภอพระยืน,18
ลาว,อำเภอเถิน,18
ลาว,อำเภอเมืองขอนแก่น,18
ลาว,อำเภอคง,17
ลาว,อำเภอศรีราชา,17
ญี่ปุ่น,อำเภอเมืองอุดรธานี,706
ญี่ปุ่น,อำเภอหนองหาน,428
ญี่ปุ่น,อำเภอสว่างแดนดิน,322
ญี่ปุ่น,อำเภอบ้านผือ,281
ญี่ปุ่น,อำเภอเมืองสุรินทร์,280
ญี่ปุ่น,อำเภอเมืองหนองคาย,256
ญี่ปุ่น,อำเภอเพ็ญ,222
ญี่ปุ่น,อำเภอเมืองนครราชสีมา,211
ญี่ปุ่น,อำเภอกุมภวาปี,210
ญี่ปุ่น,อำเภอโพนพิสัย,193
