destination_country,standard_job_title,worker_count
คูเวต,ดูแลโดยสถานเอกอัครราชทูตไทยในต่างประเทศ,866
กาตาร์,เกษตรไร่องุ่น,435
กาตาร์,กุ๊ก (อาหารไทย),95
กาตาร์,กุ๊ก,65
กาตาร์,บรรจุหีบห่อ,50
กาตาร์,เกษตรกรสวนผลไม้,44
กาตาร์,นวดแผนโบราณ,36
กาตาร์,คนงานเกษตร,31
กาตาร์,เกษตรกรเก็บผลไม้ในฟาร์ม,13
กาตาร์,พ่อครัวอาหารไทย,12
กาตาร์,เกษตรกรทั่วไป,12
กาตาร์,เกษตรกรเก็บผลไม้ป่า,10
กาตาร์,ผู้ช่วยกุ๊ก,7
กาตาร์,คนงานในฟาร์มทั่วไป,6
กาตาร์,พ่อครัวชั้นหนึ่ง,5
กาตาร์,ผู้ทำงานในสวนไม้ผล ไม้ต้น องุ่น ไม้พุ่ม,4
กาตาร์,ผู้ทำงานในสวนไม้ผล สวนองุ่นสวนต้นไม้ และสวนไม้พุ่มอื่น ๆ,4
กาตาร์,ช่างแต่งเล็บ,3
กาตาร์,คนทำสวน,2
กาตาร์,พนักงานบริการเครื่องดื่ม,2
กาตาร์,พนักงานในครัว,2
กาตาร์,พนักงานเสริฟ,2
กาตาร์,คนงานทั่วไป,2
กาตาร์,ผู้จัดการบริการขายอาหารและที่พักอื่น ๆ,2
กาตาร์,ผู้ปรุงอาหาร (ยกเว้นงานส่วนบุคคล),2
กาตาร์,ผู้จัดการทั่วไป,2
กาตาร์,กุ๊ก (อาหารญีปุ่น),2
กาตาร์,ทำความสะอาด,2
กาตาร์,พนักงานดูแลห้องพัก,1
กาตาร์,แม่บ้าน,1
กาตาร์,ผู้จัดการแผนกห้องอาหาร,1
กาตาร์,หัวหน้าคนงานประจำสวนองุ่น,1
กาตาร์,วิศวกรรักษาความปลอดภัย,1
กาตาร์,ผู้จัดการ Q.A.,1
กาตาร์,ผู้ปรุงอาหารอื่น ๆ,1
กาตาร์,เชฟ เดอ ปาร์ดี้ ชาย,1
กาตาร์,ผู้ปฏิบัติงานในกรรมวิธีการทำอาหารและเครื่องดื่มอื่น ๆ,1
กาตาร์,ผู้เลี้ยงผึ้ง,1
กาตาร์,ผู้ปรุงอาหาร,1
กาตาร์,หัวหน้าพ่อครัวมือ 1,1
กาตาร์,ช่างเสริมสวย,1
กาตาร์,หัวหน้าแผนกแม่บ้าน,1
กาตาร์,คนงานเกษตร,42247
กาตาร์,ผลิตผลิตภัณฑ์โลหะ,20864
กาตาร์,คนงานอุตสาหกรรมทั่วไป,17296
กาตาร์,คนงานทั่วไป,15372
กาตาร์,กรรมกรหรือคนงาน,12490
กาตาร์,ผู้ปฏิบัติงานก่อสร้างอื่น ๆ,12163
กาตาร์,นวดแผนโบราณ,7129
กาตาร์,ผลิตชิ้นส่วนอิเลคทรอนิคส์,6592
กาตาร์,คนงานผลิตผลิตภัณฑ์ พลาสติก,5120
กาตาร์,ผลิตเครื่องจักรกล,4108
กาตาร์,คนงานผลิตผลิตภัณฑ์ทั่วไป,4056
กาตาร์,ช่างเชื่อม,3831
กาตาร์,อุตสาหกรรมผลิตอาหาร,3774
กาตาร์,กุ๊ก,3541
กาตาร์,คนงานผลิตสิ่งทอ,3532
กาตาร์,เกษตรกรทั่วไป,3016
กาตาร์,เกษตรกรเก็บผลไม้ป่า,2924
กาตาร์,พนักงานบรรจุอาหาร,2473
กาตาร์,ชาวประมงและผู้ปฏิบัติงานที่เกี่ยวข้อง,2451
กาตาร์,ผลิตอาหารสำเร็จรูป,2433
กาตาร์,ช่างไม้ (ก่อสร้าง),2236
กาตาร์,ผลิตผลิตภัณฑ์ยาง,1905
กาตาร์,ผลิตชิ้นส่วนรถยนต์และรถจักรยานยนต์,1883
กาตาร์,ผลิตผลิตภัณฑ์อาหารแช่แข็ง,1781
กาตาร์,ผลิตอะไหล่รถจักรยาน,1581
กาตาร์,พนักงานต้อนรับบนอากาศยาน,1502
กาตาร์,ผลิตอุปกรณ์ชิ้นส่วนรถยนต์,1460
กาตาร์,กุ๊ก (อาหารไทย),1347
กาตาร์,ผู้ช่วยงานบ้าน,1323
กาตาร์,ช่างเหล็ก,1278
กาตาร์,พนักงานทั่วไป,1277
กาตาร์,ช่างปูกระเบื้อง,1229
กาตาร์,แม่บ้าน,1189
กาตาร์,ช่างเทคนิค,1130
กาตาร์,พนักงานเสริฟ,1119
กาตาร์,ผู้อนุบาล,1118
กาตาร์,ช่างปูน,1058
กาตาร์,ผลิตผลิตภัณฑ์กระดาษ,912
กาตาร์,เกษตรกรเก็บผลไม้ในฟาร์ม,912
กาตาร์,ผู้ทำงานในสวนเพาะชำและผู้ทำสวนอื่น ๆ,899
กาตาร์,ผลิตผลิตภัณฑ์พลาสติก,877
กาตาร์,ผลิตผลิตภัณฑ์ซีเมนต์,853
กาตาร์,ลูกเรือหาปลา,849
กาตาร์,พนักงานโรงงาน(ซึ่งมิได้จัดประเภทไว้),832
กาตาร์,ช่างประกอบท่อ,822
กาตาร์,ช่างซ่อมบำรุง,790
กาตาร์,วิศวกร,762
กาตาร์,ผลิตภัณฑ์เคมี' ผลิตเคมีภัณฑ์,756
กาตาร์,พ่อครัวชั้นหนึ่ง,705
กาตาร์,บรรจุหีบห่อ,668
กาตาร์,คนงานในฟาร์มทั่วไป,631
กาตาร์,ประกอบอุปกรณ์ไฟฟ้าอิเลคทรอนิกส์,622
กาตาร์,พนักงานฝึกงาน,609
กาตาร์,ทำความสะอาด,596
กาตาร์,ผลิตอุปกรณ์ชิ้นส่วนรถจักรยานยนต์,590
กาตาร์,ผู้ทำปลาและอาหารทะเลอื่น ๆ,585
กาตาร์,ช่างไม้แบบ,564
กาตาร์,พนักงานเครื่องหล่อพลาสติก,563
กาตาร์,เกษตรกรพืชไร่และผัก,551
กาตาร์,ผลิตอลูมิเนียม,547
กาตาร์,พนักงานรับรายการอาหาร,542
กาตาร์,กลึงโลหะ,534
กาตาร์,ผลิตกระจก,507
กาตาร์,ผู้เลี้ยงปศุสัตว์อื่น ๆ,497
กาตาร์,ช่างผูกเหล็ก,493
กาตาร์,ผลิตเหล็ก,488
กาตาร์,ประกอบเครื่องจักรกล,476
กาตาร์,ผู้ซักรีดทั่วไป,474
กาตาร์,เกษตรไร่องุ่น,454
กาตาร์,ช่างเหล็ก (ก่อสร้าง),444
กาตาร์,พนักงานตรวจสอบ-ควบคุมคุณภาพงาน,437
กาตาร์,ผลิตแก้ว,393
กาตาร์,ผลิตแบตเตอรี่,381
กาตาร์,ผู้ช่วยกุ๊ก,378
กาตาร์,ผู้ดูแลงาน,370
กาตาร์,หัวหน้างานทั่วไป,370
กาตาร์,ชุบโลหะ,368
กาตาร์,ผลิตอุปกรณ์ชิ้นส่วนยานพาหนะ,366
กาตาร์,ผลิตเฟอร์นิเจอร์ (ชาย),351
กาตาร์,ขัดผิวโลหะ,343
กาตาร์,ชาวประมง พราน และผู้ปฏิบัติงานที่เกี่ยวข้อง,324
กาตาร์,ผลิตชิ้นส่วนและประกอบเครื่องกำเนิดไฟฟ้า,314
กาตาร์,ช่างประกอบโครงสร้าง,300
กาตาร์,พนักงานบริการห้องอาหาร,297
กาตาร์,ช่างไฟฟ้าทั่วไป,294
กาตาร์,กรรมกรหรือคนงานทำงานหนัก,292
กาตาร์,ผลิตประกอบยานพาหนะในการขนส่ง,290
กาตาร์,พนักงานเสริฟ พนักงานปรุงและเสริฟเครื่องดื่ม และอื่น ๆ,287
กาตาร์,ควบคุมเครื่องจักร,285
กาตาร์,พนักงานทอผ้า,283
กาตาร์,ช่างทาสีอาคาร,281
กาตาร์,ผู้จัดการทั่วไป,279
กาตาร์,คนงานผลิตสิ่งพิมพ์,274
กาตาร์,ประกอบอุปกรณ์ไฟฟ้า,273
กาตาร์,พนักงานผลิต ผลิตภัณฑ์หินอ่อน,252
กาตาร์,ช่างปูนฉาบ,251
กาตาร์,พนักงานต้อนรับ,250
กาตาร์,โฟร์แมน,248
กาตาร์,ล่าม,243
กาตาร์,พนักงานผลิต ผลิตภัณฑ์เซรามิค,238
กาตาร์,ผลิตสายไฟฟ้า,237
กาตาร์,เครื่องปั้นดินเผา,235
กาตาร์,ช่างเสริมสวย,233
กาตาร์,วิศวกรอื่น ๆ,232
กาตาร์,ช่างประกอบนั่งร้าน,231
กาตาร์,นายเรือ; นายท้าย; กัปตันเรือ,228
กาตาร์,ผู้ปฏิบัติงานเกี่ยวกับการผลิตซึ่งมิได้จัดประเภทไว้ในที่อื่น,228
กาตาร์,ผลิตเหล็กแผ่น,220
กาตาร์,พนักงานและคนงานปลูกป่า,219
กาตาร์,ผลิตผลิตภัณฑ์ใยแก้ว,215
กาตาร์,ประกอบชิ้นส่วนเครื่องใช้ไฟฟ้า,206
กาตาร์,กรรมกรหรือคนงานทำงานเบา,202
กาตาร์,คนทำสวน,198
กาตาร์,ช่างทำขนมปัง,196
กาตาร์,พนักงานปรุงและเสริฟเครื่องดื่ม,196
กาตาร์,พนักงานขาย,195
กาตาร์,ตัดโลหะ,194
กาตาร์,ช่างเชื่อมท่อ,191
กาตาร์,หล่อเหล็ก,190
กาตาร์,ควบคุมเครื่องจักรกล,188
กาตาร์,พนักงานขับรถ,180
กาตาร์,คนทำความสะอาดอาคาร,178
กาตาร์,พนักงานทำความสะอาดห้องพัก,165
กาตาร์,ผู้ช่วยพนักงานเสริฟ,163
กาตาร์,เกษตรเลี้ยงปศุสัตว์,160
กาตาร์,ผลิตภัณฑ์ไม้,160
กาตาร์,ผลิตอาหารสัตว์,157
กาตาร์,กุ๊ก (อาหารญีปุ่น),155
กาตาร์,คนงานชุบโลหะด้วยไฟฟ้า,153
กาตาร์,ช่างทำขนมประเภทอบ และช่างทำขนมอื่น ๆ,149
กาตาร์,บาร์เทนเดอร์  ชาย/หญิง,148
กาตาร์,พนักงานในครัว,145
กาตาร์,ช่างพ่นสี,142
กาตาร์,ประกอบชิ้นส่วนอิเลคทรอนิกส์,140
กาตาร์,ช่างสี (ชั้น 1),137
กาตาร์,นักแต่งเพลง นักดนตรี นักร้อง นักแสดง อื่น ๆ,133
กาตาร์,ผู้โค่นต้นไม้,131
กาตาร์,ผู้ช่วยช่าง,128
กาตาร์,พ่อครัวอาหารไทย,128
กาตาร์,ผู้ควบคุมงานผลิต หัวหน้าคนงานทั่วไปอื่น ๆ,124
กาตาร์,ผู้ปฏิบัติงานเกี่ยวกับการผลิต ซึ่งมิได้จัดประเภทไว้ที่อื่น,119
กาตาร์,ผู้เชี่ยวชาญ,116
กาตาร์,ผลิตเฟอร์นิเจอร์ไม้,113
กาตาร์,ช่างเหล็กเสริมคอนกรีต,113
กาตาร์,เกษตรกรสวนผลไม้,113
กาตาร์,พนักงานผสมคอนกรีต(ขนาดเล็ก),109
กาตาร์,ผู้ช่วยผู้จัดการ,108
กาตาร์,พนักงานอุตสาหกรรมผลิตผลิตภัณฑ์ยานยนต์,108
กาตาร์,ช่างทำเล่มหนังสือและอื่น ๆ,107
กาตาร์,พนง.ขับรถแมคโคร,106
กาตาร์,ผลิตประกอบรถจักรยาน,103
กาตาร์,ผลิตกล่องกระดาษ,102
กาตาร์,พนักงานบริการเครื่องดื่ม,102
กาตาร์,คนงานอุตสาหกรรมผลิตเสื้อผ้า,99
กาตาร์,ช่างไม้ทั่วไป,98
กาตาร์,พนักงานขับรถแมคโคร,97
กาตาร์,ช่างฉาบปูนทั่วไป,97
กาตาร์,ช่างเครื่องยนต์เบนซิน,96
กาตาร์,พนักงานขับรถเครน,94
กาตาร์,ปั่นด้าย,92
กาตาร์,พนักงานนั่งร้าน,91
กาตาร์,ผู้ทำงานกสิกรรมและผู้เลี้ยงสัตว์ อื่น ๆ,90
กาตาร์,พนักงานขายของหน้าร้านอื่น ๆ,89
กาตาร์,ผู้ปฏิบัติงานอาชีพบริการอื่น ๆ,88
กาตาร์,ช่างซ่อมเครื่องยนต์,86
กาตาร์,ช่างติดตั้งโครงสร้าง,85
กาตาร์,ช่างดัดเหล็ก,85
กาตาร์,ช่างทาสี โครงเหล็กกล้า และลำเรือ,84
กาตาร์,ช่างแต่งเล็บ,82
กาตาร์,ช่างทำผลิตภัณฑ์หนังทั่วไป,81
กาตาร์,ย้อมผ้า,81
กาตาร์,พนักงานขับรถแบ็คโฮ,81
กาตาร์,ช่างปรับไฟฟ้า หม้อแปลงไฟฟ้า,80
กาตาร์,ลูกเรือทั่วไป,77
กาตาร์,ผลิตกระดาษ,76
กาตาร์,พนักงานรักษาความปลอดภัย,76
กาตาร์,ชำแหละเนื้อสัตว์,76
กาตาร์,ผู้ควบคุมงานผลิต และหัวหน้าคนงานทั่วไป(หมวดอาชีพ),74
กาตาร์,ช่างตกแต่งภายใน,74
กาตาร์,พนักงานล้างจาน,73
กาตาร์,ผลิตผลิตภัณฑ์คอนกรีต,73
กาตาร์,ช่างประกอบเครื่องมือไฟฟ้าและอิเลกทรอนิกส์,72
กาตาร์,พนักงานขับรถโฟลคลิฟท์,72
กาตาร์,ช่างหล่อโลหะ,72
กาตาร์,ตัดหินอ่อน,71
กาตาร์,คนงานผลิตผลิตภัณฑ์กระเบื้องเคลือบ,70
กาตาร์,ช่างประกอบแว่นตา,69
กาตาร์,ชาวไร่;เกษตรกรปลูกพืชเลี้ยงสัตว์,67
กาตาร์,ช่างเขียนแบบโครงสร้าง,65
กาตาร์,ช่างทาสีซึ่งมิได้จัดประเภทไว้ในที่อื่น,65
กาตาร์,ผู้ประสานงาน,64
กาตาร์,พนักงานควบคุมการตัดโลหะ,63
กาตาร์,ช่างเครื่องยนต์ทั่วไป;ช่างซ่อมเครื่องจักรกลโลหะทั่วไป,63
กาตาร์,ช่างประกอบถังเพรสเชอร์,63
กาตาร์,พนักงานขายของหน้าร้าน (ค้าปลีก),63
กาตาร์,ช่างท่อทั่วไป,62
กาตาร์,ช่างไฟฟ้าประจำเรือ,61
กาตาร์,ผลิตรองเท้า,61
กาตาร์,พนักงานธุรการ,60
กาตาร์,กลาสีเรือ,59
กาตาร์,จนท.ควบคุมการขนส่งและคมนาคมอื่น ๆ,58
กาตาร์,ผู้ทำงานเพาะปลูกพืชไร่และผักอื่น ๆ,58
กาตาร์,ผู้ควบคุมงานเครื่องกล,57
กาตาร์,ช่างเย็บผ้า,57
กาตาร์,ช่างเชื่อม  6  จี/อาร์กอน,56
กาตาร์,ผู้ติดตั้งฉนวนหุ้มท่อ,53
กาตาร์,พยาบาลวิชาชีพทั่วไป,53
กาตาร์,ผู้ปลูกไม้ดอก ชาวสวนดอกไม้,52
กาตาร์,ช่างแต่งผม ช่างตัดผม ช่างเสริมสวย และผู้ปฏิบัติงานที่เกี่ยวข,51
กาตาร์,หัวหน้าพนักงานเสริฟ,50
กาตาร์,พนักงานบัญชีทั่วไป,49
กาตาร์,ช่างซ่อมยานยนต์,48
กาตาร์,ควบคุมซ่อมแซมและติดตั้งเครื่องจักรกล,48
กาตาร์,เคลือบโลหะ,48
กาตาร์,ผู้ช่วยพ่อครัว,47
กาตาร์,ทำไร่ ทำนา,46
กาตาร์,ควบคุมเครื่องผลิตอะไหล่รถยนต์,46
กาตาร์,ช่างปูนปาสเตอร์,46
กาตาร์,เจ้าหน้าที่ระบบข้อมูล,46
กาตาร์,ช่างสีรถยนต์,45
กาตาร์,พนักงานขับรถขุด,45
กาตาร์,ผลิตอุปกรณ์กีฬา,45
กาตาร์,ช่างประกอบผลิตภัณฑ์โลหะทั่วไป,45
กาตาร์,วิศวกรเครื่องกลทั่วไป,44
กาตาร์,ช่างทำโลหะแผ่น,43
กาตาร์,รองต้นกล; นายช่างกล,43
กาตาร์,ผู้กรีดยาง(น้ำยาง),43
กาตาร์,ช่างกลึงอัดโลหะ,43
กาตาร์,ผู้จัดการโครงการ,43
กาตาร์,คนงานอู่ต่อเรือ,43
กาตาร์,คนงานอุตสาหกรรมผลิตสายเคเบิล,43
กาตาร์,หัวหน้างานก่อสร้าง,41
กาตาร์,ทอผ้า,41
กาตาร์,ผลิตประกอบรถยนต์,41
กาตาร์,ช่างประปา,40
กาตาร์,ช่างไฟฟ้าฝ่ายบำรุงรักษา,40
กาตาร์,หัวหน้าช่างเชื่อม,39
กาตาร์,ผู้ปรุงอาหารอื่น ๆ,39
กาตาร์,ผู้ฝึกสอนกีฬา,39
กาตาร์,ช่างไฟฟ้า,39
กาตาร์,ผู้เพาะเลี้ยงสัตว์น้ำ,39
กาตาร์,พนักงานอุตสาหกรรมผลิตกระดาษ,38
กาตาร์,ผู้ปรุงอาหาร,38
กาตาร์,พนักงานแท่นขุดเจาะ,38
กาตาร์,นักแสดง,37
กาตาร์,อุตสาหกรรมสิ่งทอ,37
กาตาร์,นักวิเคราะห์ระบบงานคอมพิวเตอร์,37
กาตาร์,ช่างเครื่องประจำเรือ,37
กาตาร์,พนักงานดูแลห้องพัก,37
กาตาร์,ผลิตผลิตภัณฑ์หิน,37
กาตาร์,หัวหน้าช่างประกอบท่อ,35
กาตาร์,ช่างติดตั้งเครื่องจักร,34
กาตาร์,ผู้ทำงานในฟาร์มโคนมอื่น ๆ,34
กาตาร์,พนักงานควบคุมการผลิต,34
กาตาร์,ขนถ่ายสินค้า,33
กาตาร์,ปั๊มโลหะ,33
กาตาร์,พนักงานโรงงาน(ทอผ้า),32
กาตาร์,นายประจำเรือ ต้นเรือ ต้นหนเรือเดินทะเล,32
กาตาร์,ผู้ควบคุมงานทั่วไป,32
กาตาร์,นักบริหาร/ผู้ดูแลฐานข้อมูล; ที่ปรึกษาด้านระบบฐานข้อมูลคอมพิวเตอร์,32
กาตาร์,ผู้จัดการฝ่ายผลิต,32
กาตาร์,ผู้ช่วยพยาบาล,31
กาตาร์,บริกรหญิง,31
กาตาร์,ผู้จัดซื้อ;ตัวแทนจัดซื้อ; ผู้จัดการฝ่ายซื้อ,31
กาตาร์,ช่างเทคนิควิศวกรรมอื่น ๆ,31
กาตาร์,พนักงานออกแบบรถยนต์,30
กาตาร์,ช่างเทคนิควิศวกรรมการผลิต,30
กาตาร์,ผู้ทำผลิตภัณฑ์ยางและพลาสติก,30
กาตาร์,คนงานแท่นขุดเจาะ,30
กาตาร์,ผลิตประกอบรถจักรยานยนต์,30
กาตาร์,ที่ปรึกษา,29
กาตาร์,ช่างเคาะพ่นสี,29
กาตาร์,เจ้าหน้าที่ควบคุมคุณภาพ,29
กาตาร์,ผู้ให้บริการความปลอดภัยอื่น ๆ,28
กาตาร์,วิศวกรโยธาทั่วไป,28
กาตาร์,ช่างทองและช่างเงิน,28
กาตาร์,ช่างซ่อมเครื่องจักรกล (ยานยนต์),28
กาตาร์,พนักงานรับโทรศัพท์,27
กาตาร์,ผู้ช่วยผู้ปรุงอาหาร,27
กาตาร์,หญิงเลี้ยงเด็ก,27
กาตาร์,ตัดยาง,27
กาตาร์,พนักงานขับรถบรรทุก,26
กาตาร์,หมอนวด,26
กาตาร์,เจ้าหน้าที่ฝึกงาน,26
กาตาร์,พิมพ์และฟอกย้อม (ผ้า),26
กาตาร์,ขุดเจาะบ่อน้ำมัน,26
กาตาร์,หลอมโลหะ,25
กาตาร์,หลอมเหล็ก,25
กาตาร์,ผู้ควบคุมงาน งานก่อสร้าง,24
กาตาร์,ช่างเครื่องมือวัด/ควบคุมอาวุโส,24
กาตาร์,ตัดพลาสติก,24
กาตาร์,ช่างภาพทั่วไป,24
กาตาร์,ช่างกลึง; ช่างตั้งและใช้เครื่องกลึง,24
กาตาร์,ช่างประกอบแบบเหล็ก,24
กาตาร์,ควาญช้าง,24
กาตาร์,บริกรชาย,24
กาตาร์,ตัดเหล็ก,24
กาตาร์,วิศวกรไฟฟ้าทั่วไป,23
กาตาร์,ช่างซ่อมเครื่องจักรกล อื่น ๆ,23
กาตาร์,ช่างฝังเพชรพลอย,23
กาตาร์,ซักผ้า,23
กาตาร์,ผลิตซีเมนต์,23
กาตาร์,ผลิตเครื่องเคลือบดินเผา,23
กาตาร์,เลขานุการ,23
กาตาร์,ผู้จัดการฝ่ายการเงินและบัญชี;ผู้จัดการฝ่ายการเงิน,22
กาตาร์,เชฟ เดอ ปาร์ดี้ ชาย,22
กาตาร์,ช่างขึ้นรูปโลหะด้วยมือ,22
กาตาร์,ช่างเครื่องกำเนิดไฟฟ้า,22
กาตาร์,ทำขนม,22
กาตาร์,รีดเหล็ก,22
กาตาร์,ผู้ทำงานในสวนไม้ผล สวนองุ่นสวนต้นไม้ และสวนไม้พุ่มอื่น ๆ,21
กาตาร์,ช่างทำเครื่องมือทั่วไป,21
กาตาร์,วิศวกรการผลิต,21
กาตาร์,เกษตรกรไร่ชา,21
กาตาร์,ช่างเทคนิคไฟฟ้า,21
กาตาร์,นักบิน,20
กาตาร์,วิศวกรโยธา,20
กาตาร์,ผลิตผลิตภัณฑ์จากแร่อื่น ๆ ที่ไม่ใช่โลหะ,20
กาตาร์,กรรมกรหรือคนงานอื่น ๆ,20
กาตาร์,หัวหน้าช่างประกอบ,20
กาตาร์,ผู้ช่วยพนักงานทำความสะอาด,20
กาตาร์,ช่างคุมเตาหลอมแก้ว และเครื่องดินเผาอื่น ๆ,20
กาตาร์,ขับโฟคล์ลีฟ,20
กาตาร์,พนักงานเครื่องขุดตัก,20
กาตาร์,ผลิตเครื่องสุขภัณฑ์,20
กาตาร์,นักวิเคราะห์ระบบงาน,20
กาตาร์,พนักงานรับ-จ่ายเงิน(สำนักงานหรือที่ทำการ),20
กาตาร์,ควบคุมซ่อมแซมและติดตั้งเครื่องจักร,19
กาตาร์,ช่างไฟฟ้าอาวุโส,19
กาตาร์,ผู้จัดการแผนกห้องอาหาร,19
กาตาร์,พนักงานขับรถเทเลอร์,19
กาตาร์,ต้นกลเรือ,19
กาตาร์,เกษตรกรเลี้ยงสัตว์ปีก,19
กาตาร์,พนักงานควบคุมสโตร์,19
กาตาร์,เจ้าหน้าที่การเงิน,19
กาตาร์,โฟร์แมนโครงสร้าง,19
กาตาร์,ผู้ช่วยกรรมการผู้จัดการ,19
กาตาร์,ผู้ช่วยผู้จัดการทั่วไป,18
กาตาร์,ผู้จัดการซึ่งมิได้จัดประเภทไว้ในที่อื่น ๆ,18
กาตาร์,ช่างซ่อมแอร์,18
กาตาร์,พนักงานขับรถแทรคเตอร์,18
กาตาร์,รองหัวหน้างานทั่วไป,18
กาตาร์,ผู้จัดการฝ่ายบุคคล,17
กาตาร์,ช่างแต่งผม ช่างตัดผม ช่างเสริมสวย ฯ,17
กาตาร์,ผู้เก็บรักษาปลา,17
กาตาร์,หัวหน้าพ่อครัวมือ 1,17
กาตาร์,ช่างทาสี,17
กาตาร์,ช่างเชื่อมด้วยก๊าซและไฟฟ้า,17
กาตาร์,ช่างมุงหลังคาอื่น ๆ,17
กาตาร์,ผลิตแม่พิมพ์โลหะ,17
กาตาร์,ช่างชุบและเคลือบโลหะทั่วไป,17
กาตาร์,ผู้ปฏิบัติงานในกรรมวิธีการทำผลิตภัณฑ์นมเนยอื่น ๆ,16
กาตาร์,นักกายภาพบำบัด;พนักงานกายภาพบำบัด,16
กาตาร์,ผู้สีข้าว (เครื่องจักรสีข้าว),16
กาตาร์,วิศวกรควบคุมประสิทธิภาพ,16
กาตาร์,ช่างน้ำมัน และช่างอัดจาระบีประจำเรือ,16
กาตาร์,ช่างก่อคอนกรีตเสริม (การก่อสร้าง),16
กาตาร์,พนักงานให้สัญญาน,16
กาตาร์,ช่างเครื่องยนต์ดีเซล,16
กาตาร์,ผู้ทำงานป่าไม้,16
กาตาร์,ผลิตน้ำมันพืช,16
กาตาร์,วิศวกรด้านเทคนิคคอมพิวเตอร์,16
กาตาร์,เกษตรกรสวนยาง,16
กาตาร์,ช่างไฟฟ้าโรงงาน,16
กาตาร์,หัวหน้าพนักงานห้องอาหารและเครื่องดื่ม,16
กาตาร์,ช่างประกอบเรือ,15
กาตาร์,ผู้ทำงานในฟาร์มสัตว์ปีก,15
กาตาร์,พนักงานคุมเตาหลอมโลหะ,15
กาตาร์,เสมียนทั่วไป,15
กาตาร์,ผู้จัดการฝ่ายขาย,15
กาตาร์,ผู้ปฏิบัติงานเกี่ยวกับการผลิต คนงานหรือกรรมกร(หมวดอาชีพ),15
กาตาร์,ช่างเทคนิควิศวกรรมเครื่องกล,14
กาตาร์,ผู้ทำผลิตภัณฑ์ยาง และพลาสติกอื่น ๆ,14
กาตาร์,พนักงานเครื่องคอมพิวเตอร์อิเลกทรอนิกส์,14
กาตาร์,ผู้จัดการฝ่ายการตลาด,14
กาตาร์,ช่างเขียนแบบอื่น ๆ,14
กาตาร์,ช่างทำสกรีน การพิมพ์สิ่งทอ สิ่งถัก,14
กาตาร์,พนักงานขับรถตัก,14
กาตาร์,ช่างเหล็กโครงสร้าง,13
กาตาร์,ช่างซ่อมเครื่องยนต์หนัก,13
กาตาร์,ช่างโลหะแผ่นทั่วไป,13
กาตาร์,ช่างเจียระไนและขัดเพชรพลอย,13
กาตาร์,ผลิตผลิตภัณฑ์จากหนังสัตว์,13
กาตาร์,ผู้จัดการ Q.C. ตรวจสอบ,13
กาตาร์,ช่างปรับเครื่องจักร และช่างประกอบเครื่องกลอื่น ๆ,13
กาตาร์,ช่างก่อสร้างงานโครงเหล็ก,13
กาตาร์,ช่างซ่อมเครื่องกลยานยนต์,13
กาตาร์,ควบคุมเครนหอ,13
กาตาร์,พนักงานเครื่องระบายอากาศ และเครื่องปรับอากาศ,13
กาตาร์,สถาปนิก,13
กาตาร์,อุตสาหกรรมการผลิตมอเตอร์ไฟฟ้า,13
กาตาร์,ผู้ช่วยนายเรือ; ผู้ช่วยนายท้าย,12
กาตาร์,ผลิตเฟอร์นิเจอร์เหล็ก,12
กาตาร์,หญิงรับใช้และผู้ทำงานบ้านอื่นๆ,12
กาตาร์,นักบัญชีอื่น ๆ,12
กาตาร์,ช่างเชื่อมไฟฟ้า,12
กาตาร์,ผู้ช่วยโฟร์แมน,12
กาตาร์,หัวหน้างานไฟฟ้า,12
กาตาร์,กุ๊ก (เบเกอรี่),12
กาตาร์,ผู้ควบคุมแท่นขุดเจาะน้ำมัน,12
กาตาร์,ช่างประกอบอุปกรณ์ไฟฟ้าและอิเลกทรอนิกส์อื่น ๆ,12
กาตาร์,ผู้ช่วยช่างซ่อมเครื่องจักรกล (ทั่วไป),12
กาตาร์,ผลิต ผลิตภัณฑ์ผ้าม่าน,12
กาตาร์,ช่างเจียระไนโลหะ ช่างขัดเงาโลหะ และช่างลับเครื่องมือ อื่น ๆ,12
กาตาร์,ขัดเงาแก้ว,11
กาตาร์,ผู้จัดการซึ่งมิได้จัดประเภทไว้ในที่อื่น,11
กาตาร์,ผู้ช่วยช่างขุดเจาะ,11
กาตาร์,ผู้ปรุงอาหาร และเครื่องดื่ม พนักงานเสริฟ,11
กาตาร์,ช่างฟอกหนัง,11
กาตาร์,โปรแกรมเมอร์ทุกระบบ/ทุกด้าน,11
กาตาร์,พนักงานขับรถเกรด,11
กาตาร์,พนักงานเครื่องปิดและผนึกฝา,11
กาตาร์,ช่างซ่อมตัวถังรถยนต์,11
กาตาร์,กรรมการผู้จัดการ,11
กาตาร์,คนงานวางท่อ,11
กาตาร์,ช่างชุบและเคลือบโลหะอื่น ๆ,11
กาตาร์,ผลิตเส้นใยสังเคราะห์,11
กาตาร์,ผู้เขียนโปรแกรมคอมพิวเตอร์,11
กาตาร์,ช่างตัดเสื้อผ้า,11
กาตาร์,ช่างไฟฟ้ารถยนต์,11
กาตาร์,ช่างปรับอุปกรณ์ทำความเย็นและปรับอากาศ,11
กาตาร์,ผู้จัดการฟาร์ม (ปศุสัตว์),11
กาตาร์,ผลิตลวดหนามหรือขดลวด,10
กาตาร์,หัวหน้าแผนกซ่อมบำรุง,10
กาตาร์,นักสำรวจทั่วไป,10
กาตาร์,นักสถิติทั่วไป,10
กาตาร์,ผู้ทำน้ำแข็ง,10
กาตาร์,พนักงานขับรถบรรทุกหนัก,10
กาตาร์,ชำแหละหมู,10
กาตาร์,ช่างหล่อเหล็ก,10
กาตาร์,ขัดหินอ่อน,10
กาตาร์,ช่างทำกุญแจ,10
กาตาร์,ผู้ช่วยเครน,10
กาตาร์,ผู้วางแผน/ผู้ควบคุมคอมพิวเตอร์,10
กาตาร์,ล่ามแปล,10
กาตาร์,ช่างก่ออิฐ ช่างไม้ และปฏิบัติงานก่อสร้าง อื่น ๆ,10
กาตาร์,พนักงานผลิตและประกอบเครื่องคอมพิวเตอร์,10
กาตาร์,หัวหน้าช่างอุปกรณ์เครื่องจักรกล,10
กาตาร์,ผลิตสี,10
กาตาร์,ผลิตผลิตภัณฑ์หนัง,10
กาตาร์,ช่างประกอบอุปกรณ์ไฟฟ้า,9
กาตาร์,ช่างตัดเย็บเสื้อผ้า และอื่น ๆ,9
กาตาร์,ช่างก่ออิฐ (ก่อสร้าง),9
กาตาร์,สมุหบัญชี,9
กาตาร์,วิศวกรเหมืองแร่ทั่วไป,9
กาตาร์,ช่างทาสีก่อสร้างอื่น ๆ,9
กาตาร์,แรงงานชำนาญงาน,9
กาตาร์,ผู้ทำงานเพาะปลูกพืชไร่และผัก,9
กาตาร์,รองกรรมการผู้จัดการ,9
กาตาร์,พนักงานบัญชี และพนักงานรับ-จ่ายเงิน อื่น ๆ,9
กาตาร์,พนักงานรับ-จ่ายเงิน(โต๊ะรับเงินสด),9
กาตาร์,ช่างทำทอง (ฝีมือสูง),9
กาตาร์,หัวหน้างานส่งสัญญาณเครน,8
กาตาร์,กลึงและเจาะเหล็ก,8
กาตาร์,ผู้ควบคุมงานไฟฟ้า,8
กาตาร์,ช่างเงิน (สร้อยและเครื่องประดับ),8
กาตาร์,ผลิตท่อพีวีซี,8
กาตาร์,ช่างเหล็ก และพนักงานเครื่องทุบอัดโลหะอื่นๆ,8
กาตาร์,เจ้าหน้าที่ควบคุมเอกสาร,8
กาตาร์,เจ้าหน้าที่ควบคุมระบบไฟฟ้า,8
กาตาร์,เจียระไนโลหะ,8
กาตาร์,ช่างทำแม่พิมพ์,8
กาตาร์,เสมียนการเจ้าหน้าที่,8
กาตาร์,ทำความสะอาดหญิง,8
กาตาร์,ควบคุมเครื่องจักรกลหนัก,8
กาตาร์,ผู้จัดการทั่วไปในโรงแรม,8
กาตาร์,เจ้าหน้าที่ประมวลผลข้อมูล,8
กาตาร์,ช่างตัดเย็บเสื้อผ้า(สำเร็จรูป),8
กาตาร์,ช่างเครื่องยนต์ประจำอากาศยาน,8
กาตาร์,นักสำรวจอื่น ๆ,8
กาตาร์,วิศวกรควบคุม/เครื่องมือวัด,8
กาตาร์,เจ้าหน้าที่ประชาสัมพันธ์,8
กาตาร์,ช่างตัดเย็บเสื้อผ้า ฯ และอื่นๆ,7
กาตาร์,ช่างเครื่อง(ผู้เชี่ยวชาญด้านเครื่องยนต์),7
กาตาร์,ผู้จัดการและหัวหน้าฝ่ายพัสดุและคลังสินค้า,7
กาตาร์,ช่างติดกระจก (อาคาร),7
กาตาร์,ช่างตัดเย็บเสื้อผ้า และช่างประดิษฐ์เครื่องแต่งกาย อื่น ๆ,7
กาตาร์,ผู้จัดการ,7
กาตาร์,แม่บ้าน (ยกเว้นส่วนบุคคล),7
กาตาร์,ช่างปรับลิฟท์และอุปกรณ์ที่เกี่ยวข้องกัน,7
กาตาร์,ผู้ปฏิบัติงานก่อสร้างซึ่งมิได้จัดประเภทไว้ในที่อื่น,7
กาตาร์,ช่างพิมพ์ทั่วไป,7
กาตาร์,ผลิตภัณฑ์เซรามิก,7
กาตาร์,ช่างเชื่อมด้วยไฟฟ้า (เครื่องเชื่อม),7
กาตาร์,ชาวประมง (เก็บหอยและสัตว์น้ำอื่น ๆ),7
กาตาร์,ช่างทำเบาะ (ยานพาหนะ),7
กาตาร์,ที่ปรึกษาด้านออกแบบระบบคอมพิวเตอร์,7
กาตาร์,ช่างบัดกรี,7
กาตาร์,วิศวกรควบคุมอาวุโส/เครื่องมือวัดอาวุโส,7
กาตาร์,ช่างเทคนิควิศวกรรมไฟฟ้าและ อิเลกทรอนิกส์,7
กาตาร์,ผู้จัดการ Q.A.,7
กาตาร์,ผู้จัดการแผนกอาหารและเครื่องดื่ม,6
กาตาร์,ผู้ประสานงานการท่องเที่ยว,6
กาตาร์,ผู้ปรุงอาหารทั่วไป (สำเร็จรูป),6
กาตาร์,ที่ปรึกษาอาวุโส,6
กาตาร์,ควบคุมเครื่องจักรไฟฟ้า,6
กาตาร์,ช่างซ่อมเครื่องมือหนัก,6
กาตาร์,กุ๊ก (อาหารจีน),6
กาตาร์,นักสัตวบาล (สัตว์เลี้ยง),6
กาตาร์,พนักงานเสริฟ พนักงานปรุงและเสริฟเครื่องดื่ม,6
กาตาร์,ช่างซ่อมเครื่องกลอากาศยาน,6
กาตาร์,พยาบาลอื่น ๆ,6
กาตาร์,พนักงานขับรถยก,6
กาตาร์,ผู้ปฏิบัติงานอาชีพด้านบริการอื่น ๆ,6
กาตาร์,กดแม่พิมพ์โลหะ,6
กาตาร์,รองประธานกรรมการ,6
กาตาร์,นักศึกษาฝึกงาน,6
กาตาร์,หัวหน้าหน่วยห้องพัก,6
กาตาร์,ผู้ตบแต่งสวนไม้ประดับ,6
กาตาร์,ช่างทำเพชรพลอยทั่วไป,6
กาตาร์,ช่างเทคนิควิศวกรรมโยธา,6
กาตาร์,ช่างทำโครงเหล็กในโรงงาน,6
กาตาร์,ช่างทอผ้าด้วยเครื่องจักร,6
กาตาร์,ผู้ปฏิบัติงานในกรรมวิธีการทำอาหารและเครื่องดื่มอื่น ๆ,6
กาตาร์,ช่างกลึงกระบอกสูบเครื่องยนต์,6
กาตาร์,หัวหน้าฝ่ายบัญชี,6
กาตาร์,หัวหน้าคนครัว,6
กาตาร์,พนักงานขับรถกะบะเทหลัง;พนักงานขับรถดัมพ์ทรัก,6
กาตาร์,นักดนตรี,6
กาตาร์,ช่างไฟฟ้าอุปกรณ์หนัก,6
กาตาร์,พนักงานจัดและตกแต่งดอกไม้ ไม้ประดับ,6
กาตาร์,ช่างเลื่อยไม้ทั่วไป,6
กาตาร์,อุตสาหกรรมผลิตชิ้นส่วนอิเลคทรอนิคส์,6
กาตาร์,เจ้าหน้าที่บริหาร,6
กาตาร์,ช่างเทคนิคไฟฟ้าและอิเลกทรอนิกส์อื่น ๆ,6
กาตาร์,ผู้ปรุงอาหาร (ยกเว้นงานส่วนบุคคล),6
กาตาร์,ช่างเชื่อมด้วยก๊าซ,6
กาตาร์,นักออกแบบผลิตภัณฑ์อุตสาหกรรม และพาณิชย์,5
กาตาร์,ช่างซ่อมแหอวน,5
กาตาร์,หัวหน้าช่างเครื่องยนต์หนัก,5
กาตาร์,ผู้ทำงานป่าไม้(ยกเว้นผู้ทำไม้),5
กาตาร์,สถาปนิก วิศวกร/ผู้จัดการโครงการ,5
กาตาร์,ช่างเครื่องกลอาวุโส,5
กาตาร์,ขัดเหล็ก,5
กาตาร์,ผู้ตรวจสอบปริมาณวัตถุ,5
กาตาร์,ช่างไฟฟ้าประจำอาคาร,5
กาตาร์,วิศวกรเหมืองแร่,5
กาตาร์,ช่างซ่อมเครื่องจักรกลอากาศยาน,5
กาตาร์,โรงงานฆ่าสัตว์,5
กาตาร์,ช่างไฟฟ้าและช่างต่อสายไฟอื่น ๆ,5
กาตาร์,ผู้ช่วยช่างอลูมิเนียม,5
กาตาร์,ฉีดพลาสติก,5
กาตาร์,ขัดไม้,5
กาตาร์,กุ๊ก (อาหารฝรั่งเศล),5
กาตาร์,ผลิตเหล็กม้วน,5
กาตาร์,วิศวกรสำรวจ,5
กาตาร์,ผู้ให้บริการความปลอดภัย,5
กาตาร์,หัวหน้างานติดตั้งโครงสร้าง,5
กาตาร์,หัวหน้าห้องอาหาร,5
กาตาร์,พนักงานเครื่องอัดรีดพลาสติก,5
กาตาร์,พนักงานควบคุมเครื่องมือหนัก,5
กาตาร์,พนักงานขับรถบรรทุกเทท้าย (รถดัมพ์),5
กาตาร์,คนงานอุตสาหกรรมผลิตเครื่องปั้ม,5
กาตาร์,ผู้จัดซื้อ,5
กาตาร์,วิศวกรก่อสร้างอาคาร,5
กาตาร์,ผู้เลี้ยงผึ้ง,5
กาตาร์,วิศวกรปิโตรเลียม (ฝ่ายผลิต),5
กาตาร์,ช่างทำเหล็กเสริม (การก่อสร้าง),5
กาตาร์,ผู้ทำงานฟาร์มทั่วไป,5
กาตาร์,ล่าม (ภาษาจีน),5
กาตาร์,ผู้ทำผลิตภัณฑ์จากกระดาษ และกระดาษแข็ง,5
กาตาร์,ผู้ประสานงานด้านต่างประเทศ,5
กาตาร์,เสมียนพนักงานฝ่ายสินค้าและพัสดุอื่น ๆ,4
กาตาร์,สรั่งเรือ; ต้นเด่น;หัวหน้ากลาสี,4
กาตาร์,ครู,4
กาตาร์,พนักงานบริการยกกล่องบรรจุ,4
กาตาร์,ผู้จัดการแผนกแม่บ้าน,4
กาตาร์,ช่างซ่อมช่วงล่าง,4
กาตาร์,วิศวกรไฟฟ้า (ผลิตพลังงาน),4
กาตาร์,นักเคมีทั่วไป,4
กาตาร์,ช่างตัดเย็บเสื้อผ้า (เฉพาะตัวบุคคล),4
กาตาร์,หัวหน้างานประกอบโครงสร้าง,4
กาตาร์,วิศวกรควบคุมต้นทุน,4
กาตาร์,กลาสีปากเรือ,4
กาตาร์,เจ้าหน้าที่พัสดุ,4
กาตาร์,นักกายภาพบำบัดและนักอาชีวบำบัด,4
กาตาร์,พนักงานศูนย์บริการธุรกิจ,4
กาตาร์,หัวหน้างานดูแลเครื่องจักร,4
กาตาร์,วิศวกรโยธา(ก่อสร้างถนนและทางหลวง),4
กาตาร์,ช่างซ่อมเครื่องยนต์เรือเดินทะเล,4
กาตาร์,ช่างคุมเครื่องหล่อมแม่พิมพ์(อุปกรณ์ไฟฟ้า),4
กาตาร์,ประกอบเครื่องมือทางการแพทย์,4
กาตาร์,ย้อมและตกแต่งสำเร็จ,4
กาตาร์,นักวิชาการทางวิทยาศาสตร์เกี่ยวกับชีวิต,4
กาตาร์,แพทย์แผนโบราณ,4
กาตาร์,ช่างไฮดรอลิก,4
กาตาร์,ช่างเพชรพลอยและโลหะที่มีค่าอื่น ๆ,4
กาตาร์,ผู้ช่วยช่างเครื่องยนต์,4
กาตาร์,เจ้าหน้าที่ประสานโครงการ,4
กาตาร์,ผู้ช่วยคุมแท่นขุดเจาะน้ำมัน,4
กาตาร์,พนักงานคุมเครื่องตัดเหล็กม้วน,4
กาตาร์,ผลิตผลิตภัณฑ์อื่น ๆ ที่มิใช่โลหะ,4
กาตาร์,พนักงานห้องเย็น,4
กาตาร์,ช่างฟอกหนัง ถากหนังและขูดขน  และช่างตกแต่งขนสัตว์,4
กาตาร์,วิศวกรรักษาความปลอดภัย,4
กาตาร์,วิศวกรเครื่องกลอาวุโส,4
กาตาร์,กรรมการรองผู้อำนวยการ,4
กาตาร์,ช่างก่ออิฐ ก่อหิน และปูกระเบื้องอื่น ๆ,4
กาตาร์,ช่างซ่อมเครื่องจักรกลยานยนต์อื่น ๆ,4
กาตาร์,ผู้ประสานงาน(ด้านใด  ลงสาขาอาชีพนั้น),4
กาตาร์,พนักงานเครื่องอัดรีดยาง,4
กาตาร์,พนักงานดูแลเครื่องจักร,4
กาตาร์,ช่างติดตั้งอุปกรณ์ไฟฟ้า,4
กาตาร์,ผู้จัดการด้านฝึกอบรม,4
กาตาร์,ช่างวางท่อ ช่างเชื่อมโลหะ ทำ ติดตั้งโลหะแผ่น โครงสร้างโลหะ,4
กาตาร์,ผู้ช่วยผู้ควบคุมการผลิต,4
กาตาร์,พนักงานหลอม และเผาโลหะอื่น ๆ,4
กาตาร์,ช่างสี (ชั้น 2),4
กาตาร์,ช่างทำที่นอน,4
กาตาร์,นักบัญชี,4
กาตาร์,ฝึกอบรมทางอุตสาหกรรม,4
กาตาร์,นักสำรวจ,4
กาตาร์,นักวิเคราะห์เมล็ดพืช,4
กาตาร์,พนักงานชำนาญการขาย และให้คำปรึกษาแนะนำในการใช้สินค้า,4
กาตาร์,กุ๊ก (อาหารอิตาเลียน),3
กาตาร์,พนักงานขับรถบดถนน;คนขับรถบดถนน,3
กาตาร์,เจ้าหน้าที่บริหาร ของหน่วยงานเอกชน,3
กาตาร์,ช่างตกแต่งแม่พิมพ์,3
กาตาร์,ช่างเทคนิควิศวกรรมเคมี,3
กาตาร์,อาจารย์,3
กาตาร์,เจาะโลหะ,3
กาตาร์,ผู้ช่วยรองผู้อำนวยการ,3
กาตาร์,เกษตรโคนม,3
กาตาร์,วิศวกรไฟฟ้าและอิเลกทรอนิกส์อื่น ๆ,3
กาตาร์,ช่างพันคอยล์ด้วยมือ,3
กาตาร์,พนักงานขับรถผสมปูน,3
กาตาร์,ช่างทำขนมประเภทอบทั่วไป,3
กาตาร์,ผู้ปฏิบัติงานเกี่ยวกับการกลั่นน้ำมันอื่น ๆ,3
กาตาร์,พนักงานขับรถจักรและช่างไฟอื่น ๆ,3
กาตาร์,เจ้าหน้าที่บริหารงานหน่วยงานเอกชน,3
กาตาร์,ผู้ช่วยพ่อครัวมือ2,3
กาตาร์,ผู้ทำงานในฟาร์มโคนม,3
กาตาร์,ช่างฉาบปูนอื่น ๆ,3
กาตาร์,หัวหน้าศูนย์บริการธุรกิจ,3
กาตาร์,ผู้ควบคุมงานบริหารคุณภาพ,3
กาตาร์,พนักงานเครื่องอัดหล่อยาง,3
กาตาร์,หัวหน้าแผนกต้อนรับ,3
กาตาร์,ช่างไฟฟ้าและช่างเดินสายไฟฟ้า,3
กาตาร์,ผู้ปฏิบัติงานซึ่งมิอาจจัดประเภทอาชีพได้,3
กาตาร์,ช่างเดินสายไฟ,3
กาตาร์,พนักงานขับรถยิงปูน,3
กาตาร์,ช่างตัดต่อท่อ,3
กาตาร์,ถักเสื้อผ้า,3
กาตาร์,วิศวกรเครื่องกล (การบำรุงรักษา),3
กาตาร์,ช่างหุ้มฉนวน,3
กาตาร์,วิศวกรเครื่องกล (โครงสร้าง),3
กาตาร์,ผลิต ผลิตภัณฑ์ไฟเบอร์,3
กาตาร์,ช่างอัดบีบโลหะ; ช่างรีดโลหะ,3
กาตาร์,รีดผ้า,3
กาตาร์,พ่อครัวมือ3,3
กาตาร์,ช่างตั้งและใช้เครื่องมือกลอื่น ๆ,3
กาตาร์,นักสถิติ นักคำนวณ นักวิเคราะห์ระบบงานและนักวิชาการฯ,3
กาตาร์,พนักงานเครื่องตอกเสาเข็ม,3
กาตาร์,พนักงานบรรจุหีบห่อปลาแช่แข็ง,3
กาตาร์,ช่างออกแบบไฟฟ้า,3
กาตาร์,วิศวกรโยธาอื่น ๆ,3
กาตาร์,โฟร์แมนไฟฟ้าอาคาร/โรงงาน,3
กาตาร์,ผู้โม่ บด และผสมอื่น ๆ,3
กาตาร์,ผู้บรรจุหีบห่อด้วยมือ,3
กาตาร์,ผู้ทำยางรถ,3
กาตาร์,เสมียนคลังพัสดุ,3
กาตาร์,พนักงานอบชุบทั่วไป,3
กาตาร์,ควบคุมเครื่องรีดแผ่นเหล็ก,3
กาตาร์,ช่างเทคนิคอิเลกทรอนิกส์,3
กาตาร์,เสมียนชั่งน้ำหนัก,3
กาตาร์,พนักงานค้ำยันอุโมงค์,3
กาตาร์,ผู้ปั่นด้ายด้วยเครื่องจักร,3
กาตาร์,เจ้าของกิจการค้าปลีก,3
กาตาร์,นักดนตรี นักร้อง,3
กาตาร์,ผู้ช่วยพนักงานทำอาหาร/ขนมปัง/ชำแหละเนื้อ/ขนมหวาน,3
กาตาร์,นักธรณีวิทยา,3
กาตาร์,ที่ปรึกษาทางกฎหมาย จนท.ฝ่ายกฎหมาย,3
กาตาร์,ลูกเรือชำนาญงาน,3
กาตาร์,ผู้ควบคุมดูแลเสมียนพนักงานอื่น ๆ,3
กาตาร์,พนักงานแปล,3
กาตาร์,พนักงานพิมพ์และย้อมผ้า,2
กาตาร์,ผู้ปฏิบัติงานเกี่ยวกับการกลั่นน้ำมัน,2
กาตาร์,คนงานผูกลวดสลิงและให้สัญญาณปั้นจั่น,2
กาตาร์,ผู้จัดการระบบข้อมูลข่าวสาร,2
กาตาร์,ผู้ทำงานในฟาร์มสัตว์ปีกอื่น ๆ,2
กาตาร์,ผู้จัดการแผนกต้อนรับ,2
กาตาร์,ผู้เชี่ยวชาญชาวต่างประเทศ(เชี่ยวชาญด้านใด ให้ลงสาขาอาชีพนั้น),2
กาตาร์,ผู้ทำความสะอาด และผู้ปฏิบัติงานที่เกี่ยวข้องกัน อื่น ๆ,2
กาตาร์,ผู้ช่วยช่างบัดกรีท่อแอร์,2
กาตาร์,ผู้ทำงานในสวนเพาะชำ ผู้เพาะต้นไม้ขาย,2
กาตาร์,ช่างเหล็ก ช่างทำเครื่องมือ และพนักงานเครื่องมือกลอื่น ๆ,2
กาตาร์,วิศวกรอุโมงค์,2
กาตาร์,พนักงานขาย พนักงานขายหน้าร้าน ฯ,2
กาตาร์,หัวหน้างานติดตั้งเครื่องจักร,2
กาตาร์,นักธรณีฟิสิกส์,2
กาตาร์,เสมียนพนักงานอื่น ๆ,2
กาตาร์,ผู้ดูแลช่างไฟฟ้า,2
กาตาร์,ช่างเชื่อมและช่างตัดด้วยเปลวไฟอื่น ๆ,2
กาตาร์,ล่าม (ภาษาจีนกลาง),2
กาตาร์,หัวหน้าคนทำสวน,2
กาตาร์,พนักงานเครื่องกลั่นน้ำมัน,2
กาตาร์,ชุบไฟฟ้า,2
กาตาร์,ผลิตผลิตภัณฑ์จากขนสัตว์,2
กาตาร์,ช่างปรับไฟฟ้า,2
กาตาร์,ผู้ทำเส้นหมี่และเส้นก๋วยเตี๋ยว,2
กาตาร์,ผู้ควบคุมวัสดุอุปกรณ์,2
กาตาร์,ช่างไฟฟ้า-ประปา,2
กาตาร์,ช่างทำเกลียวเส้นด้ายด้วยเครื่องจักร,2
กาตาร์,กุ๊ก (อาหารอเมริกัน),2
กาตาร์,พนักงานคัดเลือกสัตว์น้ำเพื่อการแช่แข็ง,2
กาตาร์,พนักงานขับรถยนต์,2
กาตาร์,พนักงานห้องซักรีด,2
กาตาร์,ช่างเทคนิควิศวกรรมโลหะ,2
กาตาร์,ผู้ควบคุมการขายและผู้จัดซื้อ,2
กาตาร์,ช่างหล่อโลหะอื่น ๆ,2
กาตาร์,วิศวกรอิเลกทรอนิกส์,2
กาตาร์,ช่างเหล็ก ช่างทำเครื่องมือและ พนักงานเครื่องมือกล,2
กาตาร์,ช่างวางท่อ,2
กาตาร์,วิศกรไฟฟ้า (ส่งและจ่ายพลังงาน),2
กาตาร์,นักกำหนดอาหาร,2
กาตาร์,ช่างทองแดง,2
กาตาร์,ผู้ตรวจวัดสายตา และผู้เตรียมเลนซ์ประกอบแว่นตา,2
กาตาร์,สรั่งช่างกลเรือ,2
กาตาร์,ช่างแต่งหน้าผู้แสดง(เวทีและโรงถ่ายภาพยนตร์),2
กาตาร์,ขัดเงาโลหะ,2
กาตาร์,พนักงานคุมเตาหลอมผลิตเหล็กกล้า,2
กาตาร์,ผู้คุมเตาผลิตซีเมนต์,2
กาตาร์,ช่างทำแบบหล่อโลหะด้วยมือ,2
กาตาร์,ช่างทำแบบเทคอนกรีต,2
กาตาร์,ช่างตัดหิน,2
กาตาร์,ช่างดัดไม้,2
กาตาร์,ช่างเทคนิควิศวกรรมโยธาอื่น ๆ,2
กาตาร์,สจ๊วต,2
กาตาร์,หัวหน้าคนงานประจำฟาร์มเลี้ยงสุกร,2
กาตาร์,ช่างทอ (พรม) ด้วยหูกมือ,2
กาตาร์,ช่างชุบโลหะโดยการจุ่มด้วยมือ,2
กาตาร์,พนักงาน/คนงานเหมืองแร่ทั่วไป,2
กาตาร์,ผู้ควบเส้นด้ายด้วยเครื่องจักร,2
กาตาร์,หัวหน้าหน่วยติดตั้ง,2
กาตาร์,ผู้ควบคุมการขายปลีก; ผู้จัดการฝ่ายขายปลีก,2
กาตาร์,พนักงานเหมืองแร่ และเหมืองหิน พนักงานขุดเจาะบ่อ,2
กาตาร์,ช่างต่อเรือ (โลหะ),2
กาตาร์,เสมียนพนักงานฝ่ายสินค้าและพัสดุ,2
กาตาร์,เสมียนบันทึกสินค้าคงคลัง,2
กาตาร์,ผู้ตรวจผืนผ้า,2
กาตาร์,หญิงรับใช้ (งานส่วนบุคคล),2
กาตาร์,พนักงานปรับแต่งเครื่องจักร,2
กาตาร์,ช่างซ่อมจักรยานยนต์ และจักรยานที่ใช้เครื่องยนต์,2
กาตาร์,ครูอนุบาล,2
กาตาร์,เกษตรกร,2
กาตาร์,ช่างยกตั้งนั่งร้าน (โลหะหรือไม้),2
กาตาร์,ช่างซ่อมเครื่องจักรกลทำสิ่งทอ สิ่งถัก,2
กาตาร์,สถาปนิก วิศวกร และนักวิชาการที่เกี่ยวข้องกัน,2
กาตาร์,พนักงานขายโฆษณา,2
กาตาร์,ผู้ทำไอสครีม(ในโรงงานอุตสาหกรรม),2
กาตาร์,ผู้ปฏิบัติงานในกรรมวิธีทางเคมีและอื่น ๆ,2
กาตาร์,ช่างเขียนแบบทั่วไป,2
กาตาร์,ผู้ช่วยเจ้าหน้าที่ความปลอดภัย,2
กาตาร์,ผู้ควบคุมงานไฟฟ้าและอิเลกทรอนิกส์,2
กาตาร์,ผู้ช่วยช่างเครื่องจักรกลรถยนต์,2
กาตาร์,พยาบาลเฉพาะทาง,2
กาตาร์,วิศวกรเคมีอื่น ๆ,2
กาตาร์,พนักงานเครื่องผสมคอนกรีต(ขนาดใหญ่),2
กาตาร์,ครูอาจารย์,2
กาตาร์,ช่างออกแบบโครงสร้าง,2
กาตาร์,หัวหน้าแผนกแม่บ้าน,2
กาตาร์,ช่างซ่อมจักร,2
กาตาร์,พนักงานขับรถบรรทุกและรถตู้ขนาดใหญ่,2
กาตาร์,ช่างทำผลิตภัณฑ์หนังอื่น ๆ,2
กาตาร์,พนักงานเครื่องเจียระไน,2
กาตาร์,ช่างปรับมอเตอร์และไดนะโม,2
กาตาร์,ผู้จัดการค้าปลีก,2
กาตาร์,ช่างทำผลิตภัณฑ์อโลหะ,2
กาตาร์,เจาะและระเบิดหิน,2
กาตาร์,ผู้จัดการสาขา,2
กาตาร์,พนักงานให้สัญญานเครื่องยก,2
กาตาร์,ช่างเจียระไนโลหะ ช่างขัดเงาโลหะ และช่างลับเครื่องมือ,2
กาตาร์,พนักงานดูแลสระน้ำ,2
กาตาร์,ช่างควบคุมอุปกรณ์(ดูเครื่องจักรในการผลิต ลงรหัสในสาขานั้น),2
กาตาร์,นักร้อง,2
กาตาร์,พนักงานควบคุมรถลาดยาง,2
กาตาร์,ช่างแต่งผมสตรี,2
กาตาร์,พนักงานต้อนรับและเสมียนตัวแทนการเดินทางอื่น ๆ,2
กาตาร์,ผู้เชี่ยวชาญ(เชี่ยวชาญด้านใด ให้ลงสาขาอาชีพนั้น),2
กาตาร์,ผู้ช่วยช่างไฟฟ้าแอร์คอนดิชั่น,2
กาตาร์,ผู้รับคำปรึกษาระบบ,2
กาตาร์,พนักงานเครื่องตัดและรีดพับ(กล่องกระดาษ),2
กาตาร์,ผู้จัดการและผู้ควบคุมดูแลฟาร์ม(หมวดอาชีพ),2
กาตาร์,เสมียนบัญชี,2
กาตาร์,นักแสดง และผู้กำกับการแสดง,2
กาตาร์,พนักงานปากระวาง ลูกเรือ และอื่น ๆ,2
กาตาร์,ผู้ควบคุมการขายส่ง;ผู้จัดการฝ่ายขายส่ง,2
กาตาร์,เจ้าหน้าที่เทคนิคเคมี,2
กาตาร์,ช่างก่อหิน (ก่อสร้าง),2
กาตาร์,ควบคุมปั้นจั่น,2
กาตาร์,พนักงานคุมเตาหลอมและผสมโลหะที่มิใช่เหล็ก,2
กาตาร์,มัคคุเทศก์,2
กาตาร์,ช่างปูพื้น และช่างปูกระเบื้องอื่นๆ,2
กาตาร์,ผู้ฆ่าสัตว์,2
กาตาร์,วิศวกรการเกษตร,2
กาตาร์,ช่างเชื่อมและตัดด้วยเปลวไฟ,2
กาตาร์,ช่างย้อมผืนผ้าด้วยเครื่องจักร,2
กาตาร์,ช่างขัดหิน,2
กาตาร์,ช่างติดกระจกแผ่น,2
กาตาร์,ประธานกรรมการ,2
กาตาร์,เสมียนวางแผนการผลิต,2
กาตาร์,ผู้ทำไม้,1
กาตาร์,พนักงานอำนวยการบิน,1
กาตาร์,หัวหน้างานด้านห้องปฏิบัติการ,1
กาตาร์,ผู้กรีดน้ำมันยาง(ต้นยาง),1
กาตาร์,หัวหน้าคนงานประจำคอกโคนม,1
กาตาร์,พนักงานทำท่อประปา,1
กาตาร์,ชาวนา,1
กาตาร์,ผู้ทำความสะอาดหน้าต่าง,1
กาตาร์,วิศกรเครื่องกล (ระบายอากาศและทำความเย็น),1
กาตาร์,พนักงานขายส่ง,1
กาตาร์,ช่างปรับไฟฟ้า (ยานยนต์),1
กาตาร์,พนักงานเครื่องทำบัญชีและเครื่องคำนวณอื่น ๆ,1
กาตาร์,ผลิตหมึกพิมพ์,1
กาตาร์,พนักงานขับรถยนต์โดยสารประจำทาง,1
กาตาร์,นักบิน ต้นหน และวิศวกรประจำอากาศยาน,1
กาตาร์,ช่างตั้งและใช้เครื่องมือกล (งานโลหะ)ทั่วไป,1
กาตาร์,พนักงานเครื่องแยกของเหลว,1
กาตาร์,ผู้เลี้ยงปศุสัตว์,1
กาตาร์,ช่างทำแผ่นพลาสติก,1
กาตาร์,ช่างทอผ้าและผู้ปฏิบัติงานที่เกี่ยวข้องกันอื่น ๆ,1
กาตาร์,ช่างวางสายไฟฟ้ากำลัง,1
กาตาร์,ช่างซ่อมเครื่องยนต์เบา,1
กาตาร์,ช่างขึ้นรูปแก้ว เครื่องดินเผา และอื่น ๆ,1
กาตาร์,เสมียนวางแผนการผลิตและการใช้วัสดุ,1
กาตาร์,ผู้สีโม่ธัญญพืช และผู้ปฏิบัติงานเกี่ยวข้องกัน,1
กาตาร์,พนักงานหลอมและเผาโลหะ,1
กาตาร์,ผู้ช่วยพนักงานห้องทดลอง,1
กาตาร์,ช่างปั้น,1
กาตาร์,ช่างฟอก ย้อมและตบแต่งผลิตภัณฑ์สิ่งทอ ถัก อื่น ๆ,1
กาตาร์,ช่างเขียนแบบสถาปัตยกรรม,1
กาตาร์,นักเคมีอื่น ๆ,1
กาตาร์,ย้อมเส้นด้าย,1
กาตาร์,ช่างปรับเครื่องจักร ช่างประกอบ ซ่อมเครื่องกล (ยกเว้นเครื่อง,1
กาตาร์,ผู้เจาะบ่อ ผู้เจาะรูและผู้ปฏิบัติงานที่เกี่ยวข้องกัน,1
กาตาร์,ช่างกัดเฟือง;ช่างตั้งและใช้เครื่องตัดเฟือง,1
กาตาร์,นักวิทยาศาสตร์กายภาพอื่น ๆ,1
กาตาร์,แม่พิมพ์พลาสติก,1
กาตาร์,ผู้ทำยางรถและผู้ปะยางรถ ด้วยวิธีอบอื่น ๆ,1
กาตาร์,ผู้ทำเครื่องหมายหรือป้ายพลาสติก,1
กาตาร์,พนักงานห้องเครื่องเรืออื่น ๆ,1
กาตาร์,ผู้ตรวจไฟฟ้า/อุปกรณ์ควบคุมการทำงานของครุภัณฑ์และเครื่องจักร,1
กาตาร์,ช่างก่ออิฐ ก่อหิน และปูกระเบื้อง,1
กาตาร์,ช่างดัดแผ่นเหล็กกล้า,1
กาตาร์,ผลิตเตาทนความร้อน,1
กาตาร์,ผลิตหนังเทียม,1
กาตาร์,วิศวกรประจำหน่วยงาน,1
กาตาร์,ตัวแทนขายผลิตภัณฑ์หัตถกรรม,1
กาตาร์,ช่างเย็บติดป้าย,1
กาตาร์,จนท.ควบคุมการขนส่ง และคมนาคมอื่น ๆ,1
กาตาร์,ผู้ควบคุมประจำกะ,1
กาตาร์,ช่างปรับไฟฟ้า และอิเล็กทรอนิกส์ที่เกี่ยวข้องกัน,1
กาตาร์,ช่างไฟฟ้าอุตสาหกรรม,1
กาตาร์,ช่างเขียนแบบเครื่องกล,1
กาตาร์,ช่างเพชรพลอยและประดิษฐ์โลหะมีค่า,1
กาตาร์,พ.ประกอบอุปกรณ์ชิ้นส่วนนาฬิกา,1
กาตาร์,เจ้าพนักงานสำรวจนับแจงไม้,1
กาตาร์,ผู้คุมเตาอบสีให้แห้ง,1
กาตาร์,พนักงานเครื่องขัดและขัดเงา,1
กาตาร์,วิศวกรเหมืองแร่อื่น ๆ,1
กาตาร์,นักสำรวจภาคพื้นดิน,1
กาตาร์,นักแต่งเพลง นักดนตรี นักขับร้องเพลงและนักแสดงอื่น ๆ,1
กาตาร์,นักเขียนประกาศโฆษณา,1
กาตาร์,ช่างกลึงไม้,1
กาตาร์,วิศวกรไฟฟ้าและอิเลกทรอนิกส์,1
กาตาร์,พนักงานอบชุบโลหะ,1
กาตาร์,โฟร์แมนโรงงาน,1
กาตาร์,ผู้ปฏิบัติงานทางศาสนา,1
กาตาร์,ช่างโลหะแผ่นอื่น ๆ,1
กาตาร์,สารวัดรับส่งสินค้า,1
กาตาร์,พ่อครัวชั้นสอง,1
กาตาร์,ช่างทำรองเท้าทั่วไป,1
กาตาร์,วิศวกรเคมีทั่วไป,1
กาตาร์,หัวหน้าหน่วยประกอบแผ่นอลูมิเนียม,1
กาตาร์,ช่างฉาบปูน,1
กาตาร์,วิศวกรระบบเครือข่าย,1
กาตาร์,ผู้ช่วยพนักงานฝึกหัดทำอาหาร,1
กาตาร์,กรรมการดำเนินการ,1
กาตาร์,ผู้ทำใบชา กาแฟ และโกโก้อื่น ๆ,1
กาตาร์,นักแสดงและผู้กำกับการแสดงอื่นๆ,1
กาตาร์,วิศวกรเครื่องจักรและเครื่องมือ,1
กาตาร์,ช่างถ่ายภาพบุคคล,1
กาตาร์,ช่างหล่อซีเมนต์คอนกรีต ด้วยเครื่องจักร,1
กาตาร์,ช่างทำเครื่องดนตรี (เครื่องสาย),1
กาตาร์,ผู้ทำงานในสถานเพาะชำ และผู้ทำสวน,1
กาตาร์,ช่างวางสายไฟและต่อสายเคเบิล,1
กาตาร์,ผู้ฆ่าสัตว์ ตกแต่ง และตัดเนื้อสัตว์ทั่วไป,1
กาตาร์,นักโลหกรรม; นักโลหะวิทยา(การผลิต),1
กาตาร์,ผู้บริหารระบบ'ควบคุมระบบ,1
กาตาร์,นักเทคโนโลยี่การแพทย์,1
กาตาร์,พนักงานทำความสะอาดเครื่องครัว,1
กาตาร์,พนักงานวางแผนไฟฟ้า,1
กาตาร์,พนักงานบัญชี และพนักงานรับ-จ่ายเงิน,1
กาตาร์,ผู้ควบคุมการจัดหาภายนอก,1
กาตาร์,พนักงานควบคุมการผลิตอาวุโส,1
กาตาร์,ผลิตไม้อัด,1
กาตาร์,นักการ คนเดินหนังสือ,1
กาตาร์,ช่างเทคนิคเหมืองแร่,1
กาตาร์,ผู้ติดตั้งเครื่องยกและฟั่นต่อ สายเคเบิลอื่น ๆ,1
กาตาร์,ผู้จัดการและผู้ควบคุมดูแลบริการขายอาหารและที่พักอาศัย(หมวดอาชีพ),1
กาตาร์,เจ้าหน้าที่ควบคุมเครื่องมือสำรวจหาปลา,1
กาตาร์,พนักงานขับรถราง,1
กาตาร์,ช่างซ่อมเครื่องมือและเครื่องวัด,1
กาตาร์,พนักงานควบคุมเครื่องรีดโลหะ,1
กาตาร์,ช่างเคาะ (ชั้น 1),1
กาตาร์,ผู้จัดการฝ่ายต่างประเทศ,1
กาตาร์,นักวิชาการสถิติและคณิตศาสตร์อื่น ๆ,1
กาตาร์,ผู้ดูแลรักษาสนามหญ้า,1
กาตาร์,เจ้าหน้าที่เทคนิควิทยาศาสตร์กายภาพอื่น ๆ,1
กาตาร์,ภุมิสถาปนิก,1
กาตาร์,ผู้จัดนำเที่ยวและมัคคุเทศก์,1
กาตาร์,ประติมากร จิตรกร และศิลปินเชิงประดิษฐ์ที่เกี่ยวข้องกันอื่น ๆ,1
กาตาร์,หัวหน้าพนักงานให้สัญญาน,1
กาตาร์,เจ้าหน้าที่สินเชื่อ,1
กาตาร์,ช่างแท่นพิมพ์แบบนอน,1
กาตาร์,พนักงานเครื่องกรองและเครื่องแยกอื่น ๆ,1
กาตาร์,ช่างประจำปั่นจั่นเจาะ(บ่อน้ำมันและก๊าซ),1
กาตาร์,ช่างเทคนิควิศวกรรมเคมีอื่น ๆ,1
กาตาร์,ช่างศิลป์,1
กาตาร์,ช่างทำเบาะกับที่นอน และผู้ปฏิบัติงานที่เกี่ยวข้องกัน อื่น ๆ,1
กาตาร์,ผู้เจาะบ่อ เจาะหลุม และปฏิบัติงานที่เกี่ยวข้อง,1
กาตาร์,พนักงานเครื่องอัดรีด ดินเหนียว,1
กาตาร์,นายช่างใหญ่ทางวิศวกรรมเรือ,1
กาตาร์,พนักงานเครื่องทำน้ำให้บริสุทธิ์,1
กาตาร์,นายท้ายเรือยนต์,1
กาตาร์,ผู้จัดการและผู้ควบคุมดูแลโรงแรมและภัตตาคาร,1
กาตาร์,ผู้จัดการและผู้ควบคุมดูแลภัตตาคาร,1
กาตาร์,โฟร์แมนช่างซ่อมแอร์คอนดิชั่น,1
กาตาร์,ผลิตกล่องใส่เครื่องประดับเพชรพลอย,1
กาตาร์,พนักงานคุมเตาหลอมแบบมีเบ้าหลอม,1
กาตาร์,ผู้ประสานงานด้านการท่องเที่ยว; ผู้จัดนำเที่ยว,1
กาตาร์,ช่างย้อมเส้นด้ายด้วยเครื่องจักร,1
กาตาร์,ผู้ทำงานกสิกรรม และผู้เลี้ยงสัตว์ซึ่งมิได้จัดไว้ที่อื่น,1
กาตาร์,นักศึกษาฝึกงาน(ฝึกงานด้านใด ลงสาขาอาชีพนั้น),1
กาตาร์,วิศวกรสุขาภิบาล,1
กาตาร์,ผู้ฝึกซ้อมการบริหารร่างกาย,1
กาตาร์,ผู้ปฏิบัติงานวิชาชีพ และวิชาการอื่น ๆ,1
กาตาร์,หัวหน้าคนงานพืชไร่และผัก,1
กาตาร์,เภสัชกร,1
กาตาร์,วิศวกรประจำเรือ,1
กาตาร์,ชาวประมง พรานและผู้ปฏิบัติงาน ที่เกี่ยวข้อง,1
กาตาร์,พนักงานบัญชี พนักงานรับ-จ่ายเงิน ฯ,1
กาตาร์,พนักงานจดรายงาน,1
กาตาร์,ครูประถมศึกษา,1
กาตาร์,พนักงานขับรถจักรและช่างไฟ,1
กาตาร์,ช่างตัดเครื่องแต่งกาย (หนัง),1
กาตาร์,ช่างทำหมวกอื่น ๆ,1
กาตาร์,ช่างมุงหลังคา (กระเบื้องและวัสดุที่คล้ายคลึงกัน),1
กาตาร์,ผู้จัดการฝ่ายซื้อและจ่ายวัสดุ;ผู้จัดการฝ่ายวัสดุ;ผู้จัดการฝ่,1
กาตาร์,ช่างชุบและเคลือบโลหะ,1
กาตาร์,ผู้ตรวจข่าว,1
กาตาร์,ช่างเขียนแบบ,1
กาตาร์,ผู้จัดการค้าส่ง,1
กาตาร์,ช่างก่อคอนกรีตเสริม ช่างตกแต่งผิวซีเมนต์ ช่างทำหินขัด อื่น ๆ,1
กาตาร์,พนักงานต้อนรับภาคพื้นดิน,1
กาตาร์,ผู้จัดการฝ่ายขนส่ง,1
กาตาร์,ผู้ทำไส้กรอกด้วยเครื่องจักร,1
กาตาร์,คนครัว (งานส่วนบุคคล),1
กาตาร์,ช่างเย็บด้วยมือและจักรทั่วไป,1
กาตาร์,หัวหน้าหน่วยซักอบรีด,1
กาตาร์,ช่างทำเครื่องประดับ ด้วยหอยทะเลและเขาสัตว์,1
กาตาร์,ผู้ควบคุมดูแลด้านอาหารและการใช้จ่าย,1
กาตาร์,รองหัวหน้างานก่อสร้าง,1
กาตาร์,พนักงานประจำสถานีบริการน้ำมัน,1
กาตาร์,ผลิตคอนกรีต,1
กาตาร์,ช่างทำแบบไม้,1
กาตาร์,ผู้ชักชวนซื้อสินค้า,1
กาตาร์,ผู้ปฏิบัติงานที่เกี่ยวกับการผลิต พนักงานใช้อุปกรณ์ขนส่ง(หมวดอาชีพ),1
กาตาร์,ช่างไม้ ทำเครื่องไม้ และปูพื้นไม้พาร์เก้,1
กาตาร์,พนักงานคุมเครื่องทำลวดหนาม,1
กาตาร์,ผู้บังคับการเรือ และนายเรือเดินทะเล,1
กาตาร์,วิศวกรอุตสาหการอื่น ๆ,1
กาตาร์,ช่างซ่อมแก้บำรุงรักษาเครื่องทำความเย็น,1
กาตาร์,ประติมากร จิตรกร ช่างภาพ และศิลปินเชิงประดิษฐ์ที่เกี่ยวกัน,1
กาตาร์,นักคณิตศาสตร์สถิติ,1
กาตาร์,ช่างฉาบพื้นกระจกเงา,1
กาตาร์,ช่างภาพและช่างภาพประจำกล้อง,1
กาตาร์,พนักงานยกกระเป๋า,1
กาตาร์,หัวหน้าหน่วยประกอบและติดตั้ง,1
กาตาร์,ผลิตภัณฑ์เครื่องตกแต่งบ้าน,1
กาตาร์,ชาวประมงน้ำจืด,1
กาตาร์,พนักงานควบคุมการคำนวณวัสดุ,1
กาตาร์,พนักงานควบคุมการเดินรถไฟ,1
กาตาร์,ผลิตหนังสือ,1
กาตาร์,พนักงานขับขี่ยานยนต์,1
กาตาร์,พนักงานบริการประจำบุฟเฟ่ต์,1
กาตาร์,บรรณาธิการผู้ช่วย,1
กาตาร์,ช่างทำขนมจากข้าวและถั่ว,1
กาตาร์,ช่างอัด อิฐและกระเบื้อง ด้วยเครื่องจักร,1
กาตาร์,ช่างเทคนิควิศวกรรมเครื่องกลอื่น ๆ,1
กาตาร์,ช่างแท่นพิมพ์,1
กาตาร์,ผู้ทำเบียร์ เหล้าไวน์ และเครื่องดื่มอื่น ๆ,1
กาตาร์,พนักงานขับรถจักร (ไอน้ำ),1
กาตาร์,ช่างหล่อซีเมนต์คอนกรีตด้วยมือ,1
กาตาร์,ช่างเทคนิคควบคุมประสิทธิภาพ,1
กาตาร์,พนักงานวิทยุสื่อสาร,1
กาตาร์,หัวหน้าควบคุมเครื่องมือหนัก,1
กาตาร์,ผู้นำเสนอสินค้าตัวอย่าง,1
กาตาร์,ช่างปั่น ทอ ถัก ย้อมและผู้ปฏิบัติงานเกี่ยวข้องอื่น ๆ,1
กาตาร์,พนักงานเครื่องอัดผ้าเบรค ด้วยความร้อนแบบอัตโนมัติ,1
กาตาร์,พนักงานขาย พนักงานขายหน้าร้าน และผู้นำเสนอสินค้าตัวอย่าง,1
กาตาร์,ช่างผู้ชำนาญด้านตัดแต่งแผ่นโลหะ,1
กาตาร์,ช่างซ่อมเครื่องยนต์ที่สันดาปภายใน,1
กาตาร์,ช่างทำกล่องกระดาษด้วยมือ,1
กาตาร์,ช่างตัดและแต่งผมชาย,1
กาตาร์,ช่างจัดเกรดดิน,1
กาตาร์,ช่างประกอบเครื่องมือที่มีความเที่ยงตรง,1
กาตาร์,ช่างเทคนิคห้องทดลอง,1
กาตาร์,ช่างต่อสายเคเบิลไฟฟ้า,1
กาตาร์,วิศวกรไฟฟ้า (อุปกรณ์),1
กาตาร์,พนักงาน อาบ อบ นวด,1
กาตาร์,ช่างปั่น ทอ ถัก ย้อมและผู้ปฏิบัติงานเกี่ยวข้องกัน,1
กาตาร์,ช่างแกะสลักไม้,1
กาตาร์,พนักงานบรรจุหีบห่อปลาป่น,1
กาตาร์,ช่างติดตั้ง/ซ่อมอุปกรณ์แพทย์,1
กาตาร์,พนักงานเก็บค่าโดยสาร(รถโดยสารประจำทางหรือรถราง),1
กาตาร์,ผู้ชำนาญการด้านงานบุคคลและอาชีพ,1
กาตาร์,ช่างแกะสลักเชิงประดิษฐ์,1
กาตาร์,พนักงานเครื่องซักแห้ง,1
กาตาร์,ผู้ดึงยืดและรวมเส้นใย,1
กาตาร์,คนทำไม้,1
กาตาร์,ผู้ทำอาหารให้แห้ง,1
กาตาร์,ช่างเชื่อมด้วยเครื่องไฟฟ้า (แบบต้านทาน),1
กาตาร์,พนักงานเครื่องรีดโลหะ,1
กาตาร์,พนักงานปั่นจั่น,1
กาตาร์,บดหิน' ย่อยหิน,1
กาตาร์,ช่างพันคอยล์ด้วยเครื่องจักร,1
กาตาร์,หัวหน้าคนงานประจำคอกปศุสัตว์,1
กาตาร์,ช่างตัดเครื่องแต่งกายสำเร็จรูป(ยกเว้นหนัง),1
กาตาร์,วิศวกรเครื่องกลอื่น ๆ,1
กาตาร์,อุตสาหกรรมการผลิตอาหารสัตว์,1
กาตาร์,หัวหน้าช่างเหล็กประกอบช่างไม้,1
กาตาร์,วิศวกรเครื่องกล (เรือ),1
กาตาร์,พนักงานเครื่องอัดรีดเสื้อผ้าเครื่องใช้,1
กาตาร์,พนักงานคุมเตาถลุงโลหะอื่น ๆ,1
กาตาร์,ครูสอนในสถาบันการศึกษาพิเศษอื่น ๆ,1
กาตาร์,นักนิรุกติศาสตร์ พนักงานแปลและล่าม,1
กาตาร์,นักสำรวจทางเหมืองแร่,1
กาตาร์,เกษตรกรชำนาญงานเฉพาะสาขา,1
กาตาร์,นักผสมเทียม; จนท.ผสมเทียม,1
กาตาร์,วิศวกรเครื่องกล (รถยนต์),1
กาตาร์,อุตสาหกรรมการชุบ,1
กาตาร์,พนักงานทำความสะอาดครัว,1
กาตาร์,ตัวแทนนายหน้าซื้อขายอสังหาริมทรัพย์,1
กาตาร์,ผู้นำร่อง; เจ้าพนักงานนำร่อง,1
กาตาร์,ช่างปรับเครื่องจักร และประกอบเครื่องกล,1
กาตาร์,พนักงานเครื่องสาง หวี และรีดเส้นใย,1
กาตาร์,ช่างเชื่อมด้วยไฟฟ้า (มือ),1
กาตาร์,ช่างใช้เครื่องจักรทำงานไม้อื่น ๆ,1
กาตาร์,ผู้ช่วยช่างไฟฟ้าอิเลคโทรนิค,1
กาตาร์,ช่างทำเทียนไข,1
กาตาร์,ช่างไฟประจำเรือ (น้ำมัน),1
กาตาร์,จิตรกรเชิงประดิษฐ์,1
กาตาร์,พนักงานบัญชี พนักงานรับ-จ่ายเงิน และผู้ปฏิบัติงานที่เกี่ยวข้,1
กาตาร์,ช่างแกะแม่พิมพ์,1
กาตาร์,ช่างพ่นทราย,1
กาตาร์,วิศกรประจำเรืออื่น ๆ,1
กาตาร์,ช่างแบบโลหะ,1
กาตาร์,ช่างเข้าหน้าการพิมพ์,1
กาตาร์,ช่างซ่อมเครื่องจักรกล(ยกเว้นยานยนต์และอากาศยาน),1
กาตาร์,ช่างไม้ต่อเรือใหญ่,1
กาตาร์,พนักงานเครื่องสูบ,1
กาตาร์,พนักงานเครื่องบรรจุของ,1
กาตาร์,ผลิตถุงกระดาษ,1
กาตาร์,ช่างเจียระไนแก้ว,1
กาตาร์,วิศวกรเครื่องกล,1
กาตาร์,ผู้เตรียมดินด้วยเครื่องจักร,1
กาตาร์,พนักงานทำความสะอาดห้องอาหาร,1
กาตาร์,พนักงานทำความสะอาดเครื่องครัวลูกเรือ,1
กาตาร์,พนักงานรับ-จ่ายเงิน (ธนาคาร),1
กาตาร์,ช่างซ่อมเครื่องใช้ไฟฟ้าในบ้าน,1
กาตาร์,ผู้จัดการฝ่ายค้นคว้าและวิจัย,1
กาตาร์,ผู้ควบคุมการขาย,1
กาตาร์,สนร.ซาอุดิอาระเบีย,806
ไอร์แลนด์,นวดแผนโบราณ,203
ไอร์แลนด์,ช่างเชื่อม,94
ไอร์แลนด์,ช่างประกอบท่อ,44
ไอร์แลนด์,ช่างเสริมสวย,37
ไอร์แลนด์,คนงานทั่วไป,25
ไอร์แลนด์,ผู้ช่วยช่าง,23
ไอร์แลนด์,ช่างแต่งผม ช่างตัดผม ช่างเสริมสวย และผู้ปฏิบัติงานที่เกี่ยวข,18
ไอร์แลนด์,ขุดเจาะบ่อน้ำมัน,18
ไอร์แลนด์,พนักงานขับรถเครน,14
ไอร์แลนด์,ช่างไม้ (ก่อสร้าง),13
ไอร์แลนด์,ช่างไม้ทั่วไป,13
ไอร์แลนด์,โฟร์แมน,10
ไอร์แลนด์,ช่างสีรถยนต์,10
ไอร์แลนด์,พนักงานขับรถเทเลอร์,9
ไอร์แลนด์,พนักงานขับรถ,9
ไอร์แลนด์,ช่างซ่อมบำรุง,9
ไอร์แลนด์,ช่างแต่งผม ช่างตัดผม ช่างเสริมสวย ฯ,8
ไอร์แลนด์,ช่างเทคนิค,8
ไอร์แลนด์,ช่างเครื่องยนต์ทั่วไป;ช่างซ่อมเครื่องจักรกลโลหะทั่วไป,8
ไอร์แลนด์,กุ๊ก,8
ไอร์แลนด์,ช่างประกอบนั่งร้าน,7
ไอร์แลนด์,ช่างประกอบโครงสร้าง,6
ไอร์แลนด์,กุ๊ก (อาหารไทย),6
ไอร์แลนด์,ช่างเคาะพ่นสี,6
ไอร์แลนด์,ช่างสี (ชั้น 1),5
ไอร์แลนด์,ช่างเหล็ก,5
ไอร์แลนด์,ผู้ควบคุมแท่นขุดเจาะน้ำมัน,5
ไอร์แลนด์,หัวหน้างานก่อสร้าง,5
ไอร์แลนด์,พนักงานแท่นขุดเจาะ,5
ไอร์แลนด์,ช่างแต่งเล็บ,5
ไอร์แลนด์,ช่างปูน,5
ไอร์แลนด์,ช่างพ่นสี,5
ไอร์แลนด์,คนงานแท่นขุดเจาะ,5
ไอร์แลนด์,ผู้ช่วยกุ๊ก,5
ไอร์แลนด์,ควบคุมซ่อมแซมและติดตั้งเครื่องจักรกล,4
ไอร์แลนด์,พนักงานขับรถแบ็คโฮ,4
ไอร์แลนด์,พนักงานต้อนรับ,4
ไอร์แลนด์,พนักงานขาย,4
ไอร์แลนด์,ผู้ปฏิบัติงานก่อสร้างอื่น ๆ,4
ไอร์แลนด์,พนักงานขับรถตัก,4
ไอร์แลนด์,หัวหน้างานส่งสัญญาณเครน,3
ไอร์แลนด์,ช่างเครื่องยนต์ดีเซล,3
ไอร์แลนด์,ช่างซ่อมเครื่องยนต์,3
ไอร์แลนด์,เจ้าหน้าที่การเงิน,3
ไอร์แลนด์,พนักงานเสริฟ,3
ไอร์แลนด์,พนักงานให้สัญญาน,3
ไอร์แลนด์,พนักงานรับ-จ่ายเงิน(สำนักงานหรือที่ทำการ),3
ไอร์แลนด์,ผู้ควบคุมงาน งานก่อสร้าง,3
ไอร์แลนด์,ช่างไฟฟ้าทั่วไป,3
ไอร์แลนด์,พนักงานทั่วไป,3
ไอร์แลนด์,ผู้ควบคุมงานผลิต หัวหน้าคนงานทั่วไปอื่น ๆ,3
ไอร์แลนด์,เสมียนทั่วไป,3
ไอร์แลนด์,หัวหน้างานทั่วไป,3
ไอร์แลนด์,ช่างตัดต่อท่อ,2
ไอร์แลนด์,พนักงานรับ-จ่ายเงิน(โต๊ะรับเงินสด),2
ไอร์แลนด์,ช่างติดตั้งเครื่องจักร,2
ไอร์แลนด์,พนักงานขับรถแมคโคร,2
ไอร์แลนด์,ช่างไม้แบบ,2
ไอร์แลนด์,พนักงานขับรถผสมปูน,2
ไอร์แลนด์,ช่างทองและช่างเงิน,2
ไอร์แลนด์,ช่างตัดเสื้อผ้า,2
ไอร์แลนด์,ผู้จัดการทั่วไป,2
ไอร์แลนด์,ผู้ช่วยช่างขุดเจาะ,2
ไอร์แลนด์,พนักงานขับรถบรรทุก,2
ไอร์แลนด์,พนักงานขับรถบรรทุกหนัก,2
ไอร์แลนด์,นักกายภาพบำบัด;พนักงานกายภาพบำบัด,1
ไอร์แลนด์,หัวหน้าช่างประกอบ,1
ไอร์แลนด์,หัวหน้าช่างเชื่อม,1
ไอร์แลนด์,ช่างเหล็กโครงสร้าง,1
ไอร์แลนด์,ช่างเชื่อมท่อ,1
ไอร์แลนด์,ผู้ช่วยพนักงานทำความสะอาด,1
ไอร์แลนด์,ช่างพ่นทราย,1
ไอร์แลนด์,กรรมกรหรือคนงานทำงานหนัก,1
ไอร์แลนด์,ผู้ควบคุมงานทั่วไป,1
ไอร์แลนด์,ควบคุมซ่อมแซมและติดตั้งเครื่องจักร,1
ไอร์แลนด์,หัวหน้างานดูแลเครื่องจักร,1
ไอร์แลนด์,พนง.ขับรถแมคโคร,1
ไอร์แลนด์,ช่างทาสีก่อสร้างอื่น ๆ,1
ไอร์แลนด์,แม่บ้าน,1
ไอร์แลนด์,พนักงานเหมืองแร่ และเหมืองหิน พนักงานขุดเจาะบ่อ,1
ไอร์แลนด์,พนักงานขับรถกะบะเทหลัง;พนักงานขับรถดัมพ์ทรัก,1
ไอร์แลนด์,ช่างตัดเครื่องแต่งกายสำเร็จรูป(ยกเว้นหนัง),1
ไอร์แลนด์,ช่างฝังเพชรพลอย,1
ไอร์แลนด์,ช่างซ่อมเครื่องมือหนัก,1
ไอร์แลนด์,พนักงานฝึกงาน,1
ไอร์แลนด์,พนักงานขับรถยก,1
ไอร์แลนด์,พนักงานขับรถเกรด,1
ไอร์แลนด์,ช่างไฟฟ้าอุปกรณ์หนัก,1
ไอร์แลนด์,ช่างบัดกรี,1
ไอร์แลนด์,พนักงานตรวจสอบ-ควบคุมคุณภาพงาน,1
ไอร์แลนด์,เลขานุการ,1
ไอร์แลนด์,ผู้ช่วยพยาบาล,1
ไอร์แลนด์,รองหัวหน้างานทั่วไป,1
ไอร์แลนด์,ผู้ช่วยช่างซ่อมเครื่องจักรกล (ทั่วไป),1
ไอร์แลนด์,ช่างเชื่อมด้วยก๊าซและไฟฟ้า,1
ไอร์แลนด์,ช่างเทคนิควิศวกรรมเครื่องกล,1
ไอร์แลนด์,ช่างซ่อมเครื่องจักรกล (ยานยนต์),1
ไอร์แลนด์,พนักงานบัญชีทั่วไป,1
ไอร์แลนด์,ช่างซ่อมเครื่องจักรกล อื่น ๆ,1
ไอร์แลนด์,ผู้ช่วยช่างเครื่องยนต์,1
ไอร์แลนด์,ผู้ช่วยเครน,1
ไอร์แลนด์,ช่างฉาบปูนทั่วไป,1
ไอร์แลนด์,ช่างไฟฟ้าฝ่ายบำรุงรักษา,1
ไอร์แลนด์,หัวหน้าช่างเครื่องยนต์หนัก,1
ไอร์แลนด์,ผู้จัดการค้าปลีก,1
ไอร์แลนด์,ช่างทำทอง (ฝีมือสูง),1
ไอร์แลนด์,ผู้ปรุงอาหาร (ยกเว้นงานส่วนบุคคล),1
ไอร์แลนด์,พนักงานเครื่องกลั่นน้ำมัน,1
ไอร์แลนด์,พนักงานธุรการ,1
ไอร์แลนด์,ช่างประจำปั่นจั่นเจาะ(บ่อน้ำมันและก๊าซ),1
ไอร์แลนด์,ช่างติดตั้งโครงสร้าง,1
ไอร์แลนด์,ผู้ควบคุมการขายปลีก; ผู้จัดการฝ่ายขายปลีก,1
ไอร์แลนด์,ช่างซ่อมเครื่องยนต์หนัก,1
ไอร์แลนด์,ช่างซ่อมเครื่องยนต์เรือเดินทะเล,1
ไอร์แลนด์,ควบคุมเครื่องจักร,1
ไอร์แลนด์,ช่างซ่อมยานยนต์,1
ไอร์แลนด์,ช่างเชื่อมไฟฟ้า,1
ไอร์แลนด์,หัวหน้าช่างประกอบท่อ,1
ไอร์แลนด์,ช่างก่ออิฐ ช่างไม้ และปฏิบัติงานก่อสร้าง อื่น ๆ,1
ไอร์แลนด์,ช่างเครื่องประจำเรือ,1
ไอร์แลนด์,ผู้ฝึกซ้อมการบริหารร่างกาย,1
ไอร์แลนด์,ช่างซ่อมเครื่องจักรกลยานยนต์อื่น ๆ,1
ไอร์แลนด์,กรรมกรหรือคนงาน,1
ไอร์แลนด์,คนงานในฟาร์มทั่วไป,1
ไอร์แลนด์,ช่างซ่อมเครื่องกลยานยนต์,1
ไอร์แลนด์,นักดนตรี,1
ไอร์แลนด์,ช่างทำขนมปัง,1
ไอร์แลนด์,ผู้ควบคุมดูแลด้านอาหารและการใช้จ่าย,1
โปแลนด์,สนร.สหรัฐอาหรับเอมิเรตส์,706
โปแลนด์,ช่างเชื่อม,129
โปแลนด์,นวดแผนโบราณ,123
โปแลนด์,คนงานทั่วไป,38
โปแลนด์,ช่างเสริมสวย,36
โปแลนด์,ช่างเชื่อมท่อ,35
โปแลนด์,พนักงานขับรถ,22
โปแลนด์,ช่างเทคนิค,19
โปแลนด์,พนักงานขับรถเครน,19
โปแลนด์,หัวหน้างานทั่วไป,13
โปแลนด์,กุ๊ก,13
โปแลนด์,ช่างแต่งเล็บ,12
โปแลนด์,ผู้จัดการทั่วไป,11
โปแลนด์,ช่างไฟฟ้าทั่วไป,9
โปแลนด์,โฟร์แมน,9
โปแลนด์,ช่างประกอบท่อ,9
โปแลนด์,พนักงานเสริฟ,8
โปแลนด์,ช่างซ่อมเครื่องยนต์,7
โปแลนด์,ช่างประกอบถังเพรสเชอร์,7
โปแลนด์,ช่างไม้ (ก่อสร้าง),5
โปแลนด์,วิศวกร,5
โปแลนด์,ช่างประปา,5
โปแลนด์,พนักงานขับรถแมคโคร,4
โปแลนด์,ทำความสะอาด,4
โปแลนด์,พนักงานขับรถขุด,4
โปแลนด์,พนักงานต้อนรับ,4
โปแลนด์,พนักงานขับรถแบ็คโฮ,4
โปแลนด์,ผู้เลี้ยงปศุสัตว์อื่น ๆ,4
โปแลนด์,ช่างไม้ทั่วไป,4
โปแลนด์,กุ๊ก (อาหารญีปุ่น),4
โปแลนด์,พนักงานขับรถบรรทุก,3
โปแลนด์,พนักงานขับรถเทเลอร์,3
โปแลนด์,พนักงานขับรถตัก,3
โปแลนด์,พนักงานขับรถบรรทุกเทท้าย (รถดัมพ์),3
โปแลนด์,คนทำความสะอาดอาคาร,3
โปแลนด์,ผู้ช่วยกุ๊ก,3
โปแลนด์,กุ๊ก (อาหารไทย),3
โปแลนด์,พนักงานทั่วไป,3
โปแลนด์,กรรมกรหรือคนงานทำงานเบา,3
โปแลนด์,ช่างซ่อมแอร์,2
โปแลนด์,ช่างประกอบโครงสร้าง,2
โปแลนด์,หัวหน้าช่างประกอบท่อ,2
โปแลนด์,พนักงานขับรถบรรทุกหนัก,2
โปแลนด์,ช่างพ่นสี,2
โปแลนด์,ช่างเครื่องยนต์ทั่วไป;ช่างซ่อมเครื่องจักรกลโลหะทั่วไป,2
โปแลนด์,หัวหน้างานก่อสร้าง,2
โปแลนด์,ช่างทำทอง (ฝีมือสูง),2
โปแลนด์,ช่างซ่อมบำรุง,2
โปแลนด์,พนง.ขับรถแมคโคร,2
โปแลนด์,หัวหน้าพนักงานห้องอาหารและเครื่องดื่ม,2
โปแลนด์,ช่างเหล็ก,2
โปแลนด์,เลขานุการ,2
โปแลนด์,ช่างแต่งผม ช่างตัดผม ช่างเสริมสวย ฯ,2
โปแลนด์,ช่างแต่งผม ช่างตัดผม ช่างเสริมสวย และผู้ปฏิบัติงานที่เกี่ยวข,2
โปแลนด์,กรรมกรหรือคนงาน,2
โปแลนด์,ช่างทองและช่างเงิน,2
โปแลนด์,วิศวกรอื่น ๆ,2
โปแลนด์,ช่างปรับอุปกรณ์ทำความเย็นและปรับอากาศ,2
โปแลนด์,ผู้ทำงานในฟาร์มสัตว์ปีก,1
โปแลนด์,ช่างปูน,1
โปแลนด์,ผู้ควบคุมการขายปลีก; ผู้จัดการฝ่ายขายปลีก,1
โปแลนด์,ผู้ควบคุมงาน งานก่อสร้าง,1
โปแลนด์,ช่างสี (ชั้น 2),1
โปแลนด์,หัวหน้าช่างประกอบ,1
โปแลนด์,ผู้ชำนาญการด้านงานบุคคลและอาชีพ,1
โปแลนด์,ช่างปรับไฟฟ้า (ยานยนต์),1
โปแลนด์,พนักงานรักษาความปลอดภัย,1
โปแลนด์,โฟร์แมนโครงสร้าง,1
โปแลนด์,ช่างเพชรพลอยและโลหะที่มีค่าอื่น ๆ,1
โปแลนด์,ช่างซ่อมเครื่องกลยานยนต์,1
โปแลนด์,พนักงานบัญชี และพนักงานรับ-จ่ายเงิน อื่น ๆ,1
โปแลนด์,พนักงานทำความสะอาดห้องพัก,1
โปแลนด์,พนักงานขับรถยนต์,1
โปแลนด์,ผู้จัดการ,1
โปแลนด์,ผู้ช่วยพ่อครัว,1
โปแลนด์,ผู้ช่วยพนักงานทำความสะอาด,1
โปแลนด์,พ่อครัวชั้นหนึ่ง,1
โปแลนด์,ผู้ช่วยพนักงานเสริฟ,1
โปแลนด์,พนักงานขับรถบรรทุกและรถตู้ขนาดใหญ่,1
โปแลนด์,หัวหน้าพ่อครัวมือ 1,1
โปแลนด์,ผู้ดูแลช่างไฟฟ้า,1
โปแลนด์,ผู้ควบคุมงานผลิต และหัวหน้าคนงานทั่วไป(หมวดอาชีพ),1
โปแลนด์,วิศวกรโยธาทั่วไป,1
โปแลนด์,พนักงานบริการห้องอาหาร,1
โปแลนด์,พนักงานรับ-จ่ายเงิน(โต๊ะรับเงินสด),1
โปแลนด์,ช่างเจียระไนและขัดเพชรพลอย,1
โปแลนด์,พนักงานควบคุมเครื่องมือหนัก,1
โปแลนด์,ผลิตผลิตภัณฑ์ใยแก้ว,1
โปแลนด์,พนักงานในครัว,1
โปแลนด์,ผู้ช่วยช่างขุดเจาะ,1
โปแลนด์,ผู้ช่วยช่างเครื่องยนต์,1
โปแลนด์,วิศวกรปิโตรเลียม (ฝ่ายผลิต),1
โปแลนด์,ช่างทำเบาะ (ยานพาหนะ),1
โปแลนด์,หัวหน้าพนักงานเสริฟ,1
โปแลนด์,พนักงานเสริฟ พนักงานปรุงและเสริฟเครื่องดื่ม และอื่น ๆ,1
โปแลนด์,ควบคุมซ่อมแซมและติดตั้งเครื่องจักรกล,1
โปแลนด์,พนักงานขับรถเกรด,1
โปแลนด์,ช่างฝังเพชรพลอย,1
โปแลนด์,วิศวกรการผลิต,1
โปแลนด์,ช่างทาสี,1
โปแลนด์,พนักงานขาย,1
โปแลนด์,โฟร์แมนช่างซ่อมแอร์คอนดิชั่น,1
โปแลนด์,ผู้เชี่ยวชาญ,1
โปแลนด์,ผู้ปรุงอาหาร และเครื่องดื่ม พนักงานเสริฟ,1
โปแลนด์,ผู้ควบคุมงานทั่วไป,1
โปแลนด์,ขุดเจาะบ่อน้ำมัน,1
โปแลนด์,ช่างสีรถยนต์,1
โปแลนด์,ควบคุมเครื่องจักรกล,1
โปแลนด์,ช่างประกอบผลิตภัณฑ์โลหะทั่วไป,1
โปแลนด์,ช่างซ่อมเครื่องยนต์หนัก,1
โปแลนด์,ควบคุมเครื่องจักรกลหนัก,1
โปแลนด์,พนักงานขับรถผสมปูน,1
โปแลนด์,ผู้ทำความสะอาดหน้าต่าง,1
โปแลนด์,ช่างเครื่องยนต์ดีเซล,1
โปแลนด์,ควบคุมเครื่องจักร,1
โปแลนด์,พนักงานแท่นขุดเจาะ,1
โปแลนด์,ผู้ช่วยช่าง,1
โปแลนด์,ช่างไฟฟ้ารถยนต์,1
โปแลนด์,พนักงานเหมืองแร่ และเหมืองหิน พนักงานขุดเจาะบ่อ,1
โปแลนด์,ผู้ปฏิบัติงานก่อสร้างอื่น ๆ,1
โปแลนด์,ผู้โม่ บด และผสมอื่น ๆ,1
โปแลนด์,ช่างซ่อมเครื่องจักรกล (ยานยนต์),1
โปแลนด์,ช่างเครื่องประจำเรือ,1
โปแลนด์,ช่างไฮดรอลิก,1
โปแลนด์,พนักงานขับรถบดถนน;คนขับรถบดถนน,1
โปแลนด์,พนักงานธุรการ,1
โปแลนด์,บดหิน' ย่อยหิน,1
โปแลนด์,พนักงานขับรถกะบะเทหลัง;พนักงานขับรถดัมพ์ทรัก,1
โปแลนด์,พนักงานขับรถโฟลคลิฟท์,1
โปแลนด์,เชฟ เดอ ปาร์ดี้ ชาย,1
โปแลนด์,พนักงาน อาบ อบ นวด,1
โปแลนด์,ครู,1
โปแลนด์,หญิงเลี้ยงเด็ก,1
บาห์เรน,คนงานเกษตร,574
บาห์เรน,คนงานในฟาร์มทั่วไป,26
บาห์เรน,เกษตรกรทั่วไป,19
บาห์เรน,กุ๊ก,18
บาห์เรน,คนงานทั่วไป,13
บาห์เรน,กุ๊ก (อาหารไทย),9
บาห์เรน,พ่อครัวชั้นหนึ่ง,5
บาห์เรน,ผู้ช่วยกุ๊ก,5
บาห์เรน,เกษตรกรเก็บผลไม้ในฟาร์ม,5
บาห์เรน,ผู้ทำงานในสวนเพาะชำและผู้ทำสวนอื่น ๆ,3
เช็ก,นวดแผนโบราณ,157
เช็ก,ช่างเสริมสวย,110
เช็ก,พนักงานต้อนรับ,24
เช็ก,ช่างประกอบท่อ,20
เช็ก,คนงานทั่วไป,18
เช็ก,กุ๊ก (อาหารไทย),16
เช็ก,พนักงานเสริฟ,15
เช็ก,ช่างแต่งผม ช่างตัดผม ช่างเสริมสวย และผู้ปฏิบัติงานที่เกี่ยวข,15
เช็ก,กุ๊ก,13
เช็ก,พนักงานขับรถ,10
เช็ก,พนักงานแท่นขุดเจาะ,8
เช็ก,ผู้จัดการทั่วไป,8
เช็ก,ช่างเชื่อม,7
เช็ก,ช่างซ่อมบำรุง,7
เช็ก,ช่างเทคนิค,6
เช็ก,พนักงานขาย,5
เช็ก,เลขานุการ,5
เช็ก,พนักงานขับรถแมคโคร,5
เช็ก,ช่างพ่นสี,5
เช็ก,แม่บ้าน,5
เช็ก,ช่างเคาะพ่นสี,5
เช็ก,ช่างซ่อมเครื่องยนต์,4
เช็ก,พนง.ขับรถแมคโคร,4
เช็ก,บริกรหญิง,4
เช็ก,พนักงานจัดและตกแต่งดอกไม้ ไม้ประดับ,4
เช็ก,ช่างสีรถยนต์,4
เช็ก,พนักงานขับรถเครน,4
เช็ก,ช่างเย็บผ้า,4
เช็ก,ผู้ช่วยพนักงานเสริฟ,3
เช็ก,ช่างสี (ชั้น 1),3
เช็ก,ผู้ช่วยกุ๊ก,3
เช็ก,หมอนวด,3
เช็ก,ช่างซ่อมเครื่องยนต์หนัก,3
เช็ก,ควบคุมเครื่องจักร,3
เช็ก,โฟร์แมน,3
เช็ก,ช่างเครื่องยนต์ทั่วไป;ช่างซ่อมเครื่องจักรกลโลหะทั่วไป,3
เช็ก,ช่างตัดเย็บเสื้อผ้า (เฉพาะตัวบุคคล),2
เช็ก,ช่างตัดเย็บเสื้อผ้า และอื่น ๆ,2
เช็ก,ช่างซ่อมเครื่องกลยานยนต์,2
เช็ก,ช่างแต่งเล็บ,2
เช็ก,ช่างแต่งผมสตรี,2
เช็ก,ควบคุมเครนหอ,2
เช็ก,ช่างตัดเย็บเสื้อผ้า(สำเร็จรูป),2
เช็ก,ช่างซ่อมยานยนต์,2
เช็ก,พนักงานรับ-จ่ายเงิน(สำนักงานหรือที่ทำการ),2
เช็ก,ช่างแต่งผม ช่างตัดผม ช่างเสริมสวย ฯ,2
เช็ก,พนักงานขับรถแบ็คโฮ,2
เช็ก,พนักงานเครื่องตอกเสาเข็ม,2
เช็ก,พนักงานขับรถตัก,2
เช็ก,หัวหน้าพ่อครัวมือ 1,2
เช็ก,พนักงานในครัว,2
เช็ก,ช่างไฟฟ้าทั่วไป,2
เช็ก,พนักงานธุรการ,2
เช็ก,ทำความสะอาด,2
เช็ก,พนักงานเสริฟ พนักงานปรุงและเสริฟเครื่องดื่ม และอื่น ๆ,2
เช็ก,อุตสาหกรรมผลิตอาหาร,1
เช็ก,นักสำรวจทั่วไป,1
เช็ก,ผู้ช่วยพ่อครัว,1
เช็ก,ผู้ให้บริการความปลอดภัยอื่น ๆ,1
เช็ก,ผู้จัดการทั่วไปในโรงแรม,1
เช็ก,ช่างซ่อมเครื่องจักรกล (ยานยนต์),1
เช็ก,พนักงานขับรถยก,1
เช็ก,ช่างสี (ชั้น 2),1
เช็ก,พนักงานทั่วไป,1
เช็ก,ช่างประกอบแบบเหล็ก,1
เช็ก,ผู้ฝึกสอนกีฬา,1
เช็ก,ผู้ช่วยผู้จัดการ,1
เช็ก,ช่างประกอบโครงสร้าง,1
เช็ก,ผู้ปรุงอาหารอื่น ๆ,1
เช็ก,เชฟ เดอ ปาร์ดี้ ชาย,1
เช็ก,พนักงานขับรถขุด,1
เช็ก,ช่างซ่อมตัวถังรถยนต์,1
เช็ก,ทำความสะอาดหญิง,1
เช็ก,หัวหน้าคนครัว,1
เช็ก,เจ้าหน้าที่ประชาสัมพันธ์,1
เช็ก,ผู้จัดการฝ่ายการตลาด,1
เช็ก,นักกายภาพบำบัด;พนักงานกายภาพบำบัด,1
เช็ก,วิศวกร,1
เช็ก,คนทำความสะอาดอาคาร,1
เช็ก,ช่างปรับมอเตอร์และไดนะโม,1
เช็ก,วิศวกรอุโมงค์,1
เช็ก,พนักงานปรุงและเสริฟเครื่องดื่ม,1
เช็ก,ช่างซ่อมช่วงล่าง,1
เช็ก,ช่างเครื่อง(ผู้เชี่ยวชาญด้านเครื่องยนต์),1
เช็ก,ช่างซ่อมเครื่องจักรกลยานยนต์อื่น ๆ,1
เช็ก,ผู้ควบคุมงานเครื่องกล,1
เช็ก,ผู้จัดการซึ่งมิได้จัดประเภทไว้ในที่อื่น,1
เช็ก,กรรมกรหรือคนงาน,1
เช็ก,ผู้เจาะบ่อ ผู้เจาะรูและผู้ปฏิบัติงานที่เกี่ยวข้องกัน,1
เช็ก,ช่างเทคนิควิศวกรรมเคมี,1
เช็ก,ผู้ควบคุมแท่นขุดเจาะน้ำมัน,1
เช็ก,พนักงานรับ-จ่ายเงิน(โต๊ะรับเงินสด),1
เช็ก,ผู้ช่วยช่าง,1
เช็ก,ช่างตัดเสื้อผ้า,1
เช็ก,กรรมการผู้จัดการ,1
เช็ก,กุ๊ก (อาหารฝรั่งเศล),1
เช็ก,ผู้ให้บริการความปลอดภัย,1
เช็ก,พนักงานขับรถเกรด,1
เช็ก,หัวหน้างานทั่วไป,1
เช็ก,แพทย์แผนโบราณ,1
เช็ก,พ่อครัวชั้นหนึ่ง,1
เช็ก,พนักงานปั่นจั่น,1
เช็ก,ช่างเขียนแบบ,1
เช็ก,ขุดเจาะบ่อน้ำมัน,1
เช็ก,ผู้จัดการฝ่ายขาย,1
เช็ก,ผู้ควบคุมงาน งานก่อสร้าง,1
เช็ก,รองหัวหน้างานก่อสร้าง,1
เช็ก,นักออกแบบผลิตภัณฑ์อุตสาหกรรม และพาณิชย์,1
เช็ก,พนักงานรับโทรศัพท์,1
เช็ก,ช่างตัดเย็บเสื้อผ้า และช่างประดิษฐ์เครื่องแต่งกาย อื่น ๆ,1
เช็ก,ผู้ดูแลงาน,1
เช็ก,ดูแลโดยสถานเอกอัครราชทูตไทยในต่างประเทศ,623
เช็ก,สนร.ซาอุดิอาระเบีย,610
เช็ก,ดูแลโดยสถานเอกอัครราชทูตไทยในต่างประเทศ,694
เช็ก,คนงานเกษตร,574
เช็ก,คนงานในฟาร์มทั่วไป,26
เช็ก,เกษตรกรทั่วไป,19
เช็ก,กุ๊ก,18
เช็ก,คนงานทั่วไป,13
เช็ก,กุ๊ก (อาหารไทย),9
เช็ก,พ่อครัวชั้นหนึ่ง,5
เช็ก,ผู้ช่วยกุ๊ก,5
เช็ก,เกษตรกรเก็บผลไม้ในฟาร์ม,5
เช็ก,ผู้ทำงานในสวนเพาะชำและผู้ทำสวนอื่น ๆ,3
เช็ก,บรรจุหีบห่อ,3
เช็ก,เกษตรกรพืชไร่และผัก,2
เช็ก,เชฟ เดอ ปาร์ดี้ ชาย,2
เช็ก,คนงานผลิตผลิตภัณฑ์ทั่วไป,1
เช็ก,นวดแผนโบราณ,1
เช็ก,พ่อครัวอาหารไทย,1
เช็ก,ช่างเทคนิค,1
เช็ก,ผู้ทำงานฟาร์มทั่วไป,1
เช็ก,พนักงานบรรจุอาหาร,1
เช็ก,กรรมกรหรือคนงานทำงานหนัก,1
เช็ก,หัวหน้าพนักงานห้องอาหารและเครื่องดื่ม,1
เช็ก,ผู้จัดการทั่วไป,1
อินโดนีเซีย,ดูแลโดยสถานเอกอัครราชทูตไทยในต่างประเทศ,591
ซาอุดีอาระเบีย,ช่างเชื่อม,125
ซาอุดีอาระเบีย,นายเรือ; นายท้าย; กัปตันเรือ,83
ซาอุดีอาระเบีย,ช่างเครื่องประจำเรือ,25
ซาอุดีอาระเบีย,ลูกเรือทั่วไป,23
ซาอุดีอาระเบีย,ช่างซ่อมบำรุง,13
ซาอุดีอาระเบีย,กุ๊ก,12
ซาอุดีอาระเบีย,หัวหน้างานทั่วไป,9
ซาอุดีอาระเบีย,คนงานทั่วไป,9
ซาอุดีอาระเบีย,ล่าม,8
ซาอุดีอาระเบีย,ช่างกลึงอัดโลหะ,8
ซาอุดีอาระเบีย,ผู้จัดการทั่วไป,8
ซาอุดีอาระเบีย,ผู้จัดซื้อ;ตัวแทนจัดซื้อ; ผู้จัดการฝ่ายซื้อ,8
ซาอุดีอาระเบีย,วิศวกร,7
ซาอุดีอาระเบีย,ช่างเทคนิค,7
ซาอุดีอาระเบีย,ช่างประกอบท่อ,5
ซาอุดีอาระเบีย,ช่างไฟฟ้าทั่วไป,4
ซาอุดีอาระเบีย,ช่างเครื่องยนต์ทั่วไป;ช่างซ่อมเครื่องจักรกลโลหะทั่วไป,4
ซาอุดีอาระเบีย,ช่างซ่อมเครื่องยนต์,4
ซาอุดีอาระเบีย,ที่ปรึกษา,4
ซาอุดีอาระเบีย,ช่างประกอบโครงสร้าง,4
ซาอุดีอาระเบีย,ผู้ช่วยผู้จัดการ,4
ซาอุดีอาระเบีย,ช่างประกอบเรือ,4
ซาอุดีอาระเบีย,ช่างกลึง; ช่างตั้งและใช้เครื่องกลึง,4
ซาอุดีอาระเบีย,ช่างไฟฟ้าประจำเรือ,3
ซาอุดีอาระเบีย,ควบคุมเครื่องจักร,3
ซาอุดีอาระเบีย,หัวหน้าช่างประกอบ,3
ซาอุดีอาระเบีย,ผู้จัดซื้อ,2
ซาอุดีอาระเบีย,กรรมการผู้จัดการ,2
ซาอุดีอาระเบีย,ช่างเชื่อมด้วยไฟฟ้า (เครื่องเชื่อม),2
ซาอุดีอาระเบีย,ช่างสี (ชั้น 1),2
ซาอุดีอาระเบีย,ผู้ควบคุมงานเครื่องกล,2
ซาอุดีอาระเบีย,ผู้จัดการฝ่ายผลิต,2
ซาอุดีอาระเบีย,ผู้จัดการโครงการ,2
ซาอุดีอาระเบีย,คนงานอู่ต่อเรือ,2
ซาอุดีอาระเบีย,ล่ามแปล,2
ซาอุดีอาระเบีย,ผู้ช่วยนายเรือ; ผู้ช่วยนายท้าย,2
ซาอุดีอาระเบีย,พ่อครัวอาหารไทย,2
ซาอุดีอาระเบีย,ผู้ประสานงาน,2
ซาอุดีอาระเบีย,ช่างเครื่องกลอาวุโส,2
ซาอุดีอาระเบีย,ผู้จัดการ Q.C. ตรวจสอบ,1
ซาอุดีอาระเบีย,วิศวกรโยธา,1
ซาอุดีอาระเบีย,ผู้ช่วยช่าง,1
ซาอุดีอาระเบีย,ช่างเทคนิควิศวกรรมอื่น ๆ,1
ซาอุดีอาระเบีย,วิศวกรเหมืองแร่,1
ซาอุดีอาระเบีย,หัวหน้าช่างอุปกรณ์เครื่องจักรกล,1
ซาอุดีอาระเบีย,พ่อครัวชั้นหนึ่ง,1
ซาอุดีอาระเบีย,ช่างเครื่องยนต์ดีเซล,1
ซาอุดีอาระเบีย,ช่างซ่อมเครื่องกลยานยนต์,1
ซาอุดีอาระเบีย,ต้นกลเรือ,1
ซาอุดีอาระเบีย,ช่างเหล็ก,1
ซาอุดีอาระเบีย,ช่างสี (ชั้น 2),1
ซาอุดีอาระเบีย,ผู้จัดการฝ่ายการเงินและบัญชี;ผู้จัดการฝ่ายการเงิน,1
ซาอุดีอาระเบีย,ผู้ปฏิบัติงานเกี่ยวกับการผลิตซึ่งมิได้จัดประเภทไว้ในที่อื่น,1
ซาอุดีอาระเบีย,นายประจำเรือ ต้นเรือ ต้นหนเรือเดินทะเล,1
ซาอุดีอาระเบีย,ช่างเทคนิคเหมืองแร่,1
ซาอุดีอาระเบีย,คนงานแท่นขุดเจาะ,1
ซาอุดีอาระเบีย,กุ๊ก (อาหารไทย),1
ซาอุดีอาระเบีย,ผู้ช่วยรองผู้อำนวยการ,1
ซาอุดีอาระเบีย,ผู้ควบคุมการขายและผู้จัดซื้อ,1
ซาอุดีอาระเบีย,ผู้จัดการฝ่ายบุคคล,1
ซาอุดีอาระเบีย,รองประธานกรรมการ,1
ซาอุดีอาระเบีย,ผู้เชี่ยวชาญ,1
ซาอุดีอาระเบีย,ช่างโลหะแผ่นทั่วไป,1
ซาอุดีอาระเบีย,วิศวกรเครื่องกล,1
ซาอุดีอาระเบีย,กลาสีเรือ,1
ซาอุดีอาระเบีย,ประธานกรรมการ,1
ซาอุดีอาระเบีย,พนักงานบริการห้องอาหาร,1
ซาอุดีอาระเบีย,ช่างเชื่อม  6  จี/อาร์กอน,1
ซาอุดีอาระเบีย,ช่างไฮดรอลิก,1
ซาอุดีอาระเบีย,ผู้ช่วยผู้ควบคุมการผลิต,1
ซาอุดีอาระเบีย,รองต้นกล; นายช่างกล,1
ซาอุดีอาระเบีย,ผู้ช่วยช่างขุดเจาะ,1
ซาอุดีอาระเบีย,วิศวกรเครื่องกลทั่วไป,1
ซาอุดีอาระเบีย,วิศวกรประจำเรือ,1
ซาอุดีอาระเบีย,ช่างเชื่อมไฟฟ้า,1
ซาอุดีอาระเบีย,พนักงานทั่วไป,1
ซาอุดีอาระเบีย,วิศวกรอิเลกทรอนิกส์,1
ซาอุดีอาระเบีย,โฟร์แมน,1
ซาอุดีอาระเบีย,ควบคุมเครื่องจักรกล,1
ซาอุดีอาระเบีย,ช่างต่อเรือ (โลหะ),1
ซาอุดีอาระเบีย,วิศวกรอื่น ๆ,1
ซาอุดีอาระเบีย,หัวหน้าฝ่ายบัญชี,1
ซาอุดีอาระเบีย,จนท.ควบคุมการขนส่งและคมนาคมอื่น ๆ,1
สวิตเซอร์แลนด์,แม่บ้าน,83
สวิตเซอร์แลนด์,นวดแผนโบราณ,61
สวิตเซอร์แลนด์,ช่างแต่งเล็บ,29
สวิตเซอร์แลนด์,ทำความสะอาด,24
สวิตเซอร์แลนด์,พนักงานขับรถ,19
สวิตเซอร์แลนด์,คนงานทั่วไป,13
สวิตเซอร์แลนด์,หญิงรับใช้และผู้ทำงานบ้านอื่นๆ,8
สวิตเซอร์แลนด์,ช่างเทคนิค,7
สวิตเซอร์แลนด์,ช่างเชื่อม,7
สวิตเซอร์แลนด์,ช่างซ่อมยานยนต์,6
สวิตเซอร์แลนด์,ผู้จัดการทั่วไป,6
สวิตเซอร์แลนด์,พ่อครัวชั้นหนึ่ง,6
สวิตเซอร์แลนด์,นักกายภาพบำบัด;พนักงานกายภาพบำบัด,5
สวิตเซอร์แลนด์,ผู้ดูแลงาน,5
สวิตเซอร์แลนด์,ช่างซ่อมบำรุง,5
สวิตเซอร์แลนด์,พนักงานในครัว,5
สวิตเซอร์แลนด์,ผู้ควบคุมงานทั่วไป,5
สวิตเซอร์แลนด์,ช่างไฟฟ้าทั่วไป,5
สวิตเซอร์แลนด์,กุ๊ก,5
สวิตเซอร์แลนด์,พยาบาลอื่น ๆ,4
สวิตเซอร์แลนด์,ผู้ปฏิบัติงานก่อสร้างอื่น ๆ,4
สวิตเซอร์แลนด์,พนักงานขับรถเทเลอร์,4
สวิตเซอร์แลนด์,โฟร์แมน,4
สวิตเซอร์แลนด์,ช่างประปา,3
สวิตเซอร์แลนด์,หัวหน้างานก่อสร้าง,3
สวิตเซอร์แลนด์,ผู้ปรุงอาหาร,3
สวิตเซอร์แลนด์,ช่างเย็บผ้า,3
สวิตเซอร์แลนด์,คนทำความสะอาดอาคาร,3
สวิตเซอร์แลนด์,เลขานุการ,3
สวิตเซอร์แลนด์,หัวหน้าแผนกซ่อมบำรุง,3
สวิตเซอร์แลนด์,ขนถ่ายสินค้า,3
สวิตเซอร์แลนด์,พนักงานทั่วไป,3
สวิตเซอร์แลนด์,กุ๊ก (อาหารไทย),3
สวิตเซอร์แลนด์,ช่างสีรถยนต์,3
สวิตเซอร์แลนด์,บริกรหญิง,2
สวิตเซอร์แลนด์,ช่างซ่อมเครื่องยนต์,2
สวิตเซอร์แลนด์,รองหัวหน้างานทั่วไป,2
สวิตเซอร์แลนด์,ช่างประกอบท่อ,2
สวิตเซอร์แลนด์,หัวหน้างานทั่วไป,2
สวิตเซอร์แลนด์,ผู้ควบคุมงานผลิต หัวหน้าคนงานทั่วไปอื่น ๆ,2
สวิตเซอร์แลนด์,คนงานผลิตผลิตภัณฑ์ทั่วไป,2
สวิตเซอร์แลนด์,นักกายภาพบำบัดและนักอาชีวบำบัด,2
สวิตเซอร์แลนด์,ช่างทำทอง (ฝีมือสูง),2
สวิตเซอร์แลนด์,ช่างสี (ชั้น 1),2
สวิตเซอร์แลนด์,เสมียนทั่วไป,2
สวิตเซอร์แลนด์,บริกรชาย,2
สวิตเซอร์แลนด์,คนงานอุตสาหกรรมผลิตเสื้อผ้า,2
สวิตเซอร์แลนด์,ช่างทองและช่างเงิน,2
สวิตเซอร์แลนด์,พนักงานตรวจสอบ-ควบคุมคุณภาพงาน,2
สวิตเซอร์แลนด์,วิศวกรเครื่องกลทั่วไป,2
สวิตเซอร์แลนด์,ช่างเคาะพ่นสี,2
สวิตเซอร์แลนด์,ช่างตัดเสื้อผ้า,2
สวิตเซอร์แลนด์,ช่างทอ (พรม) ด้วยหูกมือ,2
สวิตเซอร์แลนด์,พนักงานควบคุมรถลาดยาง,1
สวิตเซอร์แลนด์,พนักงานขาย,1
สวิตเซอร์แลนด์,ช่างไฟฟ้ารถยนต์,1
สวิตเซอร์แลนด์,พนักงานขับรถแทรคเตอร์,1
สวิตเซอร์แลนด์,พนักงานขายของหน้าร้าน (ค้าปลีก),1
สวิตเซอร์แลนด์,ผู้ช่วยผู้จัดการ,1
สวิตเซอร์แลนด์,ควบคุมเครื่องจักร,1
สวิตเซอร์แลนด์,ผู้จัดการและหัวหน้าฝ่ายพัสดุและคลังสินค้า,1
สวิตเซอร์แลนด์,พนักงานบริการเครื่องดื่ม,1
สวิตเซอร์แลนด์,พนักงานเครื่องระบายอากาศ และเครื่องปรับอากาศ,1
สวิตเซอร์แลนด์,ช่างแต่งผม ช่างตัดผม ช่างเสริมสวย และผู้ปฏิบัติงานที่เกี่ยวข,1
สวิตเซอร์แลนด์,พนักงานขับรถแมคโคร,1
สวิตเซอร์แลนด์,ช่างซ่อมเครื่องยนต์หนัก,1
สวิตเซอร์แลนด์,พนักงานขับรถบรรทุกหนัก,1
สวิตเซอร์แลนด์,รองประธานกรรมการ,1
สวิตเซอร์แลนด์,พนักงานอำนวยการบิน,1
สวิตเซอร์แลนด์,กรรมกรหรือคนงาน,1
สวิตเซอร์แลนด์,ผู้ช่วยงานบ้าน,1
สวิตเซอร์แลนด์,ช่างเจียระไนและขัดเพชรพลอย,1
สวิตเซอร์แลนด์,ช่างไม้ (ก่อสร้าง),1
สวิตเซอร์แลนด์,ผู้ควบคุมการขายส่ง;ผู้จัดการฝ่ายขายส่ง,1
สวิตเซอร์แลนด์,ผู้จัดการฝ่ายบุคคล,1
สวิตเซอร์แลนด์,ผลิตอุปกรณ์ชิ้นส่วนรถยนต์,1
สวิตเซอร์แลนด์,ช่างไฟฟ้าโรงงาน,1
สวิตเซอร์แลนด์,ช่างตัดเครื่องแต่งกาย (หนัง),1
สวิตเซอร์แลนด์,ช่างตัดเย็บเสื้อผ้า ฯ และอื่นๆ,1
สวิตเซอร์แลนด์,พนักงานธุรการ,1
สวิตเซอร์แลนด์,ช่างเครื่องยนต์เบนซิน,1
สวิตเซอร์แลนด์,ช่างทอผ้าและผู้ปฏิบัติงานที่เกี่ยวข้องกันอื่น ๆ,1
สวิตเซอร์แลนด์,พนักงานขับรถโฟลคลิฟท์,1
สวิตเซอร์แลนด์,ช่างซ่อมเครื่องจักรกล (ยานยนต์),1
สวิตเซอร์แลนด์,ช่างเครื่องยนต์ดีเซล,1
สวิตเซอร์แลนด์,ผู้ควบคุมงานเครื่องกล,1
สวิตเซอร์แลนด์,พยาบาลวิชาชีพทั่วไป,1
สวิตเซอร์แลนด์,ช่างเชื่อมด้วยก๊าซและไฟฟ้า,1
สวิตเซอร์แลนด์,กรรมกรหรือคนงานอื่น ๆ,1
สวิตเซอร์แลนด์,ช่างก่ออิฐ ก่อหิน และปูกระเบื้องอื่น ๆ,1
สวิตเซอร์แลนด์,วิศวกรเคมีทั่วไป,1
สวิตเซอร์แลนด์,ช่างสี (ชั้น 2),1
สวิตเซอร์แลนด์,ช่างซ่อมตัวถังรถยนต์,1
สวิตเซอร์แลนด์,พยาบาลเฉพาะทาง,1
สวิตเซอร์แลนด์,หัวหน้าคนงานประจำคอกโคนม,1
สวิตเซอร์แลนด์,ผู้ช่วยพนักงานทำความสะอาด,1
สวิตเซอร์แลนด์,พนักงานขับรถบรรทุก,1
สวิตเซอร์แลนด์,วิศวกรเครื่องกล (โครงสร้าง),1
สวิตเซอร์แลนด์,คนงานในฟาร์มทั่วไป,1
สวิตเซอร์แลนด์,พ่อครัวอาหารไทย,1
สวิตเซอร์แลนด์,ช่างซ่อมแอร์,1
สวิตเซอร์แลนด์,ช่างพ่นสี,1
สวิตเซอร์แลนด์,ช่างไฟฟ้าประจำอาคาร,1
สวิตเซอร์แลนด์,ช่างก่อคอนกรีตเสริม (การก่อสร้าง),1
สวิตเซอร์แลนด์,ช่างซ่อมเครื่องกลยานยนต์,1
สวิตเซอร์แลนด์,ช่างเครื่องยนต์ทั่วไป;ช่างซ่อมเครื่องจักรกลโลหะทั่วไป,1
สวิตเซอร์แลนด์,นักบัญชีอื่น ๆ,1
สวิตเซอร์แลนด์,ผู้ควบคุมงานผลิต และหัวหน้าคนงานทั่วไป(หมวดอาชีพ),1
สวิตเซอร์แลนด์,พนักงานขับรถขุด,1
สวิตเซอร์แลนด์,กรรมกรหรือคนงานทำงานหนัก,1
สวิตเซอร์แลนด์,วิศวกรโยธาทั่วไป,1
สวิตเซอร์แลนด์,ผู้เชี่ยวชาญ,1
สวิตเซอร์แลนด์,ช่างตัดเย็บเสื้อผ้า และอื่น ๆ,1
สวิตเซอร์แลนด์,ช่างเชื่อม,125
สวิตเซอร์แลนด์,นายเรือ; นายท้าย; กัปตันเรือ,83
สวิตเซอร์แลนด์,ช่างเครื่องประจำเรือ,25
สวิตเซอร์แลนด์,ลูกเรือทั่วไป,23
สวิตเซอร์แลนด์,ช่างซ่อมบำรุง,13
สวิตเซอร์แลนด์,กุ๊ก,12
สวิตเซอร์แลนด์,คนงานทั่วไป,9
สวิตเซอร์แลนด์,หัวหน้างานทั่วไป,9
สวิตเซอร์แลนด์,ช่างกลึงอัดโลหะ,8
สวิตเซอร์แลนด์,ผู้จัดการทั่วไป,8
มาเก๊า,พิจิตร,36
มาเก๊า,ลำปาง,31
มาเก๊า,ขอนแก่น,20
มาเก๊า,ชลบุรี,19
มาเก๊า,สุโขทัย,19
มาเก๊า,ระยอง,19
มาเก๊า,อุดรธานี,19
มาเก๊า,นครราชสีมา,15
มาเก๊า,อุบลราชธานี,15
มาเก๊า,สกลนคร,13
มาเก๊า,บุรีรัมย์,12
มาเก๊า,หนองบัวลำภู,11
มาเก๊า,กำแพงเพชร,10
มาเก๊า,ตาก,10
มาเก๊า,กรุงเทพมหานคร,9
มาเก๊า,สมุทรปราการ,9
มาเก๊า,พิษณุโลก,8
มาเก๊า,หนองคาย,7
มาเก๊า,นครสวรรค์,7
มาเก๊า,ร้อยเอ็ด,6
มาเก๊า,ศรีสะเกษ,6
มาเก๊า,ชัยภูมิ,6
มาเก๊า,มหาสารคาม,6
มาเก๊า,เลย,5
มาเก๊า,ยโสธร,5
มาเก๊า,บึงกาฬ,5
มาเก๊า,เชียงใหม่,5
มาเก๊า,อุตรดิตถ์,4
มาเก๊า,กาญจนบุรี,4
มาเก๊า,สุรินทร์,4
มาเก๊า,ปทุมธานี,3
มาเก๊า,นครพนม,3
มาเก๊า,เพชรบูรณ์,3
มาเก๊า,แพร่,3
มาเก๊า,กาฬสินธุ์,3
มาเก๊า,เชียงราย,3
มาเก๊า,สระแก้ว,3
มาเก๊า,นครศรีธรรมราช,2
มาเก๊า,ลำพูน,2
มาเก๊า,อำนาจเจริญ,2
มาเก๊า,นครปฐม,2
มาเก๊า,นนทบุรี,1
มาเก๊า,ชัยนาท,1
มาเก๊า,อุทัยธานี,1
มาเก๊า,ฉะเชิงเทรา,1
มาเก๊า,น่าน,1
มาเก๊า,ปราจีนบุรี,1
มาเก๊า,ราชบุรี,1
มาเก๊า,พัทลุง,1
มาเก๊า,ลพบุรี,1
มาเก๊า,สมุทรสาคร,1
มาเก๊า,สงขลา,1
มาเก๊า,ประจวบคีรีขันธ์,1
มาเก๊า,ตราด,1
มาเก๊า,สระบุรี,1
มาเก๊า,ดูแลโดยสถานเอกอัครราชทูตไทยในต่างประเทศ,461
มาเก๊า,ช่างเชื่อมท่อ,143
มาเก๊า,ช่างเชื่อม,119
มาเก๊า,ช่างไฟฟ้าประจำเรือ,28
มาเก๊า,ช่างเครื่องมือวัด/ควบคุมอาวุโส,23
มาเก๊า,ช่างไฟฟ้าอาวุโส,16
มาเก๊า,กุ๊ก (อาหารไทย),13
มาเก๊า,กุ๊ก,11
มาเก๊า,ช่างประกอบท่อ,8
มาเก๊า,กุ๊ก (อาหารญีปุ่น),4
มาเก๊า,หัวหน้าช่างเชื่อม,3
มาเก๊า,ช่างเครื่องประจำเรือ,3
มาเก๊า,หัวหน้าช่างประกอบท่อ,3
มาเก๊า,พ่อครัวชั้นหนึ่ง,2
มาเก๊า,ควบคุมเครื่องจักร,2
มาเก๊า,พ่อครัวอาหารไทย,2
มาเก๊า,ช่างเชื่อมด้วยก๊าซและไฟฟ้า,1
มาเก๊า,ช่างเชื่อมไฟฟ้า,1
มาเก๊า,เชฟ เดอ ปาร์ดี้ ชาย,1
มาเก๊า,พ.ประกอบอุปกรณ์ชิ้นส่วนนาฬิกา,1
มาเก๊า,พนักงานตรวจสอบ-ควบคุมคุณภาพงาน,1
มาเก๊า,ช่างไฟฟ้าทั่วไป,1
มาเก๊า,พนักงานเสริฟ,1
มาเก๊า,นวดแผนโบราณ,1
มาเก๊า,แม่บ้าน,83
มาเก๊า,นวดแผนโบราณ,61
มาเก๊า,ช่างแต่งเล็บ,29
มาเก๊า,ทำความสะอาด,24
มาเก๊า,พนักงานขับรถ,19
มาเก๊า,คนงานทั่วไป,13
มาเก๊า,หญิงรับใช้และผู้ทำงานบ้านอื่นๆ,8
มาเก๊า,ช่างเทคนิค,7
มาเก๊า,ช่างเชื่อม,7
มาเก๊า,ผู้จัดการทั่วไป,6
มาเก๊า,บริษัทจัดหางานคนประจำเรือ,348
มาเก๊า,VISA RE-ENTRY,19
มาเก๊า,RE-ENTRY,19
มาเก๊า,เดินทางด้วยตนเอง,2
กรีซ,นวดแผนโบราณ,72
กรีซ,พนักงานเสริฟ,48
กรีซ,ทำความสะอาด,35
กรีซ,พนักงานต้อนรับ,32
กรีซ,กุ๊ก,27
กรีซ,พนักงานบริการห้องอาหาร,20
กรีซ,พนักงานรักษาความปลอดภัย,16
กรีซ,คนงานทั่วไป,14
กรีซ,ผู้ดูแลงาน,9
กรีซ,บาร์เทนเดอร์  ชาย/หญิง,8
กรีซ,หัวหน้าพนักงานห้องอาหารและเครื่องดื่ม,8
กรีซ,แม่บ้าน,7
กรีซ,ช่างเย็บผ้า,6
กรีซ,กุ๊ก (อาหารไทย),6
กรีซ,ผู้ช่วยผู้จัดการ,5
กรีซ,หัวหน้างานทั่วไป,5
กรีซ,พนักงานทำความสะอาดห้องพัก,4
กรีซ,ผู้ช่วยกุ๊ก,4
กรีซ,คนงานผลิตผลิตภัณฑ์ทั่วไป,3
กรีซ,หัวหน้าพนักงานเสริฟ,2
กรีซ,ทำความสะอาดหญิง,2
กรีซ,พ่อครัวชั้นหนึ่ง,2
กรีซ,ช่างเสริมสวย,2
กรีซ,ผู้ช่วยพ่อครัว,2
กรีซ,ผู้เชี่ยวชาญ,1
กรีซ,ผู้จัดการทั่วไปในโรงแรม,1
กรีซ,พนักงานขาย,1
กรีซ,ผู้จัดการและผู้ควบคุมดูแลโรงแรมและภัตตาคาร,1
กรีซ,ช่างแต่งผม ช่างตัดผม ช่างเสริมสวย และผู้ปฏิบัติงานที่เกี่ยวข,1
กรีซ,ผู้จัดการทั่วไป,1
กรีซ,หัวหน้าพ่อครัวมือ 1,1
กรีซ,ช่างเทคนิค,1
กรีซ,พนักงานยกกระเป๋า,1
กรีซ,พ่อครัวอาหารไทย,1
กรีซ,ผู้จัดการแผนกห้องอาหาร,1
กรีซ,คนงานอุตสาหกรรมผลิตเสื้อผ้า,1
กรีซ,ผู้ช่วยงานบ้าน,1
กรีซ,ผู้จัดการฝ่ายขาย,1
กรีซ,ผู้ช่วยพนักงานทำความสะอาด,1
กรีซ,พนักงานบริการเครื่องดื่ม,1
กรีซ,พนักงานรับรายการอาหาร,1
กรีซ,พนักงานในครัว,1
กรีซ,ผู้ช่วยผู้จัดการทั่วไป,1
กรีซ,รองกรรมการผู้จัดการ,1
กรีซ,ผู้จัดการฝ่ายการตลาด,1
กรีซ,ผู้ปฏิบัติงานอาชีพบริการอื่น ๆ,1
กรีซ,ดูแลโดยสถานเอกอัครราชทูตไทยในต่างประเทศ,388
อินเดีย,นวดแผนโบราณ,72
อินเดีย,พนักงานเสริฟ,48
อินเดีย,ทำความสะอาด,35
อินเดีย,พนักงานต้อนรับ,32
อินเดีย,กุ๊ก,27
อินเดีย,พนักงานบริการห้องอาหาร,20
อินเดีย,พนักงานรักษาความปลอดภัย,16
อินเดีย,คนงานทั่วไป,14
อินเดีย,ผู้ดูแลงาน,9
อินเดีย,บาร์เทนเดอร์  ชาย/หญิง,8
อินเดีย,อุตสาหกรรมผลิตอาหาร,162
อินเดีย,เกษตรกรทั่วไป,94
อินเดีย,นวดแผนโบราณ,30
อินเดีย,คนงานทั่วไป,20
อินเดีย,คนงานเกษตร,9
อินเดีย,เกษตรเลี้ยงปศุสัตว์,6
อินเดีย,ผู้ทำงานในสวนไม้ผล สวนองุ่นสวนต้นไม้ และสวนไม้พุ่มอื่น ๆ,3
อินเดีย,ทำความสะอาด,1
อินเดีย,พ่อครัวชั้นหนึ่ง,1
อินเดีย,พนักงานในครัว,1
อินเดีย,ดูแลโดยสถานเอกอัครราชทูตไทยในต่างประเทศ,327
อังกฤษ,อุตสาหกรรมผลิตอาหาร,162
อังกฤษ,เกษตรกรทั่วไป,94
อังกฤษ,นวดแผนโบราณ,30
อังกฤษ,คนงานทั่วไป,20
อังกฤษ,คนงานเกษตร,9
อังกฤษ,เกษตรเลี้ยงปศุสัตว์,6
อังกฤษ,ผู้ทำงานในสวนไม้ผล สวนองุ่นสวนต้นไม้ และสวนไม้พุ่มอื่น ๆ,3
อังกฤษ,ทำความสะอาด,1
อังกฤษ,พ่อครัวชั้นหนึ่ง,1
อังกฤษ,พนักงานในครัว,1
เยอรมนี,ดูแลโดยสถานเอกอัครราชทูตไทยในต่างประเทศ,234
เยอรมนี,บริษัทจัดหางานคนประจำเรือ,95
เยอรมนี,RE-ENTRY,78
เยอรมนี,VISA RE-ENTRY,37
เยอรมนี,นายจ้างส่งลูกจ้างไปฝึกงานในต่างประเทศ,7
เยอรมนี,เดินทางด้วยตนเอง,6
เยอรมนี,นายจ้างพาลูกจ้างไปทำงานในต่างประเทศ,6
เยอรมนี,บริษัทจัดส่ง,5
เยอรมนี,ช่างเชื่อม,54
เยอรมนี,ผู้จัดการทั่วไป,47
เยอรมนี,ผู้ช่วยกรรมการผู้จัดการ,15
เยอรมนี,ผู้จัดการฝ่ายผลิต,13
เยอรมนี,นวดแผนโบราณ,13
เยอรมนี,กุ๊ก (อาหารไทย),13
เยอรมนี,กุ๊ก,10
เยอรมนี,คนงานทั่วไป,8
เยอรมนี,ช่างประกอบท่อ,7
เยอรมนี,ผู้จัดการฝ่ายการเงินและบัญชี;ผู้จัดการฝ่ายการเงิน,5
แอลจีเรีย,พนักงานทำความสะอาดห้องพัก,57
แอลจีเรีย,กุ๊ก (อาหารไทย),29
แอลจีเรีย,กุ๊ก,28
แอลจีเรีย,นวดแผนโบราณ,13
แอลจีเรีย,ผู้ช่วยพนักงานเสริฟ,13
แอลจีเรีย,บริกรชาย,8
แอลจีเรีย,พนักงานเสริฟ,7
แอลจีเรีย,พนักงานเสริฟ พนักงานปรุงและเสริฟเครื่องดื่ม และอื่น ๆ,7
แอลจีเรีย,ช่างเทคนิค,6
แอลจีเรีย,แม่บ้าน,6
แอลจีเรีย,ทำความสะอาด,6
แอลจีเรีย,ผู้จัดการทั่วไป,4
แอลจีเรีย,คนงานทั่วไป,4
แอลจีเรีย,บริกรหญิง,4
แอลจีเรีย,พ่อครัวอาหารไทย,3
แอลจีเรีย,กุ๊ก (อาหารญีปุ่น),3
แอลจีเรีย,ผู้ช่วยกุ๊ก,3
แอลจีเรีย,พ่อครัวชั้นหนึ่ง,3
แอลจีเรีย,ผู้ปฏิบัติงานเกี่ยวกับการผลิตซึ่งมิได้จัดประเภทไว้ในที่อื่น,3
แอลจีเรีย,หัวหน้าพ่อครัวมือ 1,2
แอลจีเรีย,พนักงานปรุงและเสริฟเครื่องดื่ม,2
แอลจีเรีย,ซักผ้า,1
แอลจีเรีย,ผู้จัดการแผนกอาหารและเครื่องดื่ม,1
แอลจีเรีย,ผู้จัดการทั่วไปในโรงแรม,1
แอลจีเรีย,วิศวกร,1
แอลจีเรีย,ผู้ช่วยผู้จัดการ,1
แอลจีเรีย,พนักงานดูแลห้องพัก,1
แอลจีเรีย,นักสถิติทั่วไป,1
แอลจีเรีย,ผู้ปรุงอาหาร,1
แอลจีเรีย,ผู้ช่วยพ่อครัว,1
แอลจีเรีย,ช่างเทคนิควิศวกรรมโยธา,1
แอลจีเรีย,ผู้จัดการแผนกห้องอาหาร,1
แอลจีเรีย,ผู้ปรุงอาหาร และเครื่องดื่ม พนักงานเสริฟ,1
แอลจีเรีย,พนักงานบริการเครื่องดื่ม,1
แอลจีเรีย,หัวหน้าช่างเครื่องยนต์หนัก,1
แอลจีเรีย,ผู้ควบคุมงานเครื่องกล,1
แอลจีเรีย,ช่างเชื่อม,1
แอลจีเรีย,กรรมกรหรือคนงาน,1
แอลจีเรีย,พ่อครัวชั้นสอง,1
แอลจีเรีย,หัวหน้าห้องอาหาร,1
แอลจีเรีย,หัวหน้าพนักงานเสริฟ,1
แอลจีเรีย,พนักงานบริการห้องอาหาร,1
แอลจีเรีย,หญิงเลี้ยงเด็ก,1
แอลจีเรีย,ผู้อนุบาล,1
แอลจีเรีย,ช่างเชื่อม,54
แอลจีเรีย,ผู้จัดการทั่วไป,47
แอลจีเรีย,ผู้ช่วยกรรมการผู้จัดการ,15
แอลจีเรีย,ผู้จัดการฝ่ายผลิต,13
แอลจีเรีย,กุ๊ก (อาหารไทย),13
แอลจีเรีย,กุ๊ก,10
แอลจีเรีย,คนงานทั่วไป,8
แอลจีเรีย,ช่างประกอบท่อ,7
แอลจีเรีย,ผู้จัดการฝ่ายการเงินและบัญชี;ผู้จัดการฝ่ายการเงิน,5
แอลจีเรีย,ช่างซ่อมบำรุง,5
แอลจีเรีย,หัวหน้างานทั่วไป,4
แอลจีเรีย,ที่ปรึกษา,4
แอลจีเรีย,ผู้จัดการ Q.C. ตรวจสอบ,4
แอลจีเรีย,ช่างเทคนิค,4
แอลจีเรีย,รองกรรมการผู้จัดการ,4
แอลจีเรีย,กลาสีเรือ,4
แอลจีเรีย,ผู้จัดการซึ่งมิได้จัดประเภทไว้ในที่อื่น,3
แอลจีเรีย,โฟร์แมน,3
แอลจีเรีย,ผู้จัดการฟาร์ม (ปศุสัตว์),3
แอลจีเรีย,ผู้จัดการฝ่ายการตลาด,3
แอลจีเรีย,นักวิเคราะห์เมล็ดพืช,3
แอลจีเรีย,วิศวกร,3
แอลจีเรีย,ผู้จัดการฝ่ายขาย,2
แอลจีเรีย,ช่างประกอบโครงสร้าง,2
แอลจีเรีย,กุ๊ก (อาหารญีปุ่น),2
แอลจีเรีย,วิศวกรโยธา,2
แอลจีเรีย,ช่างไฟฟ้าทั่วไป,2
แอลจีเรีย,กรรมการผู้จัดการ,2
แอลจีเรีย,นักบริหาร/ผู้ดูแลฐานข้อมูล; ที่ปรึกษาด้านระบบฐานข้อมูลคอมพิวเตอร์,2
แอลจีเรีย,พนักงานค้ำยันอุโมงค์,2
แอลจีเรีย,ผู้จัดการโครงการ,2
แอลจีเรีย,ช่างเชื่อม  6  จี/อาร์กอน,2
แอลจีเรีย,พนักงานทั่วไป,1
แอลจีเรีย,ผลิตอาหารสัตว์,1
แอลจีเรีย,ผู้จัดการและผู้ควบคุมดูแลฟาร์ม(หมวดอาชีพ),1
แอลจีเรีย,สถาปนิก วิศวกร/ผู้จัดการโครงการ,1
แอลจีเรีย,หัวหน้างานไฟฟ้า,1
แอลจีเรีย,ผู้ประสานงาน,1
แอลจีเรีย,วิศวกรประจำหน่วยงาน,1
แอลจีเรีย,วิศวกรไฟฟ้าทั่วไป,1
แอลจีเรีย,พ่อครัวชั้นหนึ่ง,1
แอลจีเรีย,หัวหน้างานติดตั้งเครื่องจักร,1
แอลจีเรีย,วิศวกรเครื่องกลทั่วไป,1
แอลจีเรีย,ผู้จัดซื้อ;ตัวแทนจัดซื้อ; ผู้จัดการฝ่ายซื้อ,1
แอลจีเรีย,นักวิชาการสถิติและคณิตศาสตร์อื่น ๆ,1
แอลจีเรีย,ผู้ช่วยกุ๊ก,1
แอลจีเรีย,ช่างไฟฟ้าฝ่ายบำรุงรักษา,1
แอลจีเรีย,พ่อครัวอาหารไทย,1
แอลจีเรีย,วิศวกรควบคุมประสิทธิภาพ,1
แอลจีเรีย,วิศวกรการผลิต,1
แอลจีเรีย,พนักงานขับรถขุด,1
แอลจีเรีย,ช่างไม้ (ก่อสร้าง),1
แอลจีเรีย,พนักงานในครัว,1
แอลจีเรีย,ผู้เชี่ยวชาญชาวต่างประเทศ(เชี่ยวชาญด้านใด ให้ลงสาขาอาชีพนั้น),1
แอลจีเรีย,ควบคุมเครื่องจักรกล,1
แอลจีเรีย,ผู้ช่วยผู้จัดการทั่วไป,1
แอลจีเรีย,ชาวประมงและผู้ปฏิบัติงานที่เกี่ยวข้อง,1
แอลจีเรีย,ผู้ช่วยช่าง,1
แอลจีเรีย,พนักงานบัญชีทั่วไป,1
แอลจีเรีย,ช่างเครื่องยนต์ทั่วไป;ช่างซ่อมเครื่องจักรกลโลหะทั่วไป,1
แอลจีเรีย,คนงานผลิตผลิตภัณฑ์ทั่วไป,1
แอลจีเรีย,วิศวกรอุโมงค์,1
แอลจีเรีย,ช่างไฟฟ้าอาวุโส,1
แอลจีเรีย,นักบัญชีอื่น ๆ,1
แอลจีเรีย,หัวหน้างานก่อสร้าง,1
แอลจีเรีย,ผู้ควบคุมงานผลิต หัวหน้าคนงานทั่วไปอื่น ๆ,1
แอลจีเรีย,หัวหน้าฝ่ายบัญชี,1
แอลจีเรีย,หัวหน้าช่างเชื่อม,1
แอลจีเรีย,พนักงานตรวจสอบ-ควบคุมคุณภาพงาน,1
แอลจีเรีย,กุ๊ก (อาหารจีน),1
แอลจีเรีย,ผู้เชี่ยวชาญ,1
แอลจีเรีย,ล่ามแปล,1
แอลจีเรีย,ชำแหละเนื้อสัตว์,1
แอลจีเรีย,แม่บ้าน,1
แอลจีเรีย,ช่างแต่งผม ช่างตัดผม ช่างเสริมสวย ฯ,1
แอลจีเรีย,ดูแลโดยสถานเอกอัครราชทูตไทยในต่างประเทศ,300
แอลจีเรีย,บริษัทจัดหางานคนประจำเรือ,95
แอลจีเรีย,RE-ENTRY,78
แอลจีเรีย,VISA RE-ENTRY,37
แอลจีเรีย,นายจ้างส่งลูกจ้างไปฝึกงานในต่างประเทศ,7
แอลจีเรีย,เดินทางด้วยตนเอง,6
แอลจีเรีย,นายจ้างพาลูกจ้างไปทำงานในต่างประเทศ,6
แอลจีเรีย,บริษัทจัดส่ง,5
แอลจีเรีย,กุ๊ก,79
แอลจีเรีย,กุ๊ก (อาหารไทย),54
แอลจีเรีย,พ่อครัวชั้นหนึ่ง,48
แอลจีเรีย,พ่อครัวอาหารไทย,30
แอลจีเรีย,นวดแผนโบราณ,7
แอลจีเรีย,เชฟ เดอ ปาร์ดี้ ชาย,3
แอลจีเรีย,ผู้ช่วยพยาบาล,2
แอลจีเรีย,โปรแกรมเมอร์ทุกระบบ/ทุกด้าน,1
แอลจีเรีย,ผู้ช่วยพ่อครัวมือ2,1
แอลจีเรีย,ผู้จัดการและหัวหน้าฝ่ายพัสดุและคลังสินค้า,1
คาซัคสถาน,ดูแลโดยสถานเอกอัครราชทูตไทยในต่างประเทศ,229
คาซัคสถาน,ดูแลโดยสถานเอกอัครราชทูตไทยในต่างประเทศ,201
ฟิลิปปินส์,ดูแลโดยสถานเอกอัครราชทูตไทยในต่างประเทศ,184
ฟิลิปปินส์,กุ๊ก,79
ฟิลิปปินส์,กุ๊ก (อาหารไทย),54
ฟิลิปปินส์,พ่อครัวชั้นหนึ่ง,48
ฟิลิปปินส์,พ่อครัวอาหารไทย,30
ฟิลิปปินส์,นวดแผนโบราณ,7
ฟิลิปปินส์,เชฟ เดอ ปาร์ดี้ ชาย,3
ฟิลิปปินส์,ผู้ช่วยพยาบาล,2
ฟิลิปปินส์,นักกำหนดอาหาร,1
ฟิลิปปินส์,โปรแกรมเมอร์ทุกระบบ/ทุกด้าน,1
ฟิลิปปินส์,ผู้จัดการทั่วไป,1
ฟิลิปปินส์,ผู้ช่วยพ่อครัว,1
ฟิลิปปินส์,ผู้ช่วยพ่อครัวมือ2,1
ฟิลิปปินส์,ผู้จัดการและหัวหน้าฝ่ายพัสดุและคลังสินค้า,1
ไซปรัส,นวดแผนโบราณ,79
ไซปรัส,ช่างเชื่อม,72
ไซปรัส,ช่างประกอบโครงสร้าง,9
ไซปรัส,ผู้ฝึกสอนกีฬา,4
ไซปรัส,โฟร์แมน,3
ไซปรัส,หัวหน้าช่างเชื่อม,2
ไซปรัส,ช่างเชื่อมด้วยก๊าซและไฟฟ้า,2
ไซปรัส,ช่างประกอบท่อ,2
ไซปรัส,นักบริหาร/ผู้ดูแลฐานข้อมูล; ที่ปรึกษาด้านระบบฐานข้อมูลคอมพิวเตอร์,1
ไซปรัส,ช่างเครื่องยนต์ทั่วไป;ช่างซ่อมเครื่องจักรกลโลหะทั่วไป,1
ไซปรัส,ช่างเทคนิค,36
ไซปรัส,โฟร์แมน,14
ไซปรัส,วิศวกร,12
ไซปรัส,หัวหน้างานทั่วไป,10
ไซปรัส,ช่างเชื่อม,7
ไซปรัส,โฟร์แมนโครงสร้าง,7
ไซปรัส,สถาปนิก,6
ไซปรัส,ผู้จัดการซึ่งมิได้จัดประเภทไว้ในที่อื่น ๆ,6
ไซปรัส,วิศวกรอื่น ๆ,6
ไซปรัส,วิศวกรเครื่องกลทั่วไป,4
ไซปรัส,ดูแลโดยสถานเอกอัครราชทูตไทยในต่างประเทศ,179
เวียดนาม,นวดแผนโบราณ,79
เวียดนาม,ช่างเชื่อม,72
เวียดนาม,ช่างประกอบโครงสร้าง,9
เวียดนาม,ผู้ฝึกสอนกีฬา,4
เวียดนาม,โฟร์แมน,3
เวียดนาม,หัวหน้าช่างเชื่อม,2
เวียดนาม,ช่างประกอบท่อ,2
เวียดนาม,ช่างเชื่อมด้วยก๊าซและไฟฟ้า,2
เวียดนาม,ช่างเชื่อมท่อ,1
เวียดนาม,ผู้ดูแลช่างไฟฟ้า,1
เวียดนาม,ช่างเชื่อมด้วยไฟฟ้า (เครื่องเชื่อม),1
เวียดนาม,นักบริหาร/ผู้ดูแลฐานข้อมูล; ที่ปรึกษาด้านระบบฐานข้อมูลคอมพิวเตอร์,1
เวียดนาม,กุ๊ก (อาหารไทย),1
เวียดนาม,ล่าม,1
เวียดนาม,ช่างเชื่อมด้วยเครื่องไฟฟ้า (แบบต้านทาน),1
เวียดนาม,หัวหน้างานทั่วไป,1
เวียดนาม,ช่างเครื่องยนต์ทั่วไป;ช่างซ่อมเครื่องจักรกลโลหะทั่วไป,1
เวียดนาม,โฟร์แมนโครงสร้าง,1
เวียดนาม,ช่างเชื่อม  6  จี/อาร์กอน,1
เวียดนาม,นวดแผนโบราณ,110
เวียดนาม,กุ๊ก,28
เวียดนาม,แม่บ้าน,5
เวียดนาม,กุ๊ก (อาหารญีปุ่น),4
เวียดนาม,ช่างเชื่อม,3
เวียดนาม,พ่อครัวชั้นหนึ่ง,2
เวียดนาม,พนักงานขาย,1
เวียดนาม,ผู้บังคับการเรือ และนายเรือเดินทะเล,1
เวียดนาม,คนงานทั่วไป,1
เวียดนาม,พ่อครัวอาหารไทย,1
เวียดนาม,ผู้ช่วยกุ๊ก,1
เวียดนาม,นักกายภาพบำบัดและนักอาชีวบำบัด,1
เวียดนาม,พนักงานในครัว,1
เวียดนาม,หญิงรับใช้และผู้ทำงานบ้านอื่นๆ,1
เวียดนาม,พนักงานรักษาความปลอดภัย,1
เวียดนาม,ดูแลโดยสถานเอกอัครราชทูตไทยในต่างประเทศ,162
เวียดนาม,ช่างประกอบโครงสร้าง,45
เวียดนาม,ช่างประกอบท่อ,39
เวียดนาม,ช่างไฟฟ้าทั่วไป,16
เวียดนาม,ช่างเชื่อม,11
เวียดนาม,ช่างไม้ (ก่อสร้าง),9
เวียดนาม,ช่างปูน,9
เวียดนาม,ช่างเหล็ก,7
เวียดนาม,ช่างติดตั้งเครื่องจักร,7
เวียดนาม,โฟร์แมน,7
เวียดนาม,ช่างไฟฟ้าโรงงาน,4
เวียดนาม,ช่างไม้ทั่วไป,3
เวียดนาม,ควบคุมซ่อมแซมและติดตั้งเครื่องจักรกล,3
เวียดนาม,ประกอบเครื่องจักรกล,2
เวียดนาม,หัวหน้าช่างประกอบท่อ,2
เวียดนาม,หัวหน้างานก่อสร้าง,2
เวียดนาม,หัวหน้างานไฟฟ้า,2
เวียดนาม,กุ๊ก (อาหารไทย),2
เวียดนาม,นักสำรวจทั่วไป,2
เวียดนาม,ช่างไม้แบบ,2
เวียดนาม,ช่างซ่อมบำรุง,2
เวียดนาม,ช่างประกอบแบบเหล็ก,1
เวียดนาม,หัวหน้างานติดตั้งโครงสร้าง,1
เวียดนาม,ช่างไฟฟ้าและช่างเดินสายไฟฟ้า,1
เวียดนาม,ช่างซ่อมเครื่องจักรกล (ยานยนต์),1
เวียดนาม,โฟร์แมนไฟฟ้าอาคาร/โรงงาน,1
เวียดนาม,หัวหน้าช่างเชื่อม,1
เวียดนาม,หัวหน้าช่างประกอบ,1
เวียดนาม,หัวหน้าช่างเหล็กประกอบช่างไม้,1
เวียดนาม,ช่างเหล็ก (ก่อสร้าง),1
เวียดนาม,ช่างปรับเครื่องจักร และช่างประกอบเครื่องกลอื่น ๆ,1
เวียดนาม,ช่างเคาะพ่นสี,1
เวียดนาม,หัวหน้างานประกอบโครงสร้าง,1
เวียดนาม,รองหัวหน้างานทั่วไป,1
เวียดนาม,ผู้ช่วยโฟร์แมน,1
เวียดนาม,ช่างติดตั้งโครงสร้าง,1
เวียดนาม,ผู้ช่วยช่างไฟฟ้าอิเลคโทรนิค,1
เวียดนาม,ช่างประกอบเครื่องมือไฟฟ้าและอิเลกทรอนิกส์,1
เวียดนาม,ควบคุมเครนหอ,1
เวียดนาม,ผู้ช่วยผู้จัดการ,1
เวียดนาม,ผู้ช่วยช่าง,1
เวียดนาม,พนักงานให้สัญญาน,1
เวียดนาม,ช่างซ่อมเครื่องจักรกล อื่น ๆ,1
เวียดนาม,พนักงานขับรถโฟลคลิฟท์,1
แอฟริกาใต้,นายจ้างพาลูกจ้างไปทำงานในต่างประเทศ,74
แอฟริกาใต้,RE-ENTRY,46
แอฟริกาใต้,VISA RE-ENTRY,21
แอฟริกาใต้,เดินทางด้วยตนเอง,10
แอฟริกาใต้,ผู้เชี่ยวชาญ,29
แอฟริกาใต้,ช่างเทคนิค,19
แอฟริกาใต้,หัวหน้างานทั่วไป,10
แอฟริกาใต้,ควบคุมซ่อมแซมและติดตั้งเครื่องจักรกล,6
แอฟริกาใต้,ช่างเชื่อม,6
แอฟริกาใต้,ผู้จัดการทั่วไป,5
แอฟริกาใต้,คนงานทั่วไป,4
แอฟริกาใต้,ผู้จัดการโครงการ,4
แอฟริกาใต้,พนักงานตรวจสอบ-ควบคุมคุณภาพงาน,4
แอฟริกาใต้,พนักงานแท่นขุดเจาะ,3
แอฟริกาใต้,ช่างซ่อมบำรุง,3
แอฟริกาใต้,วิศวกรเครื่องกลทั่วไป,2
แอฟริกาใต้,ช่างไฟฟ้าอุปกรณ์หนัก,2
แอฟริกาใต้,วิศวกรอื่น ๆ,2
แอฟริกาใต้,ผู้ควบคุมงานผลิต และหัวหน้าคนงานทั่วไป(หมวดอาชีพ),2
แอฟริกาใต้,ผู้จัดการและหัวหน้าฝ่ายพัสดุและคลังสินค้า,2
แอฟริกาใต้,วิศวกร,2
แอฟริกาใต้,โฟร์แมน,2
แอฟริกาใต้,ผู้ควบคุมงาน งานก่อสร้าง,2
แอฟริกาใต้,ช่างประกอบท่อ,2
แอฟริกาใต้,ผู้ช่วยผู้จัดการ,2
แอฟริกาใต้,วิศวกรควบคุม/เครื่องมือวัด,1
แอฟริกาใต้,ผู้ช่วยรองผู้อำนวยการ,1
แอฟริกาใต้,ผู้จัดการสาขา,1
แอฟริกาใต้,ผู้ช่วยกรรมการผู้จัดการ,1
แอฟริกาใต้,ควบคุมเครื่องจักรไฟฟ้า,1
แอฟริกาใต้,ช่างติดตั้งอุปกรณ์ไฟฟ้า,1
แอฟริกาใต้,ผู้ช่วยช่าง,1
แอฟริกาใต้,กรรมการรองผู้อำนวยการ,1
แอฟริกาใต้,ช่างติดตั้งโครงสร้าง,1
แอฟริกาใต้,วิศวกรรักษาความปลอดภัย,1
แอฟริกาใต้,ผู้จัดการฝ่ายผลิต,1
แอฟริกาใต้,รองกรรมการผู้จัดการ,1
แอฟริกาใต้,ควบคุมเครื่องจักร,1
แอฟริกาใต้,ผู้จัดการฝ่ายการเงินและบัญชี;ผู้จัดการฝ่ายการเงิน,1
แอฟริกาใต้,ผู้ควบคุมงานทั่วไป,1
แอฟริกาใต้,ผู้เพาะเลี้ยงสัตว์น้ำ,1
แอฟริกาใต้,ผู้จัดซื้อ;ตัวแทนจัดซื้อ; ผู้จัดการฝ่ายซื้อ,1
แอฟริกาใต้,ผู้ให้บริการความปลอดภัยอื่น ๆ,1
แอฟริกาใต้,วิศวกรการผลิต,1
แอฟริกาใต้,ผู้ควบคุมงานผลิต หัวหน้าคนงานทั่วไปอื่น ๆ,1
แอฟริกาใต้,ผู้จัดการซึ่งมิได้จัดประเภทไว้ในที่อื่น,1
แอฟริกาใต้,คนงานแท่นขุดเจาะ,1
แอฟริกาใต้,ผลิตเครื่องจักรกล,1
แอฟริกาใต้,วิศวกรไฟฟ้าทั่วไป,1
แอฟริกาใต้,สมุหบัญชี,1
แอฟริกาใต้,ผู้ตรวจไฟฟ้า/อุปกรณ์ควบคุมการทำงานของครุภัณฑ์และเครื่องจักร,1
แอฟริกาใต้,ช่างท่อทั่วไป,1
แอฟริกาใต้,ผลิตกระดาษ,1
แอฟริกาใต้,ผู้ช่วยเจ้าหน้าที่ความปลอดภัย,1
แอฟริกาใต้,วิศวกรโยธา,1
แอฟริกาใต้,ผู้ควบคุมงานบริหารคุณภาพ,1
แอฟริกาใต้,หัวหน้างานไฟฟ้า,1
แอฟริกาใต้,ผู้ปฏิบัติงานก่อสร้างซึ่งมิได้จัดประเภทไว้ในที่อื่น,1
แอฟริกาใต้,ช่างเครื่องกลอาวุโส,1
แอฟริกาใต้,รองประธานกรรมการ,1
แอฟริกาใต้,ผู้ควบคุมแท่นขุดเจาะน้ำมัน,1
แอฟริกาใต้,ผู้เชี่ยวชาญชาวต่างประเทศ(เชี่ยวชาญด้านใด ให้ลงสาขาอาชีพนั้น),1
แอฟริกาใต้,เจ้าหน้าที่ระบบข้อมูล,1
แอฟริกาใต้,ดูแลโดยสถานเอกอัครราชทูตไทยในต่างประเทศ,151
โครเอเชีย,ช่างเทคนิค,36
โครเอเชีย,โฟร์แมน,14
โครเอเชีย,วิศวกร,12
โครเอเชีย,หัวหน้างานทั่วไป,10
โครเอเชีย,ช่างเชื่อม,7
โครเอเชีย,โฟร์แมนโครงสร้าง,7
โครเอเชีย,วิศวกรอื่น ๆ,6
โครเอเชีย,สถาปนิก,6
โครเอเชีย,ผู้จัดการซึ่งมิได้จัดประเภทไว้ในที่อื่น ๆ,6
โครเอเชีย,วิศวกรเครื่องกลทั่วไป,4
โครเอเชีย,วิศวกรโยธาทั่วไป,4
โครเอเชีย,พนักงานรับโทรศัพท์,4
โครเอเชีย,นักสำรวจอื่น ๆ,3
โครเอเชีย,ผู้จัดการทั่วไป,3
โครเอเชีย,สมุหบัญชี,3
โครเอเชีย,ช่างประกอบโครงสร้าง,3
โครเอเชีย,นักสำรวจทั่วไป,2
โครเอเชีย,ผู้จัดการโครงการ,2
โครเอเชีย,ช่างเหล็กโครงสร้าง,2
โครเอเชีย,วิศวกรไฟฟ้าทั่วไป,2
โครเอเชีย,ผู้ช่วยช่าง,2
โครเอเชีย,ช่างเทคนิควิศวกรรมเคมี,2
โครเอเชีย,วิศวกรสำรวจ,2
โครเอเชีย,ช่างเขียนแบบอื่น ๆ,2
โครเอเชีย,ช่างไม้ (ก่อสร้าง),2
โครเอเชีย,ช่างซ่อมเครื่องจักรกล อื่น ๆ,2
โครเอเชีย,ช่างเขียนแบบโครงสร้าง,1
โครเอเชีย,ช่างเหล็ก,1
โครเอเชีย,ผู้ช่วยกรรมการผู้จัดการ,1
โครเอเชีย,กุ๊ก (อาหารไทย),1
โครเอเชีย,ช่างซ่อมบำรุง,1
โครเอเชีย,กุ๊ก,1
โครเอเชีย,ผู้จัดซื้อ;ตัวแทนจัดซื้อ; ผู้จัดการฝ่ายซื้อ,1
โครเอเชีย,ช่างประกอบนั่งร้าน,1
โครเอเชีย,ผู้จัดซื้อ,1
โครเอเชีย,ช่างประกอบท่อ,1
โครเอเชีย,หัวหน้างานก่อสร้าง,1
โครเอเชีย,ผู้จัดการฝ่ายผลิต,1
โครเอเชีย,พนักงานทั่วไป,1
โครเอเชีย,พนักงานควบคุมสโตร์,1
โครเอเชีย,หัวหน้าช่างประกอบ,1
โครเอเชีย,หัวหน้างานไฟฟ้า,1
โครเอเชีย,ที่ปรึกษาอาวุโส,1
โครเอเชีย,หัวหน้าช่างเชื่อม,1
โครเอเชีย,ผู้ควบคุมงานผลิต และหัวหน้าคนงานทั่วไป(หมวดอาชีพ),1
โครเอเชีย,เสมียนการเจ้าหน้าที่,1
โครเอเชีย,ผู้ช่วยผู้จัดการ,1
โครเอเชีย,พนักงานตรวจสอบ-ควบคุมคุณภาพงาน,1
โครเอเชีย,ผู้เชี่ยวชาญ,1
โครเอเชีย,ผลิตผลิตภัณฑ์คอนกรีต,1
โครเอเชีย,ผู้ดูแลงาน,1
โครเอเชีย,ผู้ประสานงาน,1
โครเอเชีย,ช่างก่อคอนกรีตเสริม (การก่อสร้าง),1
โครเอเชีย,วิศวกรโยธา(ก่อสร้างถนนและทางหลวง),1
โครเอเชีย,เจ้าหน้าที่การเงิน,1
โครเอเชีย,เจ้าหน้าที่ประชาสัมพันธ์,1
โครเอเชีย,ผู้วางแผน/ผู้ควบคุมคอมพิวเตอร์,1
โครเอเชีย,ช่างเชื่อม,50
โครเอเชีย,ช่างประกอบถังเพรสเชอร์,17
โครเอเชีย,ช่างประกอบท่อ,16
โครเอเชีย,คนงานทั่วไป,9
โครเอเชีย,ช่างเทคนิค,9
โครเอเชีย,กรรมกรหรือคนงานทำงานหนัก,3
โครเอเชีย,นวดแผนโบราณ,3
โครเอเชีย,วิศวกร,3
โครเอเชีย,พนักงานทั่วไป,3
โครเอเชีย,ช่างไฟฟ้าทั่วไป,2
โครเอเชีย,ช่างเดินสายไฟ,2
โครเอเชีย,หัวหน้างานทั่วไป,2
โครเอเชีย,หัวหน้าช่างประกอบท่อ,2
โครเอเชีย,กุ๊ก,2
โครเอเชีย,ผู้จัดการทั่วไป,2
โครเอเชีย,กุ๊ก (อาหารไทย),2
โครเอเชีย,พนักงานให้สัญญานเครื่องยก,1
โครเอเชีย,วิศวกรควบคุมประสิทธิภาพ,1
โครเอเชีย,เลขานุการ,1
โครเอเชีย,ผู้ช่วยช่างซ่อมเครื่องจักรกล (ทั่วไป),1
โครเอเชีย,ผู้จัดการฝ่ายการเงินและบัญชี;ผู้จัดการฝ่ายการเงิน,1
โครเอเชีย,ผู้ให้บริการความปลอดภัยอื่น ๆ,1
โครเอเชีย,ผู้จัดการโครงการ,1
โครเอเชีย,ช่างไฟฟ้าและช่างต่อสายไฟอื่น ๆ,1
โครเอเชีย,ช่างวางสายไฟฟ้ากำลัง,1
โครเอเชีย,ผลิตสายไฟฟ้า,1
โครเอเชีย,ผู้ควบคุมงานผลิต หัวหน้าคนงานทั่วไปอื่น ๆ,1
โครเอเชีย,ช่างประกอบโครงสร้าง,1
โครเอเชีย,วิศวกรควบคุม/เครื่องมือวัด,1
โครเอเชีย,ช่างเขียนแบบอื่น ๆ,1
โครเอเชีย,พนักงานขับรถ,1
โครเอเชีย,ช่างติดตั้งอุปกรณ์ไฟฟ้า,1
โครเอเชีย,ผู้ช่วยผู้ปรุงอาหาร,1
โครเอเชีย,เสมียนพนักงานอื่น ๆ,1
นอร์เวย์,นวดแผนโบราณ,130
นอร์เวย์,ผู้ปฏิบัติงานก่อสร้างอื่น ๆ,6
นอร์เวย์,กุ๊ก,3
นอร์เวย์,พนักงานในครัว,2
นอร์เวย์,ผู้ช่วยพนักงานเสริฟ,1
นอร์เวย์,ผู้ช่วยพ่อครัว,1
นอร์เวย์,บริกรชาย,1
นอร์เวย์,ผู้ช่วยงานบ้าน,1
นอร์เวย์,ผู้ประสานงานการท่องเที่ยว,1
นอร์เวย์,บาร์เทนเดอร์  ชาย/หญิง,1
นอร์เวย์,ดูแลโดยสถานเอกอัครราชทูตไทยในต่างประเทศ,147
ตุรกี,ดูแลโดยสถานเอกอัครราชทูตไทยในต่างประเทศ,145
ตุรกี,เกษตรกรเก็บผลไม้ในฟาร์ม,70
ตุรกี,ผู้ช่วยกุ๊ก,17
ตุรกี,นวดแผนโบราณ,11
ตุรกี,เกษตรกรสวนผลไม้,9
ตุรกี,คนงานในฟาร์มทั่วไป,5
ตุรกี,คนงานเกษตร,5
ตุรกี,พนักงานเสริฟ พนักงานปรุงและเสริฟเครื่องดื่ม และอื่น ๆ,3
ตุรกี,ช่างเทคนิค,3
ตุรกี,ผู้ช่วยพนักงานเสริฟ,2
ตุรกี,พนักงานเสริฟ,2
ตุรกี,คนงานทั่วไป,2
ตุรกี,พนักงานบริการเครื่องดื่ม,1
ตุรกี,เกษตรกรเก็บผลไม้ป่า,1
ตุรกี,ช่างเชื่อม,1
ตุรกี,ผู้จัดการแผนกแม่บ้าน,1
ตุรกี,ทำความสะอาด,1
ตุรกี,ผู้ปฏิบัติงานก่อสร้างอื่น ๆ,1
ตุรกี,พนักงานธุรการ,1
ตุรกี,พนักงานในครัว,1
ตุรกี,ผู้ทำงานในสวนเพาะชำและผู้ทำสวนอื่น ๆ,1
ตุรกี,พนักงานต้อนรับ,1
ตุรกี,พนักงานบริการห้องอาหาร,1
ตุรกี,หัวหน้างานด้านห้องปฏิบัติการ,1
ตุรกี,บรรจุหีบห่อ,1
ตุรกี,วิศวกรปิโตรเลียม (ฝ่ายผลิต),1
ตุรกี,แม่บ้าน (ยกเว้นส่วนบุคคล),1
ตุรกี,กุ๊ก,1
สเปน,นวดแผนโบราณ,83
สเปน,กุ๊ก,23
สเปน,กุ๊ก (อาหารญีปุ่น),20
สเปน,แม่บ้าน,2
สเปน,กุ๊ก (อาหารไทย),2
สเปน,พ่อครัวชั้นหนึ่ง,2
สเปน,ผู้ช่วยกุ๊ก,2
สเปน,พนักงานขาย,1
สเปน,คนงานทั่วไป,1
สเปน,นวดแผนโบราณ,130
สเปน,ผู้ปฏิบัติงานก่อสร้างอื่น ๆ,6
สเปน,กุ๊ก,3
สเปน,พนักงานในครัว,2
สเปน,ผู้ช่วยพนักงานเสริฟ,1
สเปน,ผู้ช่วยพ่อครัว,1
สเปน,บริกรชาย,1
สเปน,ผู้ช่วยงานบ้าน,1
สเปน,ผู้ประสานงานการท่องเที่ยว,1
สเปน,บาร์เทนเดอร์  ชาย/หญิง,1
สเปน,ดูแลโดยสถานเอกอัครราชทูตไทยในต่างประเทศ,136
สเปน,เกษตรกรเก็บผลไม้ในฟาร์ม,70
สเปน,ผู้ช่วยกุ๊ก,17
สเปน,นวดแผนโบราณ,11
สเปน,เกษตรกรสวนผลไม้,9
สเปน,คนงานในฟาร์มทั่วไป,5
สเปน,คนงานเกษตร,5
สเปน,ช่างเทคนิค,3
สเปน,พนักงานเสริฟ พนักงานปรุงและเสริฟเครื่องดื่ม และอื่น ๆ,3
สเปน,คนงานทั่วไป,2
สเปน,ผู้ช่วยพนักงานเสริฟ,2
เนเธอร์แลนด์,ดูแลโดยสถานเอกอัครราชทูตไทยในต่างประเทศ,134
เนเธอร์แลนด์,คนงานเกษตร,36
เนเธอร์แลนด์,นวดแผนโบราณ,32
เนเธอร์แลนด์,เกษตรกรทั่วไป,19
เนเธอร์แลนด์,คนงานทั่วไป,11
เนเธอร์แลนด์,กุ๊ก (อาหารไทย),10
เนเธอร์แลนด์,กุ๊ก,5
เนเธอร์แลนด์,คนงานในฟาร์มทั่วไป,4
เนเธอร์แลนด์,พ่อครัวอาหารไทย,3
เนเธอร์แลนด์,ผู้โค่นต้นไม้,2
เนเธอร์แลนด์,ผู้ช่วยกุ๊ก,1
เนเธอร์แลนด์,หมอนวด,1
เนเธอร์แลนด์,แม่บ้าน,1
เนเธอร์แลนด์,ที่ปรึกษา,1
เนเธอร์แลนด์,คนทำสวน,1
เนเธอร์แลนด์,บาร์เทนเดอร์  ชาย/หญิง,1
เนเธอร์แลนด์,บริกรชาย,1
เนเธอร์แลนด์,ช่างซ่อมบำรุง,1
เนเธอร์แลนด์,ช่างเทคนิค,1
เนเธอร์แลนด์,พนักงานทั่วไป,1
เนเธอร์แลนด์,พนักงานต้อนรับ,1
เนเธอร์แลนด์,ผู้ช่วยพนักงานเสริฟ,1
โอมาน,ผู้ช่วยช่าง,25
โอมาน,ช่างเชื่อม  6  จี/อาร์กอน,21
โอมาน,ช่างประกอบท่อ,17
โอมาน,ช่างประกอบโครงสร้าง,16
โอมาน,กุ๊ก,8
โอมาน,ช่างติดตั้งเครื่องจักร,7
โอมาน,กุ๊ก (อาหารไทย),7
โอมาน,หัวหน้าช่างประกอบท่อ,6
โอมาน,หัวหน้าช่างเชื่อม,5
โอมาน,ช่างเชื่อม,5
โอมาน,กุ๊ก (อาหารญีปุ่น),2
โอมาน,พนักงานเสริฟ,1
โอมาน,บาร์เทนเดอร์  ชาย/หญิง,1
โอมาน,หัวหน้างานติดตั้งโครงสร้าง,1
โอมาน,ผู้ซักรีดทั่วไป,1
โอมาน,พ่อครัวอาหารไทย,1
โอมาน,พ่อครัวชั้นหนึ่ง,1
โอมาน,ผู้ปรุงอาหาร,1
โอมาน,ผู้จัดการฝ่ายขาย,1
โอมาน,นวดแผนโบราณ,30
โอมาน,กุ๊ก,15
โอมาน,ช่างเสริมสวย,9
โอมาน,ช่างเชื่อม,6
โอมาน,กุ๊ก (อาหารไทย),4
โอมาน,ผู้จัดการทั่วไป,4
โอมาน,พ่อครัวชั้นหนึ่ง,4
โอมาน,แม่บ้าน,4
โอมาน,ช่างไฟฟ้าทั่วไป,4
โอมาน,พนักงานเสริฟ,3
โอมาน,กุ๊ก (อาหารญีปุ่น),3
โอมาน,ช่างติดตั้งโครงสร้าง,2
โอมาน,หัวหน้าพนักงานเสริฟ,2
โอมาน,ช่างเครื่องยนต์ทั่วไป;ช่างซ่อมเครื่องจักรกลโลหะทั่วไป,2
โอมาน,ผู้ช่วยผู้จัดการ,2
โอมาน,คนงานทั่วไป,2
โอมาน,ช่างซ่อมบำรุง,2
โอมาน,ช่างทำเครื่องมือทั่วไป,1
โอมาน,ช่างประกอบอุปกรณ์ไฟฟ้า,1
โอมาน,ตัวแทนขายผลิตภัณฑ์หัตถกรรม,1
โอมาน,พนักงานขับรถ,1
โอมาน,พนักงานทำความสะอาดห้องพัก,1
โอมาน,ช่างเหล็กโครงสร้าง,1
โอมาน,พนักงานบริการเครื่องดื่ม,1
โอมาน,ผู้ช่วยพนักงานเสริฟ,1
โอมาน,พนักงานแท่นขุดเจาะ,1
โอมาน,ช่างซ่อมแก้บำรุงรักษาเครื่องทำความเย็น,1
โอมาน,ช่างประกอบเครื่องมือไฟฟ้าและอิเลกทรอนิกส์,1
โอมาน,ทำความสะอาด,1
โอมาน,ช่างแต่งผม ช่างตัดผม ช่างเสริมสวย และผู้ปฏิบัติงานที่เกี่ยวข,1
โอมาน,พนักงานต้อนรับ,1
โอมาน,หัวหน้างานไฟฟ้า,1
โอมาน,ช่างซ่อมเครื่องยนต์,1
โอมาน,หัวหน้าแผนกต้อนรับ,1
โอมาน,ผู้จัดการแผนกต้อนรับ,1
โอมาน,ช่างกลึง; ช่างตั้งและใช้เครื่องกลึง,1
โอมาน,พนักงานปรุงและเสริฟเครื่องดื่ม,1
โอมาน,พนักงานรับโทรศัพท์,1
โอมาน,ผู้อนุบาล,1
บังกลาเทศ,ดูแลโดยสถานเอกอัครราชทูตไทยในต่างประเทศ,127
เดนมาร์ก,วิศวกรโยธา,11
เดนมาร์ก,วิศวกร,10
เดนมาร์ก,โฟร์แมน,10
เดนมาร์ก,ช่างปูน,6
เดนมาร์ก,กุ๊ก,4
เดนมาร์ก,วิศวกรอื่น ๆ,4
เดนมาร์ก,วิศวกรโยธาทั่วไป,3
เดนมาร์ก,ช่างเชื่อม,3
เดนมาร์ก,ช่างไฟฟ้าทั่วไป,3
เดนมาร์ก,นักสำรวจ,3
เดนมาร์ก,พนักงานควบคุมสโตร์,3
เดนมาร์ก,ช่างเทคนิค,3
เดนมาร์ก,สถาปนิก,3
เดนมาร์ก,ผู้จัดการโครงการ,3
เดนมาร์ก,วิศวกรควบคุมต้นทุน,2
เดนมาร์ก,พนักงานธุรการ,2
เดนมาร์ก,วิศวกรโยธา(ก่อสร้างถนนและทางหลวง),2
เดนมาร์ก,พนง.ขับรถแมคโคร,2
เดนมาร์ก,พนักงานขับรถแบ็คโฮ,2
เดนมาร์ก,พนักงานขับรถ,2
เดนมาร์ก,พนักงานขับรถเครน,2
เดนมาร์ก,ผู้ควบคุมงานทั่วไป,2
เดนมาร์ก,สมุหบัญชี,2
เดนมาร์ก,วิศวกรเครื่องกลทั่วไป,2
เดนมาร์ก,วิศวกรสำรวจ,2
เดนมาร์ก,ผู้ให้บริการความปลอดภัย,2
เดนมาร์ก,ช่างเทคนิควิศวกรรมโยธา,1
เดนมาร์ก,ผู้จัดการซึ่งมิได้จัดประเภทไว้ในที่อื่น ๆ,1
เดนมาร์ก,พนักงานขับรถแมคโคร,1
เดนมาร์ก,เสมียนทั่วไป,1
เดนมาร์ก,ผู้ประสานงาน(ด้านใด  ลงสาขาอาชีพนั้น),1
เดนมาร์ก,วิศวกรไฟฟ้าทั่วไป,1
เดนมาร์ก,นักสำรวจทั่วไป,1
เดนมาร์ก,เจ้าหน้าที่ควบคุมระบบไฟฟ้า,1
เดนมาร์ก,ผู้ให้บริการความปลอดภัยอื่น ๆ,1
เดนมาร์ก,พนักงานบัญชี และพนักงานรับ-จ่ายเงิน,1
เดนมาร์ก,ช่างเขียนแบบอื่น ๆ,1
เดนมาร์ก,ผู้ช่วยพนักงานห้องทดลอง,1
เดนมาร์ก,วิศวกรเครื่องกล (โครงสร้าง),1
เดนมาร์ก,ช่างเทคนิควิศวกรรมอื่น ๆ,1
เดนมาร์ก,ควบคุมเครื่องจักร,1
เดนมาร์ก,ผู้จัดการฝ่ายการเงินและบัญชี;ผู้จัดการฝ่ายการเงิน,1
เดนมาร์ก,พนักงานควบคุมการคำนวณวัสดุ,1
เดนมาร์ก,ผู้จัดการทั่วไป,1
เดนมาร์ก,วิศวกรเคมีอื่น ๆ,1
เดนมาร์ก,วิศวกรควบคุม/เครื่องมือวัด,1
เดนมาร์ก,ช่างประกอบโครงสร้าง,1
เดนมาร์ก,วิศวกรก่อสร้างอาคาร,1
เดนมาร์ก,ผู้จัดการ Q.A.,1
เดนมาร์ก,หัวหน้างานทั่วไป,1
เดนมาร์ก,เจ้าหน้าที่การเงิน,1
เดนมาร์ก,เลขานุการ,1
เดนมาร์ก,แม่บ้าน,1
เดนมาร์ก,สนร.สหรัฐอาหรับเอมิเรตส์,122
อิตาลี,กลาสีเรือ,49
อิตาลี,ช่างสี (ชั้น 1),19
อิตาลี,โฟร์แมน,8
อิตาลี,ช่างไม้ (ก่อสร้าง),6
อิตาลี,ช่างเหล็ก,5
อิตาลี,กุ๊ก,5
อิตาลี,คนงานทั่วไป,4
อิตาลี,กุ๊ก (อาหารไทย),3
อิตาลี,ช่างเทคนิค,2
อิตาลี,ผู้ปรุงอาหาร,1
อิตาลี,ดูแลโดยสถานเอกอัครราชทูตไทยในต่างประเทศ,108
อิตาลี,ดูแลโดยสถานเอกอัครราชทูตไทยในต่างประเทศ,120
อิตาลี,บริษัทจัดหางานคนประจำเรือ,52
อิตาลี,นายจ้างพาลูกจ้างไปทำงานในต่างประเทศ,25
อิตาลี,VISA RE-ENTRY,16
อิตาลี,เดินทางด้วยตนเอง,7
อิตาลี,RE-ENTRY,7
อิตาลี,บริษัทจัดส่ง,1
จอร์แดน,นวดแผนโบราณ,45
จอร์แดน,วิศวกร,23
จอร์แดน,แม่บ้าน,7
จอร์แดน,กุ๊ก (อาหารอิตาเลียน),3
จอร์แดน,หมอนวด,2
จอร์แดน,กุ๊ก,2
จอร์แดน,คนงานทั่วไป,2
จอร์แดน,กุ๊ก (อาหารไทย),2
จอร์แดน,หัวหน้างานทั่วไป,2
จอร์แดน,คนทำสวน,2
จอร์แดน,ผู้ช่วยกุ๊ก,2
จอร์แดน,กุ๊ก (อาหารญีปุ่น),2
จอร์แดน,คนงานเกษตร,1
จอร์แดน,ผู้จัดการทั่วไป,1
จอร์แดน,ผู้ช่วยพนักงานเสริฟ,1
จอร์แดน,พนักงานในครัว,1
จอร์แดน,โปรแกรมเมอร์ทุกระบบ/ทุกด้าน,1
จอร์แดน,พนักงานเสริฟ,1
จอร์แดน,ช่างซ่อมเครื่องจักรกลยานยนต์อื่น ๆ,1
จอร์แดน,ผู้อนุบาล,1
จอร์แดน,ช่างเชื่อม,1
จอร์แดน,ผู้ช่วยงานบ้าน,1
จอร์แดน,กรรมการผู้จัดการ,1
จอร์แดน,ทำความสะอาด,1
จอร์แดน,พนักงานทั่วไป,1
เมียนมา,ดูแลโดยสถานเอกอัครราชทูตไทยในต่างประเทศ,107
เมียนมา,นวดแผนโบราณ,45
เมียนมา,วิศวกร,23
เมียนมา,แม่บ้าน,7
เมียนมา,กุ๊ก (อาหารอิตาเลียน),3
เมียนมา,หมอนวด,2
เมียนมา,ผู้ช่วยกุ๊ก,2
เมียนมา,หัวหน้างานทั่วไป,2
เมียนมา,กุ๊ก (อาหารญีปุ่น),2
เมียนมา,กุ๊ก (อาหารไทย),2
เมียนมา,คนทำสวน,2
เมียนมา,คนงานเกษตร,46
เมียนมา,บรรจุหีบห่อ,45
เมียนมา,คนงานทั่วไป,3
เมียนมา,คนทำสวน,3
เมียนมา,นวดแผนโบราณ,3
เมียนมา,เกษตรกรทั่วไป,3
เมียนมา,กุ๊ก,1
เมียนมา,คนงานในฟาร์มทั่วไป,1
ปานามา,ดูแลโดยสถานเอกอัครราชทูตไทยในต่างประเทศ,99
ปานามา,คนงานเกษตร,46
ปานามา,บรรจุหีบห่อ,45
ปานามา,คนงานทั่วไป,3
ปานามา,คนทำสวน,3
ปานามา,นวดแผนโบราณ,3
ปานามา,เกษตรกรทั่วไป,3
ปานามา,กุ๊ก,1
ปานามา,คนงานในฟาร์มทั่วไป,1
ปานามา,พนักงานทั่วไป,20
ปานามา,ช่างเทคนิค,15
ปานามา,ช่างประกอบโครงสร้าง,8
ปานามา,ช่างประกอบนั่งร้าน,6
ปานามา,หัวหน้างานทั่วไป,6
ปานามา,ช่างเชื่อม,5
ปานามา,ผู้จัดการทั่วไป,4
ปานามา,ช่างสี (ชั้น 1),4
ปานามา,พนักงานแท่นขุดเจาะ,4
ปานามา,ผู้ควบคุมแท่นขุดเจาะน้ำมัน,3
ปานามา,กุ๊ก,2
ปานามา,ช่างซ่อมบำรุง,2
ปานามา,ผู้จัดการโครงการ,2
ปานามา,พนักงานตรวจสอบ-ควบคุมคุณภาพงาน,2
ปานามา,ช่างติดตั้งเครื่องจักร,1
ปานามา,ผู้ปฏิบัติงานเกี่ยวกับการกลั่นน้ำมันอื่น ๆ,1
ปานามา,รองหัวหน้างานทั่วไป,1
ปานามา,นักบิน,1
ปานามา,ผู้ควบคุมประจำกะ,1
ปานามา,หัวหน้าหน่วยติดตั้ง,1
ปานามา,ผู้จัดการฝ่ายผลิต,1
ปานามา,ช่างไม้ทั่วไป,1
ปานามา,โฟร์แมน,1
ปานามา,วิศวกรควบคุม/เครื่องมือวัด,1
ปานามา,ช่างไม้ (ก่อสร้าง),1
ปานามา,คนงานทั่วไป,1
ปานามา,หัวหน้าแผนกซ่อมบำรุง,1
ปานามา,ช่างไฟฟ้าทั่วไป,1
ปานามา,ผู้จัดการซึ่งมิได้จัดประเภทไว้ในที่อื่น ๆ,1
ปานามา,วิศวกร,1
เกิร์นซีย์,สนร.ซาอุดิอาระเบีย,105
เกิร์นซีย์,ผู้ช่วยพนักงานเสริฟ,17
เกิร์นซีย์,พนักงานเสริฟ,15
เกิร์นซีย์,พนักงานเสริฟ พนักงานปรุงและเสริฟเครื่องดื่ม และอื่น ๆ,11
เกิร์นซีย์,พนักงานบริการเครื่องดื่ม,10
เกิร์นซีย์,ผู้ช่วยกุ๊ก,7
เกิร์นซีย์,ช่างเชื่อม,5
เกิร์นซีย์,บาร์เทนเดอร์  ชาย/หญิง,5
เกิร์นซีย์,กุ๊ก,4
เกิร์นซีย์,พนักงานทำความสะอาดห้องพัก,4
เกิร์นซีย์,ผู้ดูแลงาน,2
เกิร์นซีย์,ผู้จัดการแผนกห้องอาหาร,2
เกิร์นซีย์,พนักงานเสริฟ พนักงานปรุงและเสริฟเครื่องดื่ม,1
เกิร์นซีย์,ช่างเชื่อมท่อ,1
เกิร์นซีย์,พนักงานดูแลสระน้ำ,1
เกิร์นซีย์,ช่างเทคนิค,1
เกิร์นซีย์,ช่างเชื่อมด้วยก๊าซและไฟฟ้า,1
เกิร์นซีย์,หัวหน้าพ่อครัวมือ 1,1
เกิร์นซีย์,พนักงานบริการห้องอาหาร,1
เกิร์นซีย์,โฟร์แมน,1
เกิร์นซีย์,ผู้ช่วยงานบ้าน,1
เกิร์นซีย์,นายจ้างพาลูกจ้างไปทำงานในต่างประเทศ,60
เกิร์นซีย์,RE-ENTRY,19
เกิร์นซีย์,นายจ้างส่งลูกจ้างไปฝึกงานในต่างประเทศ,14
เกิร์นซีย์,VISA RE-ENTRY,6
เกิร์นซีย์,ดูแลโดยสถานเอกอัครราชทูตไทยในต่างประเทศ,91
เกิร์นซีย์,บริษัทจัดหางานคนประจำเรือ,81
เกิร์นซีย์,เดินทางด้วยตนเอง,8
เกิร์นซีย์,RE-ENTRY,2
จีน,พนักงานเสริฟ พนักงานปรุงและเสริฟเครื่องดื่ม และอื่น ๆ,48
จีน,กุ๊ก,7
จีน,ผู้ช่วยกุ๊ก,7
จีน,ผู้ช่วยพนักงานเสริฟ,6
จีน,ผู้ดูแลงาน,4
จีน,ช่างภาพทั่วไป,3
จีน,พนักงานต้อนรับ,2
จีน,พนักงานบริการเครื่องดื่ม,2
จีน,บาร์เทนเดอร์  ชาย/หญิง,2
จีน,พนักงานทำความสะอาดครัว,1
จีน,กุ๊ก (อาหารญีปุ่น),1
จีน,พ่อครัวชั้นหนึ่ง,1
จีน,กุ๊ก (อาหารไทย),1
จีน,บริษัทจัดหางานคนประจำเรือ,83
จีน,เดินทางด้วยตนเอง,1
จีน,RE-ENTRY,1
จีน,ดูแลโดยสถานเอกอัครราชทูตไทยในต่างประเทศ,85
อิหร่าน,หัวหน้างานทั่วไป,15
อิหร่าน,ช่างเชื่อม,13
อิหร่าน,ผู้จัดการทั่วไป,6
อิหร่าน,นวดแผนโบราณ,5
อิหร่าน,คนงานทั่วไป,5
อิหร่าน,กุ๊ก,5
อิหร่าน,ผู้เชี่ยวชาญ,4
อิหร่าน,ควาญช้าง,3
อิหร่าน,ช่างกลึง; ช่างตั้งและใช้เครื่องกลึง,3
อิหร่าน,ช่างประกอบท่อ,2
อิหร่าน,พิจิตร,13
อิหร่าน,กรุงเทพมหานคร,8
อิหร่าน,ขอนแก่น,7
อิหร่าน,ปทุมธานี,7
อิหร่าน,ชัยภูมิ,6
อิหร่าน,ชลบุรี,4
อิหร่าน,ภูเก็ต,4
อิหร่าน,สมุทรปราการ,3
อิหร่าน,เชียงราย,3
อิหร่าน,นครราชสีมา,2
อิหร่าน,อุดรธานี,2
อิหร่าน,ศรีสะเกษ,2
อิหร่าน,พระนครศรีอยุธยา,2
อิหร่าน,นครพนม,2
อิหร่าน,มหาสารคาม,1
อิหร่าน,นนทบุรี,1
อิหร่าน,เลย,1
อิหร่าน,นครศรีธรรมราช,1
อิหร่าน,สระแก้ว,1
อิหร่าน,ร้อยเอ็ด,1
อิหร่าน,หนองคาย,1
อิหร่าน,สุโขทัย,1
อิหร่าน,อุตรดิตถ์,1
อิหร่าน,ชัยนาท,1
อิหร่าน,นครสวรรค์,1
อิหร่าน,อุบลราชธานี,1
อิหร่าน,ลพบุรี,1
อิหร่าน,ตาก,1
อิหร่าน,มุกดาหาร,1
อิหร่าน,กำแพงเพชร,1
อิหร่าน,พิษณุโลก,1
อิหร่าน,สตูล,1
อิหร่าน,ลำพูน,1
ฝรั่งเศส,พิจิตร,13
ฝรั่งเศส,กรุงเทพมหานคร,8
ฝรั่งเศส,ขอนแก่น,7
ฝรั่งเศส,ปทุมธานี,7
ฝรั่งเศส,ชัยภูมิ,6
ฝรั่งเศส,ชลบุรี,4
ฝรั่งเศส,ภูเก็ต,4
ฝรั่งเศส,สมุทรปราการ,3
ฝรั่งเศส,เชียงราย,3
ฝรั่งเศส,นครราชสีมา,2
ฝรั่งเศส,อุดรธานี,2
ฝรั่งเศส,ศรีสะเกษ,2
ฝรั่งเศส,พระนครศรีอยุธยา,2
ฝรั่งเศส,นครพนม,2
ฝรั่งเศส,มหาสารคาม,1
ฝรั่งเศส,นนทบุรี,1
ฝรั่งเศส,เลย,1
ฝรั่งเศส,นครศรีธรรมราช,1
ฝรั่งเศส,สระแก้ว,1
ฝรั่งเศส,ร้อยเอ็ด,1
ฝรั่งเศส,หนองคาย,1
ฝรั่งเศส,สุโขทัย,1
ฝรั่งเศส,อุตรดิตถ์,1
ฝรั่งเศส,ชัยนาท,1
ฝรั่งเศส,นครสวรรค์,1
ฝรั่งเศส,อุบลราชธานี,1
ฝรั่งเศส,ลพบุรี,1
ฝรั่งเศส,ตาก,1
ฝรั่งเศส,มุกดาหาร,1
ฝรั่งเศส,กำแพงเพชร,1
ฝรั่งเศส,พิษณุโลก,1
ฝรั่งเศส,สตูล,1
ฝรั่งเศส,ลำพูน,1
ฝรั่งเศส,หัวหน้างานทั่วไป,15
ฝรั่งเศส,ช่างเชื่อม,13
ฝรั่งเศส,ผู้จัดการทั่วไป,6
ฝรั่งเศส,คนงานทั่วไป,5
ฝรั่งเศส,นวดแผนโบราณ,5
ฝรั่งเศส,กุ๊ก,5
ฝรั่งเศส,ผู้เชี่ยวชาญ,4
ฝรั่งเศส,ควาญช้าง,3
ฝรั่งเศส,ช่างกลึง; ช่างตั้งและใช้เครื่องกลึง,3
ฝรั่งเศส,หัวหน้าช่างเชื่อม,2
ฝรั่งเศส,ช่างประกอบท่อ,2
ฝรั่งเศส,รองกรรมการผู้จัดการ,1
ฝรั่งเศส,ผู้ช่วยช่าง,1
ฝรั่งเศส,ผู้ดูแลงาน,1
ฝรั่งเศส,วิศวกร,1
ฝรั่งเศส,ผู้ช่วยผู้จัดการทั่วไป,1
ฝรั่งเศส,ผู้จัดการฝ่ายการเงินและบัญชี;ผู้จัดการฝ่ายการเงิน,1
ฝรั่งเศส,ผู้ช่วยกุ๊ก,1
ฝรั่งเศส,หัวหน้าแผนกซ่อมบำรุง,1
ฝรั่งเศส,วิศวกรอื่น ๆ,1
ฝรั่งเศส,รองหัวหน้างานทั่วไป,1
ฝรั่งเศส,ช่างขึ้นรูปแก้ว เครื่องดินเผา และอื่น ๆ,1
ฝรั่งเศส,นักแสดงและผู้กำกับการแสดงอื่นๆ,1
ฝรั่งเศส,หมอนวด,1
ฝรั่งเศส,ช่างพิมพ์ทั่วไป,1
ฝรั่งเศส,ผู้ช่วยผู้จัดการ,1
ฝรั่งเศส,รองต้นกล; นายช่างกล,1
ฝรั่งเศส,กุ๊ก (อาหารไทย),1
ฝรั่งเศส,คนงานผลิตผลิตภัณฑ์ทั่วไป,1
ฝรั่งเศส,ผลิตผลิตภัณฑ์โลหะ,1
ฝรั่งเศส,ผู้จัดการฝ่ายการตลาด,1
ฝรั่งเศส,พนักงานเสริฟ,1
ฝรั่งเศส,สนร.สหรัฐอาหรับเอมิเรตส์,83
ฝรั่งเศส,ลูกเรือหาปลา,28
ฝรั่งเศส,ผู้ช่วยช่าง,14
ฝรั่งเศส,ชาวประมงและผู้ปฏิบัติงานที่เกี่ยวข้อง,12
ฝรั่งเศส,ช่างเชื่อม,6
ฝรั่งเศส,ช่างน้ำมัน และช่างอัดจาระบีประจำเรือ,5
ฝรั่งเศส,นวดแผนโบราณ,3
ฝรั่งเศส,ผู้ช่วยนายเรือ; ผู้ช่วยนายท้าย,3
ฝรั่งเศส,ชาวประมง พรานและผู้ปฏิบัติงาน ที่เกี่ยวข้อง,1
ฝรั่งเศส,ผู้ช่วยช่างเครื่องยนต์,1
ฝรั่งเศส,หัวหน้างานทั่วไป,1
มอลตา,ลูกเรือหาปลา,28
มอลตา,ผู้ช่วยช่าง,14
มอลตา,ชาวประมงและผู้ปฏิบัติงานที่เกี่ยวข้อง,12
มอลตา,ช่างเชื่อม,6
มอลตา,ช่างน้ำมัน และช่างอัดจาระบีประจำเรือ,5
มอลตา,นวดแผนโบราณ,3
มอลตา,ผู้ช่วยนายเรือ; ผู้ช่วยนายท้าย,3
มอลตา,ผู้ควบคุมงานผลิต หัวหน้าคนงานทั่วไปอื่น ๆ,1
มอลตา,กุ๊ก (อาหารไทย),1
มอลตา,ชาวประมง พรานและผู้ปฏิบัติงาน ที่เกี่ยวข้อง,1
มอลตา,นายเรือ; นายท้าย; กัปตันเรือ,1
มอลตา,พ่อครัวอาหารไทย,1
มอลตา,ผู้ช่วยช่างเครื่องยนต์,1
มอลตา,วิศวกรเครื่องกล (เรือ),1
มอลตา,ช่างเครื่องประจำเรือ,1
มอลตา,ผู้ทำปลาและอาหารทะเลอื่น ๆ,1
มอลตา,สรั่งเรือ; ต้นเด่น;หัวหน้ากลาสี,1
มอลตา,หัวหน้างานทั่วไป,1
มอลตา,รองหัวหน้างานทั่วไป,1
มอลตา,ดูแลโดยสถานเอกอัครราชทูตไทยในต่างประเทศ,79
ยูเครน,นวดแผนโบราณ,23
ยูเครน,พนักงานเสริฟ,8
ยูเครน,พนักงานขับรถเครน,6
ยูเครน,ช่างเชื่อม,5
ยูเครน,กุ๊ก,5
ยูเครน,กุ๊ก (อาหารไทย),3
ยูเครน,กุ๊ก (อาหารญีปุ่น),3
ยูเครน,พนักงานบริการเครื่องดื่ม,3
ยูเครน,ผู้ปฏิบัติงานอาชีพบริการอื่น ๆ,2
ยูเครน,ผู้ดูแลงาน,2
ยูเครน,กุ๊ก,34
ยูเครน,กุ๊ก (อาหารไทย),9
ยูเครน,พ่อครัวชั้นหนึ่ง,7
ยูเครน,กุ๊ก (อาหารญีปุ่น),7
ยูเครน,ผู้ช่วยกุ๊ก,5
ยูเครน,นวดแผนโบราณ,3
ยูเครน,พ่อครัวอาหารไทย,3
ยูเครน,พ่อครัวมือ3,2
ยูเครน,ช่างฝังเพชรพลอย,1
ยูเครน,ผู้ช่วยพ่อครัว,1
ยูเครน,บริษัทจัดหางานคนประจำเรือ,24
ยูเครน,VISA RE-ENTRY,20
ยูเครน,เดินทางด้วยตนเอง,19
ยูเครน,RE-ENTRY,14
ยูเครน,ดูแลโดยสถานเอกอัครราชทูตไทยในต่างประเทศ,77
ยูเครน,ผู้ช่วยนายเรือ; ผู้ช่วยนายท้าย,2
ยูเครน,มัคคุเทศก์,1
ยูเครน,พนักงานปรุงและเสริฟเครื่องดื่ม,1
ยูเครน,พ่อครัวชั้นหนึ่ง,1
ยูเครน,แพทย์แผนโบราณ,1
ยูเครน,ผู้อนุบาล,1
ยูเครน,พนักงานขาย,1
ยูเครน,นายเรือ; นายท้าย; กัปตันเรือ,1
ยูเครน,ผู้ปรุงอาหารอื่น ๆ,1
ยูเครน,หัวหน้าพนักงานเสริฟ,1
ยูเครน,บาร์เทนเดอร์  ชาย/หญิง,1
ยูเครน,ผู้นำเสนอสินค้าตัวอย่าง,1
ยูเครน,พนักงานต้อนรับ,1
ยูเครน,ทำความสะอาด,1
ยูเครน,แม่บ้าน,1
อุซเบกิสถาน,นวดแผนโบราณ,75
อุซเบกิสถาน,กุ๊ก,1
สโลวีเนีย,ช่างไฟฟ้าทั่วไป,17
สโลวีเนีย,ช่างประกอบท่อ,8
สโลวีเนีย,ช่างประกอบโครงสร้าง,7
สโลวีเนีย,หัวหน้างานทั่วไป,6
สโลวีเนีย,ช่างปรับเครื่องจักร และช่างประกอบเครื่องกลอื่น ๆ,4
สโลวีเนีย,ช่างเชื่อม,4
สโลวีเนีย,โฟร์แมน,3
สโลวีเนีย,พนักงานขับรถเครน,2
สโลวีเนีย,คนงานทั่วไป,2
สโลวีเนีย,นักสำรวจอื่น ๆ,2
สโลวีเนีย,นวดแผนโบราณ,75
สโลวีเนีย,กุ๊ก,1
สโลวีเนีย,ดูแลโดยสถานเอกอัครราชทูตไทยในต่างประเทศ,75
มัลดีฟส์,ดูแลโดยสถานเอกอัครราชทูตไทยในต่างประเทศ,76
มัลดีฟส์,ดูแลโดยสถานเอกอัครราชทูตไทยในต่างประเทศ,70
มัลดีฟส์,นวดแผนโบราณ,67
มัลดีฟส์,ผู้ช่วยพ่อครัว,1
มัลดีฟส์,หัวหน้าพนักงานห้องอาหารและเครื่องดื่ม,1
มัลดีฟส์,ผู้ช่วยกุ๊ก,1
กัมพูชา,นวดแผนโบราณ,26
กัมพูชา,พนักงานต้อนรับ,7
กัมพูชา,พนักงานต้อนรับบนอากาศยาน,6
กัมพูชา,กุ๊ก,5
กัมพูชา,กุ๊ก (อาหารไทย),3
กัมพูชา,ผู้ช่วยพ่อครัว,2
กัมพูชา,พนักงานเสริฟ,2
กัมพูชา,ผู้ช่วยกุ๊ก,2
กัมพูชา,ผู้จัดการแผนกห้องอาหาร,2
กัมพูชา,ล่าม,1
กัมพูชา,ผู้ช่วยพ่อครัวมือ2,1
กัมพูชา,หัวหน้างานทั่วไป,1
กัมพูชา,พนักงานขาย,1
กัมพูชา,พ่อครัวอาหารไทย,1
กัมพูชา,ผู้ซักรีดทั่วไป,1
กัมพูชา,นักกายภาพบำบัด;พนักงานกายภาพบำบัด,1
กัมพูชา,ล่าม (ภาษาจีน),1
กัมพูชา,ผู้จัดการทั่วไป,1
กัมพูชา,พนักงานบริการห้องอาหาร,1
กัมพูชา,ผู้ช่วยผู้จัดการทั่วไป,1
กัมพูชา,ดูแลโดยสถานเอกอัครราชทูตไทยในต่างประเทศ,66
ซูดานใต้,นายจ้างพาลูกจ้างไปทำงานในต่างประเทศ,22
ซูดานใต้,บริษัทจัดส่ง,18
ซูดานใต้,RE-ENTRY,15
ซูดานใต้,VISA RE-ENTRY,5
ซูดานใต้,นายจ้างส่งลูกจ้างไปฝึกงานในต่างประเทศ,1
ซูดานใต้,เดินทางด้วยตนเอง,1
ซูดานใต้,ดูแลโดยสถานเอกอัครราชทูตไทยในต่างประเทศ,62
ซูดานใต้,คนงานทั่วไป,16
ซูดานใต้,หัวหน้างานทั่วไป,11
ซูดานใต้,วิศวกร,4
ซูดานใต้,ผู้จัดการทั่วไป,4
ซูดานใต้,ช่างประกอบนั่งร้าน,3
ซูดานใต้,ช่างเชื่อม,3
ซูดานใต้,ผู้ประสานงาน,2
ซูดานใต้,ที่ปรึกษา,2
ซูดานใต้,รองหัวหน้างานทั่วไป,2
ซูดานใต้,ผลิตชิ้นส่วนอิเลคทรอนิคส์,2
สโลวาเกีย,คนงานทั่วไป,16
สโลวาเกีย,หัวหน้างานทั่วไป,11
สโลวาเกีย,วิศวกร,4
สโลวาเกีย,ผู้จัดการทั่วไป,4
สโลวาเกีย,ช่างเชื่อม,3
สโลวาเกีย,ช่างประกอบนั่งร้าน,3
สโลวาเกีย,ผู้ประสานงาน,2
สโลวาเกีย,ที่ปรึกษา,2
สโลวาเกีย,รองหัวหน้างานทั่วไป,2
สโลวาเกีย,ผลิตชิ้นส่วนอิเลคทรอนิคส์,2
สโลวาเกีย,พนักงานบัญชีทั่วไป,1
สโลวาเกีย,ผู้ควบคุมงานผลิต หัวหน้าคนงานทั่วไปอื่น ๆ,1
สโลวาเกีย,ผู้เชี่ยวชาญ,1
สโลวาเกีย,ควบคุมเครื่องจักร,1
สโลวาเกีย,ผู้ช่วยผู้จัดการ,1
สโลวาเกีย,ช่างประกอบท่อ,1
สโลวาเกีย,ล่ามแปล,1
สโลวาเกีย,ผู้ควบคุมงานทั่วไป,1
สโลวาเกีย,ผู้ให้บริการความปลอดภัยอื่น ๆ,1
สโลวาเกีย,ช่างเทคนิค,1
สโลวาเกีย,ผู้ปฏิบัติงานก่อสร้างอื่น ๆ,1
สโลวาเกีย,ผู้ช่วยผู้ควบคุมการผลิต,1
สโลวาเกีย,ผู้ช่วยผู้จัดการทั่วไป,1
สโลวาเกีย,พนักงานขับรถเครน,8
สโลวาเกีย,กุ๊ก,7
สโลวาเกีย,พนักงานขับรถเกรด,7
สโลวาเกีย,พยาบาลอื่น ๆ,2
สโลวาเกีย,ช่างไฟฟ้ารถยนต์,2
สโลวาเกีย,ทำความสะอาด,2
สโลวาเกีย,พนักงานขับรถขุด,2
สโลวาเกีย,ช่างเทคนิค,2
สโลวาเกีย,พนง.ขับรถแมคโคร,2
สโลวาเกีย,ผู้จัดการฝ่ายบุคคล,2
สโลวาเกีย,ดูแลโดยสถานเอกอัครราชทูตไทยในต่างประเทศ,57
โมร็อกโก,ดูแลโดยสถานเอกอัครราชทูตไทยในต่างประเทศ,57
โมร็อกโก,พนักงานขับรถเครน,8
โมร็อกโก,พนักงานขับรถเกรด,7
โมร็อกโก,กุ๊ก,7
โมร็อกโก,พนักงานขับรถขุด,2
โมร็อกโก,พยาบาลอื่น ๆ,2
โมร็อกโก,ช่างไฟฟ้ารถยนต์,2
โมร็อกโก,ช่างเทคนิค,2
โมร็อกโก,ทำความสะอาด,2
โมร็อกโก,ผู้จัดการฝ่ายบุคคล,2
โมร็อกโก,พนักงานขับรถ,2
โมร็อกโก,พนง.ขับรถแมคโคร,2
โมร็อกโก,วิศวกรโยธา(ก่อสร้างถนนและทางหลวง),1
โมร็อกโก,นักสำรวจทั่วไป,1
โมร็อกโก,วิศวกรเครื่องกลทั่วไป,1
โมร็อกโก,ช่างเทคนิควิศวกรรมการผลิต,1
โมร็อกโก,ช่างซ่อมเครื่องมือหนัก,1
โมร็อกโก,พนักงานขับรถจักรและช่างไฟ,1
โมร็อกโก,ผู้จัดการฝ่ายการเงินและบัญชี;ผู้จัดการฝ่ายการเงิน,1
โมร็อกโก,วิศวกรโยธาทั่วไป,1
โมร็อกโก,ช่างเครื่องยนต์ทั่วไป;ช่างซ่อมเครื่องจักรกลโลหะทั่วไป,1
โมร็อกโก,วิศวกร,1
โมร็อกโก,พ่อครัวอาหารไทย,1
โมร็อกโก,เจาะและระเบิดหิน,1
โมร็อกโก,ช่างซ่อมเครื่องยนต์,1
โมร็อกโก,ผู้ควบคุมงานผลิต และหัวหน้าคนงานทั่วไป(หมวดอาชีพ),1
โมร็อกโก,ช่างประกอบโครงสร้าง,1
โมร็อกโก,ช่างซ่อมบำรุง,1
โมร็อกโก,หัวหน้างานติดตั้งโครงสร้าง,1
โมร็อกโก,กุ๊ก (อาหารไทย),1
โมร็อกโก,ผู้จัดการ,1
โมร็อกโก,นวดแผนโบราณ,57
สหราชอาณาจักร,นวดแผนโบราณ,32
สหราชอาณาจักร,ช่างทำเพชรพลอยทั่วไป,3
สหราชอาณาจักร,ช่างฝังเพชรพลอย,3
สหราชอาณาจักร,ช่างทองและช่างเงิน,3
สหราชอาณาจักร,ช่างเงิน (สร้อยและเครื่องประดับ),1
สหราชอาณาจักร,ช่างทำแม่พิมพ์,1
สหราชอาณาจักร,ผลิตกล่องใส่เครื่องประดับเพชรพลอย,1
สหราชอาณาจักร,คนงานผลิตผลิตภัณฑ์ทั่วไป,1
สหราชอาณาจักร,คนงานทั่วไป,1
สหราชอาณาจักร,ผู้จัดการทั่วไป,1
สหราชอาณาจักร,ช่างหล่อโลหะ,1
สหราชอาณาจักร,กุ๊ก,1
สหราชอาณาจักร,พนักงานออกแบบรถยนต์,1
สหราชอาณาจักร,ช่างเจียระไนและขัดเพชรพลอย,1
สหราชอาณาจักร,กุ๊ก (อาหารไทย),1
โมซัมบิก,ผู้ช่วยพนักงานเสริฟ,10
โมซัมบิก,พนักงานบริการเครื่องดื่ม,7
โมซัมบิก,พนักงานเสริฟ พนักงานปรุงและเสริฟเครื่องดื่ม และอื่น ๆ,6
โมซัมบิก,พนักงานเสริฟ,5
โมซัมบิก,พนักงานต้อนรับ,3
โมซัมบิก,กุ๊ก,3
โมซัมบิก,พ่อครัวอาหารไทย,2
โมซัมบิก,พนักงานปรุงและเสริฟเครื่องดื่ม,2
โมซัมบิก,ผู้จัดการด้านฝึกอบรม,1
โมซัมบิก,ผู้ช่วยงานบ้าน,1
โมซัมบิก,บริษัทจัดหางานคนประจำเรือ,35
โมซัมบิก,RE-ENTRY,11
โมซัมบิก,เดินทางด้วยตนเอง,1
โมซัมบิก,นายจ้างพาลูกจ้างไปทำงานในต่างประเทศ,1
เซอร์เบีย,ดูแลโดยสถานเอกอัครราชทูตไทยในต่างประเทศ,48
เซอร์เบีย,บริษัทจัดหางานคนประจำเรือ,35
เซอร์เบีย,RE-ENTRY,11
เซอร์เบีย,เดินทางด้วยตนเอง,1
เซอร์เบีย,นายจ้างพาลูกจ้างไปทำงานในต่างประเทศ,1
เซอร์เบีย,ช่างประกอบท่อ,18
เซอร์เบีย,ช่างประกอบโครงสร้าง,4
เซอร์เบีย,ช่างเชื่อม,3
เซอร์เบีย,พนักงานตรวจสอบ-ควบคุมคุณภาพงาน,3
เซอร์เบีย,หัวหน้าช่างประกอบท่อ,3
เซอร์เบีย,ช่างประปา,2
เซอร์เบีย,ช่างไฟฟ้าทั่วไป,1
เซอร์เบีย,ช่างซ่อมเครื่องยนต์,1
เซอร์เบีย,ผู้จัดการ Q.C. ตรวจสอบ,1
เซอร์เบีย,ช่างติดตั้งโครงสร้าง,1
กรีนแลนด์,ผู้ช่วยพนักงานเสริฟ,10
กรีนแลนด์,พนักงานบริการเครื่องดื่ม,7
กรีนแลนด์,พนักงานเสริฟ พนักงานปรุงและเสริฟเครื่องดื่ม และอื่น ๆ,6
กรีนแลนด์,พนักงานเสริฟ,5
กรีนแลนด์,พนักงานต้อนรับ,3
กรีนแลนด์,กุ๊ก,3
กรีนแลนด์,พนักงานปรุงและเสริฟเครื่องดื่ม,2
กรีนแลนด์,พ่อครัวอาหารไทย,2
กรีนแลนด์,หัวหน้าพ่อครัวมือ 1,1
กรีนแลนด์,กุ๊ก (อาหารไทย),1
กรีนแลนด์,พ่อครัวชั้นหนึ่ง,1
กรีนแลนด์,ทำความสะอาด,1
กรีนแลนด์,บาร์เทนเดอร์  ชาย/หญิง,1
กรีนแลนด์,พนักงานดูแลสระน้ำ,1
กรีนแลนด์,ผู้จัดการ,1
กรีนแลนด์,ผู้จัดการด้านฝึกอบรม,1
กรีนแลนด์,ผู้ช่วยงานบ้าน,1
กรีนแลนด์,นวดแผนโบราณ,1
กรีนแลนด์,ช่างประกอบท่อ,18
กรีนแลนด์,ช่างประกอบโครงสร้าง,4
กรีนแลนด์,ช่างเชื่อม,3
กรีนแลนด์,พนักงานตรวจสอบ-ควบคุมคุณภาพงาน,3
กรีนแลนด์,หัวหน้าช่างประกอบท่อ,3
กรีนแลนด์,ช่างประปา,2
กรีนแลนด์,หัวหน้างานทั่วไป,1
กรีนแลนด์,พนง.ขับรถแมคโคร,1
กรีนแลนด์,ช่างไฟฟ้าทั่วไป,1
กรีนแลนด์,หัวหน้างานก่อสร้าง,1
กรีนแลนด์,ช่างซ่อมเครื่องยนต์,1
กรีนแลนด์,ผู้ควบคุมงานเครื่องกล,1
กรีนแลนด์,พนักงานขับรถแทรคเตอร์,1
กรีนแลนด์,ช่างประกอบเครื่องมือไฟฟ้าและอิเลกทรอนิกส์,1
กรีนแลนด์,ช่างติดตั้งเครื่องจักร,1
กรีนแลนด์,หัวหน้างานติดตั้งโครงสร้าง,1
กรีนแลนด์,ผู้จัดการ Q.C. ตรวจสอบ,1
กรีนแลนด์,ช่างติดตั้งโครงสร้าง,1
กรีนแลนด์,ผู้ประสานงาน(ด้านใด  ลงสาขาอาชีพนั้น),1
กรีนแลนด์,ดูแลโดยสถานเอกอัครราชทูตไทยในต่างประเทศ,46
กรีนแลนด์,ดูแลโดยสถานเอกอัครราชทูตไทยในต่างประเทศ,44
ปาปัวนิวกินี,นวดแผนโบราณ,32
ปาปัวนิวกินี,ผู้ช่วยกุ๊ก,5
ปาปัวนิวกินี,ช่างเชื่อม,3
ปาปัวนิวกินี,กุ๊ก (อาหารไทย),2
ปาปัวนิวกินี,พ่อครัวชั้นหนึ่ง,1
ปาปัวนิวกินี,ผู้ช่วยพ่อครัว,1
ปาปัวนิวกินี,กุ๊ก,17
ปาปัวนิวกินี,กุ๊ก (อาหารไทย),9
ปาปัวนิวกินี,นวดแผนโบราณ,5
ปาปัวนิวกินี,ผลิตผลิตภัณฑ์อาหารแช่แข็ง,1
ปาปัวนิวกินี,พ่อครัวอาหารไทย,1
ปาปัวนิวกินี,พนักงานเสริฟ,1
ปาปัวนิวกินี,บาร์เทนเดอร์  ชาย/หญิง,1
ปาปัวนิวกินี,คนงานทั่วไป,1
ปาปัวนิวกินี,ผู้ปรุงอาหาร และเครื่องดื่ม พนักงานเสริฟ,1
ปาปัวนิวกินี,ผู้จัดการทั่วไป,1
ปาปัวนิวกินี,ผู้จัดการและผู้ควบคุมดูแลบริการขายอาหารและที่พักอาศัย(หมวดอาชีพ),1
ปาปัวนิวกินี,พนักงานในครัว,1
ไนจีเรีย,ดูแลโดยสถานเอกอัครราชทูตไทยในต่างประเทศ,41
ไนจีเรีย,สนร.ฮ่องกง,41
ไนจีเรีย,ช่างตั้งและใช้เครื่องมือกลอื่น ๆ,3
ไนจีเรีย,นายเรือ; นายท้าย; กัปตันเรือ,3
ไนจีเรีย,กุ๊ก,3
ไนจีเรีย,พ่อครัวชั้นหนึ่ง,3
ไนจีเรีย,พนักงานขับรถ,2
ไนจีเรีย,ช่างเครื่องประจำเรือ,2
ไนจีเรีย,ผู้จัดการทั่วไป,2
ไนจีเรีย,นวดแผนโบราณ,2
ไนจีเรีย,กลาสีเรือ,2
ไนจีเรีย,ช่างซ่อมบำรุง,2
ไนจีเรีย,ผู้จัดการฝ่ายบุคคล,2
ไนจีเรีย,เลขานุการ,1
ไนจีเรีย,ผู้จัดการฝ่ายการตลาด,1
ไนจีเรีย,พนักงานเครื่องคอมพิวเตอร์อิเลกทรอนิกส์,1
ไนจีเรีย,ผู้จัดการและหัวหน้าฝ่ายพัสดุและคลังสินค้า,1
ไนจีเรีย,ผู้ช่วยผู้จัดการ,1
ไนจีเรีย,กลาสีปากเรือ,1
ไนจีเรีย,วิศวกรไฟฟ้าและอิเลกทรอนิกส์อื่น ๆ,1
ไนจีเรีย,กรรมการผู้จัดการ,1
ไนจีเรีย,ประติมากร จิตรกร ช่างภาพ และศิลปินเชิงประดิษฐ์ที่เกี่ยวกัน,1
ไนจีเรีย,ช่างกลึงอัดโลหะ,1
ไนจีเรีย,ลูกเรือทั่วไป,1
ไนจีเรีย,ช่างเทคนิค,1
ไนจีเรีย,ช่างเครื่องยนต์ทั่วไป;ช่างซ่อมเครื่องจักรกลโลหะทั่วไป,1
ไนจีเรีย,ช่างเสริมสวย,1
ไนจีเรีย,ผู้จัดการค้าส่ง,1
อียิปต์,พิจิตร,5
อียิปต์,ชลบุรี,3
อียิปต์,นครสวรรค์,3
อียิปต์,สมุทรปราการ,3
อียิปต์,ระยอง,2
อียิปต์,นครราชสีมา,2
อียิปต์,นนทบุรี,2
อียิปต์,เพชรบูรณ์,2
อียิปต์,อุตรดิตถ์,2
อียิปต์,บุรีรัมย์,2
อียิปต์,สระบุรี,1
อียิปต์,ลพบุรี,1
อียิปต์,เชียงใหม่,1
อียิปต์,ลำปาง,1
อียิปต์,น่าน,1
อียิปต์,อุดรธานี,1
อียิปต์,ตาก,1
อียิปต์,หนองบัวลำภู,1
อียิปต์,ชัยนาท,1
อียิปต์,สุพรรณบุรี,1
อียิปต์,ปราจีนบุรี,1
อียิปต์,ปทุมธานี,1
อียิปต์,พิษณุโลก,1
อียิปต์,สุรินทร์,1
อียิปต์,กรุงเทพมหานคร,1
อียิปต์,ช่างเชื่อม,22
อียิปต์,กุ๊ก,3
อียิปต์,วิศวกร,3
อียิปต์,ช่างประกอบท่อ,2
อียิปต์,หัวหน้าช่างเชื่อม,2
อียิปต์,กุ๊ก (อาหารญีปุ่น),1
อียิปต์,คนงานทั่วไป,1
อียิปต์,พนักงานควบคุมการผลิต,1
อียิปต์,พ่อครัวชั้นหนึ่ง,1
อียิปต์,ช่างเทคนิค,1
อียิปต์,ผู้จัดการ Q.C. ตรวจสอบ,1
อียิปต์,ผู้จัดการแผนกห้องอาหาร,1
อียิปต์,วิศวกรการผลิต,1
อียิปต์,ผู้จัดการทั่วไป,1
เบอร์มิวดา,นวดแผนโบราณ,16
เบอร์มิวดา,ช่างบัดกรี,6
เบอร์มิวดา,กุ๊ก,3
เบอร์มิวดา,กุ๊ก (อาหารไทย),3
เบอร์มิวดา,ช่างประกอบท่อ,3
เบอร์มิวดา,ช่างเชื่อม,2
เบอร์มิวดา,กุ๊ก (อาหารญีปุ่น),1
เบอร์มิวดา,กุ๊ก (อาหารจีน),1
เบอร์มิวดา,พนักงานทั่วไป,1
เบอร์มิวดา,ช่างประกอบผลิตภัณฑ์โลหะทั่วไป,1
เบอร์มิวดา,ช่างทองและช่างเงิน,1
เบอร์มิวดา,ช่างประกอบโครงสร้าง,1
เบอร์มิวดา,นักกายภาพบำบัด;พนักงานกายภาพบำบัด,1
เบอร์มิวดา,สนร.ซาอุดิอาระเบีย,40
หมู่เกาะนอร์เทิร์นมาเรียนา,ดูแลโดยสถานเอกอัครราชทูตไทยในต่างประเทศ,41
หมู่เกาะนอร์เทิร์นมาเรียนา,นวดแผนโบราณ,12
หมู่เกาะนอร์เทิร์นมาเรียนา,พนักงานเสริฟ,5
หมู่เกาะนอร์เทิร์นมาเรียนา,กุ๊ก,3
หมู่เกาะนอร์เทิร์นมาเรียนา,พนักงานบริการห้องอาหาร,2
หมู่เกาะนอร์เทิร์นมาเรียนา,ผู้ช่วยพนักงานเสริฟ,2
หมู่เกาะนอร์เทิร์นมาเรียนา,เชฟ เดอ ปาร์ดี้ ชาย,2
หมู่เกาะนอร์เทิร์นมาเรียนา,บาร์เทนเดอร์  ชาย/หญิง,2
หมู่เกาะนอร์เทิร์นมาเรียนา,พนักงานบริการประจำบุฟเฟ่ต์,1
หมู่เกาะนอร์เทิร์นมาเรียนา,ผู้ดูแลงาน,1
หมู่เกาะนอร์เทิร์นมาเรียนา,ผู้ประสานงานการท่องเที่ยว,1
หมู่เกาะนอร์เทิร์นมาเรียนา,พนักงานบัญชีทั่วไป,1
หมู่เกาะนอร์เทิร์นมาเรียนา,ผู้ควบคุมดูแลเสมียนพนักงานอื่น ๆ,1
หมู่เกาะนอร์เทิร์นมาเรียนา,พนักงานต้อนรับ,1
หมู่เกาะนอร์เทิร์นมาเรียนา,กุ๊ก (อาหารไทย),1
หมู่เกาะนอร์เทิร์นมาเรียนา,ผู้ทำเบียร์ เหล้าไวน์ และเครื่องดื่มอื่น ๆ,1
หมู่เกาะนอร์เทิร์นมาเรียนา,พนักงานทำความสะอาดห้องพัก,1
หมู่เกาะนอร์เทิร์นมาเรียนา,บริกรหญิง,1
ลัตเวีย,นวดแผนโบราณ,16
ลัตเวีย,ช่างบัดกรี,6
ลัตเวีย,กุ๊ก,3
ลัตเวีย,กุ๊ก (อาหารไทย),3
ลัตเวีย,ช่างประกอบท่อ,3
ลัตเวีย,ช่างเชื่อม,2
ลัตเวีย,กุ๊ก (อาหารจีน),1
ลัตเวีย,ช่างประกอบผลิตภัณฑ์โลหะทั่วไป,1
ลัตเวีย,ช่างทองและช่างเงิน,1
ลัตเวีย,ช่างประกอบโครงสร้าง,1
ลัตเวีย,ดูแลโดยสถานเอกอัครราชทูตไทยในต่างประเทศ,38
ลัตเวีย,สนร.ฮ่องกง,36
ลัตเวีย,นวดแผนโบราณ,26
ลัตเวีย,กุ๊ก,4
ลัตเวีย,ผู้ช่วยกุ๊ก,2
ลัตเวีย,ช่างซ่อมตัวถังรถยนต์,1
ลัตเวีย,ช่างเชื่อม,1
ลัตเวีย,พนักงานรับ-จ่ายเงิน(สำนักงานหรือที่ทำการ),1
ลัตเวีย,แม่บ้าน,1
ลัตเวีย,นครพนม,7
ลัตเวีย,อุบลราชธานี,4
ลัตเวีย,บุรีรัมย์,3
ลัตเวีย,นครราชสีมา,3
ลัตเวีย,กรุงเทพมหานคร,3
ลัตเวีย,ขอนแก่น,3
ลัตเวีย,สุรินทร์,3
ลัตเวีย,ศรีสะเกษ,2
ลัตเวีย,กาฬสินธุ์,1
ลัตเวีย,สระแก้ว,1
ลัตเวีย,พิจิตร,1
ลัตเวีย,ชัยภูมิ,1
ลัตเวีย,สุราษฎร์ธานี,1
ลัตเวีย,ระนอง,1
ลัตเวีย,ภูเก็ต,1
ลัตเวีย,นครนายก,1
บัลแกเรีย,นวดแผนโบราณ,31
บัลแกเรีย,กรรมการผู้จัดการ,1
บัลแกเรีย,นครพนม,7
บัลแกเรีย,อุบลราชธานี,4
บัลแกเรีย,บุรีรัมย์,3
บัลแกเรีย,นครราชสีมา,3
บัลแกเรีย,กรุงเทพมหานคร,3
บัลแกเรีย,ขอนแก่น,3
บัลแกเรีย,สุรินทร์,3
บัลแกเรีย,ศรีสะเกษ,2
บัลแกเรีย,กาฬสินธุ์,1
บัลแกเรีย,สระแก้ว,1
บัลแกเรีย,พิจิตร,1
บัลแกเรีย,ชัยภูมิ,1
บัลแกเรีย,สุราษฎร์ธานี,1
บัลแกเรีย,ระนอง,1
บัลแกเรีย,ภูเก็ต,1
บัลแกเรีย,นครนายก,1
เลบานอน,นวดแผนโบราณ,26
เลบานอน,กุ๊ก,4
เลบานอน,ผู้ช่วยกุ๊ก,2
เลบานอน,ช่างซ่อมตัวถังรถยนต์,1
เลบานอน,ช่างเชื่อม,1
เลบานอน,พนักงานรับ-จ่ายเงิน(สำนักงานหรือที่ทำการ),1
เลบานอน,แม่บ้าน,1
เลบานอน,ดูแลโดยสถานเอกอัครราชทูตไทยในต่างประเทศ,28
เลบานอน,นวดแผนโบราณ,28
เลบานอน,ดูแลโดยสถานเอกอัครราชทูตไทยในต่างประเทศ,32
โคลอมเบีย,ดูแลโดยสถานเอกอัครราชทูตไทยในต่างประเทศ,27
โคลอมเบีย,นวดแผนโบราณ,12
โคลอมเบีย,ช่างเจียระไนและขัดเพชรพลอย,4
โคลอมเบีย,ช่างฝังเพชรพลอย,3
โคลอมเบีย,กุ๊ก,3
โคลอมเบีย,กุ๊ก (อาหารญีปุ่น),1
โคลอมเบีย,ช่างทองและช่างเงิน,1
โคลอมเบีย,ช่างเงิน (สร้อยและเครื่องประดับ),1
โคลอมเบีย,ทำความสะอาด,1
โคลอมเบีย,คนงานทั่วไป,1
ออสเตรเลีย,นวดแผนโบราณ,12
ออสเตรเลีย,ช่างเจียระไนและขัดเพชรพลอย,4
ออสเตรเลีย,ช่างฝังเพชรพลอย,3
ออสเตรเลีย,กุ๊ก,3
ออสเตรเลีย,กุ๊ก (อาหารญีปุ่น),1
ออสเตรเลีย,ช่างทองและช่างเงิน,1
ออสเตรเลีย,ช่างเงิน (สร้อยและเครื่องประดับ),1
ออสเตรเลีย,ทำความสะอาด,1
ออสเตรเลีย,คนงานทั่วไป,1
ออสเตรเลีย,นวดแผนโบราณ,26
ออสเตรเลีย,นวดแผนโบราณ,31
ออสเตรเลีย,กรรมการผู้จัดการ,1
ออสเตรเลีย,ดูแลโดยสถานเอกอัครราชทูตไทยในต่างประเทศ,26
เซเชลส์,ดูแลโดยสถานเอกอัครราชทูตไทยในต่างประเทศ,26
เซเชลส์,พนักงานทำความสะอาดห้องพัก,3
เซเชลส์,ช่างเชื่อม,3
เซเชลส์,วิศวกรอื่น ๆ,3
เซเชลส์,บาร์เทนเดอร์  ชาย/หญิง,2
เซเชลส์,กุ๊ก,2
เซเชลส์,นวดแผนโบราณ,1
เซเชลส์,หญิงเลี้ยงเด็ก,1
เซเชลส์,ช่างซ่อมเครื่องจักรกล (ยานยนต์),1
เซเชลส์,บริกรชาย,1
เซเชลส์,คนงานทั่วไป,1
เซเชลส์,ช่างเทคนิค,1
เซเชลส์,ช่างซ่อมเครื่องมือและเครื่องวัด,1
เซเชลส์,วิศวกร,1
เซเชลส์,ช่างเทคนิควิศวกรรมไฟฟ้าและ อิเลกทรอนิกส์,1
เซเชลส์,พนักงานดูแลห้องพัก,1
เซเชลส์,กุ๊ก (เบเกอรี่),1
เซเชลส์,พนักงานเสริฟ พนักงานปรุงและเสริฟเครื่องดื่ม,1
เซเชลส์,พนักงานเสริฟ,1
หมู่เกาะเคย์แมน,ช่างไม้ (ก่อสร้าง),6
หมู่เกาะเคย์แมน,กุ๊ก (อาหารไทย),2
หมู่เกาะเคย์แมน,นวดแผนโบราณ,2
หมู่เกาะเคย์แมน,คนงานทั่วไป,2
หมู่เกาะเคย์แมน,กุ๊ก,2
หมู่เกาะเคย์แมน,ผู้ช่วยผู้จัดการทั่วไป,1
หมู่เกาะเคย์แมน,ช่างแต่งเล็บ,1
หมู่เกาะเคย์แมน,พนักงานโรงงาน(ซึ่งมิได้จัดประเภทไว้),1
หมู่เกาะเคย์แมน,ผู้จัดการทั่วไป,1
หมู่เกาะเคย์แมน,ผลิตอาหารสำเร็จรูป,1
หมู่เกาะเคย์แมน,ดูแลโดยสถานเอกอัครราชทูตไทยในต่างประเทศ,25
ศรีลังกา,นวดแผนโบราณ,5
ศรีลังกา,กุ๊ก,5
ศรีลังกา,ช่างเสริมสวย,4
ศรีลังกา,พนักงานเสริฟ,3
ศรีลังกา,ช่างแต่งเล็บ,3
ศรีลังกา,ช่างแต่งผม ช่างตัดผม ช่างเสริมสวย และผู้ปฏิบัติงานที่เกี่ยวข,1
ศรีลังกา,กุ๊ก (อาหารไทย),1
ศรีลังกา,กุ๊ก (อาหารญีปุ่น),1
ศรีลังกา,นักกายภาพบำบัด;พนักงานกายภาพบำบัด,1
ศรีลังกา,ดูแลโดยสถานเอกอัครราชทูตไทยในต่างประเทศ,24
โรมาเนีย,คนงานทั่วไป,6
โรมาเนีย,ผู้ปฏิบัติงานก่อสร้างอื่น ๆ,5
โรมาเนีย,กรรมกรหรือคนงานอื่น ๆ,3
โรมาเนีย,เจ้าหน้าที่เทคนิคเคมี,2
โรมาเนีย,หัวหน้างานทั่วไป,1
โรมาเนีย,โฟร์แมนโครงสร้าง,1
โรมาเนีย,ช่างติดกระจก (อาคาร),1
โรมาเนีย,นวดแผนโบราณ,1
โรมาเนีย,กุ๊ก (อาหารไทย),1
อิเควทอเรียลกินี,ดูแลโดยสถานเอกอัครราชทูตไทยในต่างประเทศ,21
อิเควทอเรียลกินี,ผู้ช่วยพ่อครัว,6
อิเควทอเรียลกินี,นวดแผนโบราณ,3
อิเควทอเรียลกินี,คนงานผลิตผลิตภัณฑ์ทั่วไป,2
อิเควทอเรียลกินี,คนงานเกษตร,2
อิเควทอเรียลกินี,กุ๊ก (อาหารไทย),1
อิเควทอเรียลกินี,ผู้ควบคุมงานเครื่องกล,1
อิเควทอเรียลกินี,ผู้ช่วยผู้จัดการ,1
อิเควทอเรียลกินี,คนงานทั่วไป,1
อิเควทอเรียลกินี,ผู้จัดการโครงการ,1
อิเควทอเรียลกินี,วิศวกร,1
เอสวาตินี,ช่างเชื่อม,9
เอสวาตินี,ช่างประกอบท่อ,7
เอสวาตินี,หัวหน้างานทั่วไป,1
เอสวาตินี,หัวหน้าช่างประกอบท่อ,1
เอสวาตินี,ช่างไฟฟ้าทั่วไป,1
เอสวาตินี,ดูแลโดยสถานเอกอัครราชทูตไทยในต่างประเทศ,19
โมนาโก,ช่างเชื่อม,12
โมนาโก,ผู้ช่วยพ่อครัว,2
โมนาโก,พ่อครัวชั้นหนึ่ง,2
โมนาโก,ผู้ประสานงาน,1
โมนาโก,หัวหน้าช่างเชื่อม,1
มาดากัสการ์,รองต้นกล; นายช่างกล,8
มาดากัสการ์,พนักงานเสริฟ,2
มาดากัสการ์,ผู้ช่วยพนักงานเสริฟ,1
มาดากัสการ์,กุ๊ก (อาหารไทย),1
มาดากัสการ์,ต้นกลเรือ,1
มาดากัสการ์,ทำความสะอาด,1
มาดากัสการ์,นายประจำเรือ ต้นเรือ ต้นหนเรือเดินทะเล,1
มาดากัสการ์,แม่บ้าน,1
มาดากัสการ์,พนักงานทำความสะอาดห้องพัก,1
มาดากัสการ์,ดูแลโดยสถานเอกอัครราชทูตไทยในต่างประเทศ,17
มาดากัสการ์,ช่างเชื่อม,12
มาดากัสการ์,ผู้ช่วยพ่อครัว,2
มาดากัสการ์,พ่อครัวชั้นหนึ่ง,2
มาดากัสการ์,ผู้ประสานงาน,1
มาดากัสการ์,หัวหน้าช่างเชื่อม,1
มาดากัสการ์,บริษัทจัดหางานคนประจำเรือ,10
มาดากัสการ์,RE-ENTRY,3
มาดากัสการ์,VISA RE-ENTRY,3
มาดากัสการ์,เดินทางด้วยตนเอง,1
เอสโตเนีย,นายจ้างพาลูกจ้างไปทำงานในต่างประเทศ,14
เอสโตเนีย,RE-ENTRY,2
เอสโตเนีย,ช่างประกอบท่อ,7
เอสโตเนีย,ช่างประกอบนั่งร้าน,2
เอสโตเนีย,หัวหน้างานทั่วไป,2
เอสโตเนีย,พนักงานนั่งร้าน,2
เอสโตเนีย,วิศวกร,1
เอสโตเนีย,ผู้ควบคุมงานทั่วไป,1
เอสโตเนีย,วิศวกรสำรวจ,1
เอสโตเนีย,บริษัทจัดหางานคนประจำเรือ,10
เอสโตเนีย,RE-ENTRY,3
เอสโตเนีย,VISA RE-ENTRY,3
เอสโตเนีย,เดินทางด้วยตนเอง,1
เอสโตเนีย,ดูแลโดยสถานเอกอัครราชทูตไทยในต่างประเทศ,16
หมู่เกาะเติกส์และเคคอส,ดูแลโดยสถานเอกอัครราชทูตไทยในต่างประเทศ,16
หมู่เกาะเติกส์และเคคอส,นวดแผนโบราณ,16
เคนยา,ดูแลโดยสถานเอกอัครราชทูตไทยในต่างประเทศ,16
กานา,นวดแผนโบราณ,5
กานา,กุ๊ก,2
กานา,กุ๊ก (อาหารไทย),1
กานา,แม่บ้าน,1
กานา,ผู้ช่วยพ่อครัว,1
กานา,พ่อครัวชั้นหนึ่ง,1
กานา,พ่อครัวอาหารไทย,1
กานา,ช่างเทคนิค,1
กานา,เชฟ เดอ ปาร์ดี้ ชาย,1
กานา,ผู้ช่วยกุ๊ก,1
กานา,นายจ้างพาลูกจ้างไปทำงานในต่างประเทศ,12
กานา,VISA RE-ENTRY,1
กานา,RE-ENTRY,1
กานา,ช่างซ่อมแอร์,1
เบลเยียม,ดูแลโดยสถานเอกอัครราชทูตไทยในต่างประเทศ,14
เบลเยียม,ช่างเชื่อม,6
เบลเยียม,ช่างคุมเตาหลอมแก้ว และเครื่องดินเผาอื่น ๆ,6
เบลเยียม,กุ๊ก,1
เบลเยียม,นวดแผนโบราณ,1
เบลเยียม,นวดแผนโบราณ,4
เบลเยียม,ช่างเชื่อม,3
เบลเยียม,ผู้ช่วยช่าง,2
เบลเยียม,พนักงานเครื่องตอกเสาเข็ม,1
เบลเยียม,พนักงานรับ-จ่ายเงิน(โต๊ะรับเงินสด),1
เบลเยียม,ช่างประกอบท่อ,1
เบลเยียม,พนักงานต้อนรับ,1
เบลเยียม,ผู้จัดการทั่วไป,1
เบลเยียม,นายจ้างพาลูกจ้างไปทำงานในต่างประเทศ,12
เบลเยียม,VISA RE-ENTRY,1
เบลเยียม,RE-ENTRY,1
ภูฏาน,ควาญช้าง,5
ภูฏาน,กุ๊ก,3
ภูฏาน,กุ๊ก (อาหารไทย),1
ภูฏาน,วิศวกรอื่น ๆ,1
ภูฏาน,ช่างแกะสลักไม้,1
ภูฏาน,ผู้ช่วยกุ๊ก,1
ภูฏาน,ผู้จัดการทั่วไป,1
ภูฏาน,แม่บ้าน,1
ภูฏาน,ตาก,5
ภูฏาน,กรุงเทพมหานคร,2
ภูฏาน,นครพนม,2
ภูฏาน,ระยอง,1
ภูฏาน,เชียงใหม่,1
ภูฏาน,สุรินทร์,1
ภูฏาน,สงขลา,1
ภูฏาน,พระนครศรีอยุธยา,1
เอธิโอเปีย,ช่างประปา,4
เอธิโอเปีย,หัวหน้างานทั่วไป,3
เอธิโอเปีย,ช่างไฟฟ้าทั่วไป,2
เอธิโอเปีย,ช่างท่อทั่วไป,1
เอธิโอเปีย,ช่างปูน,1
เอธิโอเปีย,ผู้ควบคุมงาน งานก่อสร้าง,1
เอธิโอเปีย,ช่างไม้ (ก่อสร้าง),1
ไอซ์แลนด์,ดูแลโดยสถานเอกอัครราชทูตไทยในต่างประเทศ,13
ไอซ์แลนด์,ช่างคุมเตาหลอมแก้ว และเครื่องดินเผาอื่น ๆ,8
ไอซ์แลนด์,ช่างเชื่อม,2
ไอซ์แลนด์,หัวหน้างานไฟฟ้า,1
ไอซ์แลนด์,ช่างไฟฟ้าทั่วไป,1
ไอซ์แลนด์,นวดแผนโบราณ,1
ไอซ์แลนด์,นายจ้างพาลูกจ้างไปทำงานในต่างประเทศ,10
ไอซ์แลนด์,RE-ENTRY,2
ไอซ์แลนด์,เดินทางด้วยตนเอง,1
เม็กซิโก,พนักงานทั่วไป,5
เม็กซิโก,คนงานเกษตร,3
เม็กซิโก,กุ๊ก (อาหารไทย),2
เม็กซิโก,หัวหน้าแผนกแม่บ้าน,1
เม็กซิโก,เกษตรกรทั่วไป,1
เม็กซิโก,ดูแลโดยสถานเอกอัครราชทูตไทยในต่างประเทศ,12
เบลารุส,ดูแลโดยสถานเอกอัครราชทูตไทยในต่างประเทศ,14
เบลารุส,นวดแผนโบราณ,4
เบลารุส,กุ๊ก,2
เบลารุส,ช่างเชื่อม,2
เบลารุส,ช่างเชื่อมท่อ,1
เบลารุส,พ่อครัวอาหารไทย,1
เบลารุส,เชฟ เดอ ปาร์ดี้ ชาย,1
เบลารุส,หัวหน้าพนักงานเสริฟ,1
ซูดาน,ช่างประปา,4
ซูดาน,หัวหน้างานทั่วไป,3
ซูดาน,ช่างไฟฟ้าทั่วไป,2
ซูดาน,ช่างท่อทั่วไป,1
ซูดาน,ช่างปูน,1
ซูดาน,ผู้ควบคุมงาน งานก่อสร้าง,1
ซูดาน,ช่างไม้ (ก่อสร้าง),1
ซูดาน,นวดแผนโบราณ,11
ซูดาน,ดูแลโดยสถานเอกอัครราชทูตไทยในต่างประเทศ,11
ซูดาน,นวดแผนโบราณ,4
ซูดาน,ช่างเชื่อม,3
ซูดาน,ผู้ช่วยช่าง,2
ซูดาน,พนักงานเครื่องตอกเสาเข็ม,1
ซูดาน,พนักงานรับ-จ่ายเงิน(โต๊ะรับเงินสด),1
ซูดาน,ช่างประกอบท่อ,1
ซูดาน,พนักงานต้อนรับ,1
ซูดาน,ผู้จัดการทั่วไป,1
ซูดาน,ดูแลโดยสถานเอกอัครราชทูตไทยในต่างประเทศ,12
บราซิล,นายประจำเรือ ต้นเรือ ต้นหนเรือเดินทะเล,3
บราซิล,รองต้นกล; นายช่างกล,2
บราซิล,สรั่งช่างกลเรือ,2
บราซิล,ผู้ช่วยกุ๊ก,1
บราซิล,ต้นกลเรือ,1
บราซิล,แม่บ้าน,1
บราซิล,บริษัทจัดหางานคนประจำเรือ,9
บราซิล,VISA RE-ENTRY,1
บราซิล,ดูแลโดยสถานเอกอัครราชทูตไทยในต่างประเทศ,10
อาเซอร์ไบจาน,ดูแลโดยสถานเอกอัครราชทูตไทยในต่างประเทศ,9
อาเซอร์ไบจาน,วิศวกร,2
อาเซอร์ไบจาน,ช่างประกอบนั่งร้าน,1
อาเซอร์ไบจาน,ผู้จัดการโครงการ,1
อาเซอร์ไบจาน,ผู้จัดการระบบข้อมูลข่าวสาร,1
อาเซอร์ไบจาน,ช่างเทคนิควิศวกรรมเครื่องกล,1
อาเซอร์ไบจาน,ช่างเชื่อม,1
อาเซอร์ไบจาน,คนงานผลิตผลิตภัณฑ์ทั่วไป,1
อาเซอร์ไบจาน,นวดแผนโบราณ,1
บาฮามาส,นครพนม,2
บาฮามาส,ชัยภูมิ,1
บาฮามาส,ลำปาง,1
บาฮามาส,พิจิตร,1
บาฮามาส,อุบลราชธานี,1
บาฮามาส,กรุงเทพมหานคร,1
บาฮามาส,พระนครศรีอยุธยา,1
บาฮามาส,นนทบุรี,1
บาฮามาส,ดูแลโดยสถานเอกอัครราชทูตไทยในต่างประเทศ,9
บาฮามาส,ดูแลโดยสถานเอกอัครราชทูตไทยในต่างประเทศ,13
บาฮามาส,นวดแผนโบราณ,4
บาฮามาส,กุ๊ก,2
บาฮามาส,โฟร์แมน,1
บาฮามาส,ช่างเชื่อม,1
บาฮามาส,พนักงานตรวจสอบ-ควบคุมคุณภาพงาน,1
ตรินิแดดและโตเบโก,วิศวกร,2
ตรินิแดดและโตเบโก,ช่างประกอบนั่งร้าน,1
ตรินิแดดและโตเบโก,ผู้จัดการโครงการ,1
ตรินิแดดและโตเบโก,ผู้จัดการระบบข้อมูลข่าวสาร,1
ตรินิแดดและโตเบโก,ช่างเทคนิควิศวกรรมเครื่องกล,1
ตรินิแดดและโตเบโก,ช่างเชื่อม,1
ตรินิแดดและโตเบโก,คนงานผลิตผลิตภัณฑ์ทั่วไป,1
ตรินิแดดและโตเบโก,นวดแผนโบราณ,1
ตรินิแดดและโตเบโก,ดูแลโดยสถานเอกอัครราชทูตไทยในต่างประเทศ,9
ตรินิแดดและโตเบโก,บริษัทจัดหางานคนประจำเรือ,6
ตรินิแดดและโตเบโก,RE-ENTRY,3
ตรินิแดดและโตเบโก,พนักงานเสริฟ,2
ตรินิแดดและโตเบโก,พนักงานบริการเครื่องดื่ม,1
ตรินิแดดและโตเบโก,ผู้ช่วยพนักงานเสริฟ,1
ตรินิแดดและโตเบโก,ช่างเทคนิค,1
ตรินิแดดและโตเบโก,ช่างประกอบท่อ,1
ตรินิแดดและโตเบโก,ผู้ช่วยกุ๊ก,1
ตรินิแดดและโตเบโก,ผู้จัดการแผนกอาหารและเครื่องดื่ม,1
ตรินิแดดและโตเบโก,พนักงานบริการห้องอาหาร,1
มอลโดวา,ดูแลโดยสถานเอกอัครราชทูตไทยในต่างประเทศ,9
มอลโดวา,พนักงานเสริฟ,2
มอลโดวา,พนักงานบริการเครื่องดื่ม,1
มอลโดวา,ผู้ช่วยพนักงานเสริฟ,1
มอลโดวา,ช่างเทคนิค,1
มอลโดวา,ช่างประกอบท่อ,1
มอลโดวา,ผู้ช่วยกุ๊ก,1
มอลโดวา,ผู้จัดการแผนกอาหารและเครื่องดื่ม,1
มอลโดวา,พนักงานบริการห้องอาหาร,1
เปรู,กาฬสินธุ์,2
เปรู,อุดรธานี,1
เปรู,หนองบัวลำภู,1
เปรู,ระยอง,1
เปรู,บุรีรัมย์,1
เปรู,เชียงใหม่,1
เปรู,สุพรรณบุรี,1
เปรู,ดูแลโดยสถานเอกอัครราชทูตไทยในต่างประเทศ,8
เปรู,นวดแผนโบราณ,8
เปรู,ช่างเชื่อม,7
เปรู,ช่างประกอบโครงสร้าง,1
เปรู,กุ๊ก,1
แองโกลา,ช่างเชื่อม,5
แองโกลา,ผู้ช่วยช่าง,1
แองโกลา,ผู้ช่วยกุ๊ก,1
แองโกลา,กุ๊ก,1
แองโกลา,ดูแลโดยสถานเอกอัครราชทูตไทยในต่างประเทศ,8
ลิเบีย,นายประจำเรือ ต้นเรือ ต้นหนเรือเดินทะเล,3
ลิเบีย,รองต้นกล; นายช่างกล,2
ลิเบีย,สรั่งช่างกลเรือ,2
ลิเบีย,ผู้ช่วยกุ๊ก,1
ลิเบีย,ต้นกลเรือ,1
ลิเบีย,แม่บ้าน,1
ลิเบีย,วิศวกรอื่น ๆ,2
ลิเบีย,ผู้จัดการทั่วไป,1
ลิเบีย,ช่างเชื่อม,1
ลิเบีย,ช่างเข้าหน้าการพิมพ์,1
ลิเบีย,ช่างเชื่อมด้วยก๊าซและไฟฟ้า,1
ลิเบีย,หัวหน้างานทั่วไป,1
ลิเบีย,ช่างเชื่อม,5
ลิเบีย,ผู้ช่วยช่าง,1
ลิเบีย,กุ๊ก,1
ปารากวัย,หนองบัวลำภู,1
ปารากวัย,ลำปาง,1
ปารากวัย,นครราชสีมา,1
ปารากวัย,พิษณุโลก,1
ปารากวัย,สุโขทัย,1
ปารากวัย,อุทัยธานี,1
ปารากวัย,สิงห์บุรี,1
ปารากวัย,ช่างประกอบท่อ,2
ปารากวัย,ช่างกลึงอัดโลหะ,1
ปารากวัย,ช่างซ่อมเครื่องยนต์,1
ปารากวัย,ผู้ช่วยช่างไฟฟ้าแอร์คอนดิชั่น,1
ปารากวัย,ช่างเชื่อม,1
ปารากวัย,พนักงานขับรถเครน,1
ปารากวัย,ดูแลโดยสถานเอกอัครราชทูตไทยในต่างประเทศ,7
หมู่เกาะมาร์แชลล์,ดูแลโดยสถานเอกอัครราชทูตไทยในต่างประเทศ,7
หมู่เกาะมาร์แชลล์,นายจ้างพาลูกจ้างไปทำงานในต่างประเทศ,7
หมู่เกาะมาร์แชลล์,หนองบัวลำภู,1
หมู่เกาะมาร์แชลล์,ลำปาง,1
หมู่เกาะมาร์แชลล์,นครราชสีมา,1
หมู่เกาะมาร์แชลล์,พิษณุโลก,1
หมู่เกาะมาร์แชลล์,สุโขทัย,1
หมู่เกาะมาร์แชลล์,อุทัยธานี,1
หมู่เกาะมาร์แชลล์,สิงห์บุรี,1
ออสเตรีย,ช่างคุมเตาหลอมแก้ว และเครื่องดินเผาอื่น ๆ,5
ออสเตรีย,ช่างเชื่อม,2
ออสเตรีย,นายจ้างพาลูกจ้างไปทำงานในต่างประเทศ,7
ออสเตรีย,พนักงานบริการเครื่องดื่ม,2
ออสเตรีย,พนักงานเสริฟ,2
ออสเตรีย,พนักงานทำความสะอาดห้องพัก,1
ออสเตรีย,คนงานทั่วไป,1
ออสเตรีย,บริษัทจัดหางานคนประจำเรือ,5
ออสเตรีย,เดินทางด้วยตนเอง,1
ออสเตรีย,ดูแลโดยสถานเอกอัครราชทูตไทยในต่างประเทศ,6
แทนซาเนีย,ดูแลโดยสถานเอกอัครราชทูตไทยในต่างประเทศ,6
แทนซาเนีย,กุ๊ก (อาหารไทย),3
แทนซาเนีย,คนงานทั่วไป,2
แทนซาเนีย,เจ้าหน้าที่ระบบข้อมูล,1
เซอร์เบียและมอนเตเนโกร,กุ๊ก,1
เซอร์เบียและมอนเตเนโกร,กุ๊ก (อาหารญีปุ่น),1
เซอร์เบียและมอนเตเนโกร,กุ๊ก (อาหารไทย),1
เซอร์เบียและมอนเตเนโกร,นวดแผนโบราณ,1
เซอร์เบียและมอนเตเนโกร,คนงานทั่วไป,1
เซอร์เบียและมอนเตเนโกร,ดูแลโดยสถานเอกอัครราชทูตไทยในต่างประเทศ,5
เฟรนช์พอลินีเชีย,พิจิตร,2
เฟรนช์พอลินีเชีย,เลย,1
เฟรนช์พอลินีเชีย,สุโขทัย,1
เฟรนช์พอลินีเชีย,สระบุรี,1
เฟรนช์พอลินีเชีย,ดูแลโดยสถานเอกอัครราชทูตไทยในต่างประเทศ,5
เฟรนช์พอลินีเชีย,ช่างเชื่อม,3
เฟรนช์พอลินีเชีย,นวดแผนโบราณ,2
คอซอวอ,พิจิตร,2
คอซอวอ,เลย,1
คอซอวอ,สุโขทัย,1
คอซอวอ,สระบุรี,1
คอซอวอ,ดูแลโดยสถานเอกอัครราชทูตไทยในต่างประเทศ,4
คอซอวอ,กุ๊ก,2
คอซอวอ,ผู้ช่วยกุ๊ก,2
อิรัก,นวดแผนโบราณ,2
อิรัก,กุ๊ก,1
อิรัก,กุ๊ก (อาหารญีปุ่น),1
อิรัก,ดูแลโดยสถานเอกอัครราชทูตไทยในต่างประเทศ,4
ดีอาร์คองโก,ดูแลโดยสถานเอกอัครราชทูตไทยในต่างประเทศ,4
ดีอาร์คองโก,ช่างปูน,1
ดีอาร์คองโก,ผู้ปฏิบัติงานก่อสร้างอื่น ๆ,1
ดีอาร์คองโก,ช่างไม้ (ก่อสร้าง),1
ดีอาร์คองโก,นวดแผนโบราณ,1
แอลเบเนีย,ดูแลโดยสถานเอกอัครราชทูตไทยในต่างประเทศ,4
สกอตแลนด์,กุ๊ก,3
สกอตแลนด์,นวดแผนโบราณ,1
สกอตแลนด์,ดูแลโดยสถานเอกอัครราชทูตไทยในต่างประเทศ,4
สกอตแลนด์,ช่างไฟฟ้าทั่วไป,1
สกอตแลนด์,ช่างประกอบถังเพรสเชอร์,1
สกอตแลนด์,หัวหน้างานทั่วไป,1
สกอตแลนด์,ลูกเรือทั่วไป,1
ปากีสถาน,กุ๊ก,2
ปากีสถาน,กุ๊ก (อาหารไทย),2
เกาหลีเหนือ,กุ๊ก,1
เกาหลีเหนือ,กุ๊ก (อาหารไทย),1
เกาหลีเหนือ,ผู้ช่วยกุ๊ก,1
เกาหลีเหนือ,นวดแผนโบราณ,1
เกาหลีเหนือ,ดูแลโดยสถานเอกอัครราชทูตไทยในต่างประเทศ,4
มาซิโดเนียเหนือ,คนงานทั่วไป,1
มาซิโดเนียเหนือ,ช่างเหล็ก ช่างทำเครื่องมือและ พนักงานเครื่องมือกล,1
มาซิโดเนียเหนือ,คนงานอุตสาหกรรมทั่วไป,1
มาซิโดเนียเหนือ,ดูแลโดยสถานเอกอัครราชทูตไทยในต่างประเทศ,3
ลิทัวเนีย,กุ๊ก,2
ลิทัวเนีย,นวดแผนโบราณ,1
ลิทัวเนีย,ดูแลโดยสถานเอกอัครราชทูตไทยในต่างประเทศ,3
มองโกเลีย,นวดแผนโบราณ,2
มองโกเลีย,กุ๊ก,1
มองโกเลีย,ดูแลโดยสถานเอกอัครราชทูตไทยในต่างประเทศ,3
มอริเชียส,นวดแผนโบราณ,2
มอริเชียส,ดูแลโดยสถานเอกอัครราชทูตไทยในต่างประเทศ,2
ไอล์ออฟแมน,ดูแลโดยสถานเอกอัครราชทูตไทยในต่างประเทศ,2
ไอล์ออฟแมน,พ่อครัวอาหารไทย,1
ไอล์ออฟแมน,ผู้จัดการทั่วไป,1
ไอล์ออฟแมน,นวดแผนโบราณ,2
ไอร์แลนด์เหนือ,บริษัทจัดหางานคนประจำเรือ,2
ไอร์แลนด์เหนือ,ดูแลโดยสถานเอกอัครราชทูตไทยในต่างประเทศ,2
เอลซัลวาดอร์,บึงกาฬ,1
เอลซัลวาดอร์,ชัยภูมิ,1
รวันดา,ดูแลโดยสถานเอกอัครราชทูตไทยในต่างประเทศ,2
รวันดา,กุ๊ก,1
รวันดา,แม่บ้าน,1
ฟิจิ,กุ๊ก,1
ฟิจิ,ผู้ช่วยกุ๊ก,1
ฟิจิ,ดูแลโดยสถานเอกอัครราชทูตไทยในต่างประเทศ,2
จิบูติ,ช่างประกอบท่อ,2
จิบูติ,กุ๊ก,1
จิบูติ,ผู้ช่วยกุ๊ก,1
หมู่เกาะเวอร์จินของสหรัฐฯ,บริษัทจัดหางานคนประจำเรือ,2
หมู่เกาะเวอร์จินของสหรัฐฯ,ดูแลโดยสถานเอกอัครราชทูตไทยในต่างประเทศ,2
หมู่เกาะเวอร์จินของสหรัฐฯ,ช่างไม้ (ก่อสร้าง),1
หมู่เกาะเวอร์จินของสหรัฐฯ,ช่างไม้ทั่วไป,1
หมู่เกาะเวอร์จินของสหรัฐฯ,ชัยนาท,2
ตองกา,ชัยนาท,2
ตองกา,อำนาจเจริญ,1
ตองกา,เกษตรไร่องุ่น,1
เปอร์โตริโก,พนักงานบริการห้องอาหาร,1
เปอร์โตริโก,ดูแลโดยสถานเอกอัครราชทูตไทยในต่างประเทศ,1
เปอร์โตริโก,อำนาจเจริญ,1
โดมินิกัน,ดูแลโดยสถานเอกอัครราชทูตไทยในต่างประเทศ,1
ยูกันดา,หนองบัวลำภู,1
ยูกันดา,ผู้ช่วยกุ๊ก,1
ชิลี,กุ๊ก (อาหารไทย),1
ชิลี,ผู้ช่วยกุ๊ก,1
ฮ่องกง,คนงานเกษตร,42247
ฮ่องกง,ผลิตผลิตภัณฑ์โลหะ,20864
ฮ่องกง,คนงานอุตสาหกรรมทั่วไป,17296
ฮ่องกง,คนงานทั่วไป,15372
ฮ่องกง,กรรมกรหรือคนงาน,12490
ฮ่องกง,ผู้ปฏิบัติงานก่อสร้างอื่น ๆ,12163
ฮ่องกง,นวดแผนโบราณ,7129
ฮ่องกง,ผลิตชิ้นส่วนอิเลคทรอนิคส์,6592
ฮ่องกง,คนงานผลิตผลิตภัณฑ์ พลาสติก,5120
ฮ่องกง,ผลิตเครื่องจักรกล,4108
ฮ่องกง,คนงานผลิตผลิตภัณฑ์ทั่วไป,4056
ฮ่องกง,ช่างเชื่อม,3831
ฮ่องกง,อุตสาหกรรมผลิตอาหาร,3774
ฮ่องกง,กุ๊ก,3541
ฮ่องกง,คนงานผลิตสิ่งทอ,3532
ฮ่องกง,เกษตรกรทั่วไป,3016
ฮ่องกง,เกษตรกรเก็บผลไม้ป่า,2924
ฮ่องกง,พนักงานบรรจุอาหาร,2473
ฮ่องกง,ชาวประมงและผู้ปฏิบัติงานที่เกี่ยวข้อง,2451
ฮ่องกง,ผลิตอาหารสำเร็จรูป,2433
ฮ่องกง,ช่างไม้ (ก่อสร้าง),2236
ฮ่องกง,ผลิตผลิตภัณฑ์ยาง,1905
ฮ่องกง,ผลิตชิ้นส่วนรถยนต์และรถจักรยานยนต์,1883
ฮ่องกง,ผลิตผลิตภัณฑ์อาหารแช่แข็ง,1781
ฮ่องกง,ผลิตอะไหล่รถจักรยาน,1581
ฮ่องกง,พนักงานต้อนรับบนอากาศยาน,1502
ฮ่องกง,ผลิตอุปกรณ์ชิ้นส่วนรถยนต์,1460
ฮ่องกง,กุ๊ก (อาหารไทย),1347
ฮ่องกง,ผู้ช่วยงานบ้าน,1323
ฮ่องกง,ช่างเหล็ก,1278
ฮ่องกง,พนักงานทั่วไป,1277
ฮ่องกง,ช่างปูกระเบื้อง,1229
ฮ่องกง,แม่บ้าน,1189
ฮ่องกง,ช่างเทคนิค,1130
ฮ่องกง,พนักงานเสริฟ,1119
ฮ่องกง,ผู้อนุบาล,1118
ฮ่องกง,ช่างปูน,1058
ฮ่องกง,ผลิตผลิตภัณฑ์กระดาษ,912
ฮ่องกง,เกษตรกรเก็บผลไม้ในฟาร์ม,912
ฮ่องกง,ผู้ทำงานในสวนเพาะชำและผู้ทำสวนอื่น ๆ,899
ฮ่องกง,ผลิตผลิตภัณฑ์พลาสติก,877
ฮ่องกง,ผลิตผลิตภัณฑ์ซีเมนต์,853
ฮ่องกง,ลูกเรือหาปลา,849
ฮ่องกง,พนักงานโรงงาน(ซึ่งมิได้จัดประเภทไว้),832
ฮ่องกง,ช่างประกอบท่อ,822
ฮ่องกง,ช่างซ่อมบำรุง,790
ฮ่องกง,วิศวกร,762
ฮ่องกง,ผลิตภัณฑ์เคมี' ผลิตเคมีภัณฑ์,756
ฮ่องกง,พ่อครัวชั้นหนึ่ง,705
ฮ่องกง,บรรจุหีบห่อ,668
ฮ่องกง,คนงานในฟาร์มทั่วไป,631
ฮ่องกง,ประกอบอุปกรณ์ไฟฟ้าอิเลคทรอนิกส์,622
ฮ่องกง,พนักงานฝึกงาน,609
ฮ่องกง,ทำความสะอาด,596
ฮ่องกง,ผลิตอุปกรณ์ชิ้นส่วนรถจักรยานยนต์,590
ฮ่องกง,ผู้ทำปลาและอาหารทะเลอื่น ๆ,585
ฮ่องกง,ช่างไม้แบบ,564
ฮ่องกง,พนักงานเครื่องหล่อพลาสติก,563
ฮ่องกง,เกษตรกรพืชไร่และผัก,551
ฮ่องกง,ผลิตอลูมิเนียม,547
ฮ่องกง,พนักงานรับรายการอาหาร,542
ฮ่องกง,กลึงโลหะ,534
ฮ่องกง,ผลิตกระจก,507
ฮ่องกง,ผู้เลี้ยงปศุสัตว์อื่น ๆ,497
ฮ่องกง,ช่างผูกเหล็ก,493
ฮ่องกง,ผลิตเหล็ก,488
ฮ่องกง,ประกอบเครื่องจักรกล,476
ฮ่องกง,ผู้ซักรีดทั่วไป,474
ฮ่องกง,เกษตรไร่องุ่น,454
ฮ่องกง,ช่างเหล็ก (ก่อสร้าง),444
ฮ่องกง,พนักงานตรวจสอบ-ควบคุมคุณภาพงาน,437
ฮ่องกง,ผลิตแก้ว,393
ฮ่องกง,ผลิตแบตเตอรี่,381
ฮ่องกง,ผู้ช่วยกุ๊ก,378
ฮ่องกง,ผู้ดูแลงาน,370
ฮ่องกง,หัวหน้างานทั่วไป,370
ฮ่องกง,ชุบโลหะ,368
ฮ่องกง,ผลิตอุปกรณ์ชิ้นส่วนยานพาหนะ,366
ฮ่องกง,ผลิตเฟอร์นิเจอร์ (ชาย),351
ฮ่องกง,ขัดผิวโลหะ,343
ฮ่องกง,ชาวประมง พราน และผู้ปฏิบัติงานที่เกี่ยวข้อง,324
ฮ่องกง,ผลิตชิ้นส่วนและประกอบเครื่องกำเนิดไฟฟ้า,314
ฮ่องกง,ช่างประกอบโครงสร้าง,300
ฮ่องกง,พนักงานบริการห้องอาหาร,297
ฮ่องกง,ช่างไฟฟ้าทั่วไป,294
ฮ่องกง,กรรมกรหรือคนงานทำงานหนัก,292
ฮ่องกง,ผลิตประกอบยานพาหนะในการขนส่ง,290
ฮ่องกง,พนักงานเสริฟ พนักงานปรุงและเสริฟเครื่องดื่ม และอื่น ๆ,287
ฮ่องกง,ควบคุมเครื่องจักร,285
ฮ่องกง,พนักงานทอผ้า,283
ฮ่องกง,ช่างทาสีอาคาร,281
ฮ่องกง,ผู้จัดการทั่วไป,279
ฮ่องกง,คนงานผลิตสิ่งพิมพ์,274
ฮ่องกง,ประกอบอุปกรณ์ไฟฟ้า,273
ฮ่องกง,พนักงานผลิต ผลิตภัณฑ์หินอ่อน,252
ฮ่องกง,ช่างปูนฉาบ,251
ฮ่องกง,พนักงานต้อนรับ,250
ฮ่องกง,โฟร์แมน,248
ฮ่องกง,ล่าม,243
ฮ่องกง,พนักงานผลิต ผลิตภัณฑ์เซรามิค,238
ฮ่องกง,ผลิตสายไฟฟ้า,237
ฮ่องกง,เครื่องปั้นดินเผา,235
ฮ่องกง,ช่างเสริมสวย,233
ฮ่องกง,วิศวกรอื่น ๆ,232
ฮ่องกง,ช่างประกอบนั่งร้าน,231
ฮ่องกง,นายเรือ; นายท้าย; กัปตันเรือ,228
ฮ่องกง,ผู้ปฏิบัติงานเกี่ยวกับการผลิตซึ่งมิได้จัดประเภทไว้ในที่อื่น,228
ฮ่องกง,ผลิตเหล็กแผ่น,220
ฮ่องกง,พนักงานและคนงานปลูกป่า,219
ฮ่องกง,ผลิตผลิตภัณฑ์ใยแก้ว,215
ฮ่องกง,ประกอบชิ้นส่วนเครื่องใช้ไฟฟ้า,206
ฮ่องกง,กรรมกรหรือคนงานทำงานเบา,202
ฮ่องกง,คนทำสวน,198
ฮ่องกง,ช่างทำขนมปัง,196
ฮ่องกง,พนักงานปรุงและเสริฟเครื่องดื่ม,196
ฮ่องกง,พนักงานขาย,195
ฮ่องกง,ตัดโลหะ,194
ฮ่องกง,ช่างเชื่อมท่อ,191
ฮ่องกง,หล่อเหล็ก,190
ฮ่องกง,ควบคุมเครื่องจักรกล,188
ฮ่องกง,พนักงานขับรถ,180
ฮ่องกง,คนทำความสะอาดอาคาร,178
ฮ่องกง,พนักงานทำความสะอาดห้องพัก,165
ฮ่องกง,ผู้ช่วยพนักงานเสริฟ,163
ฮ่องกง,เกษตรเลี้ยงปศุสัตว์,160
ฮ่องกง,ผลิตภัณฑ์ไม้,160
ฮ่องกง,ผลิตอาหารสัตว์,157
ฮ่องกง,กุ๊ก (อาหารญีปุ่น),155
ฮ่องกง,คนงานชุบโลหะด้วยไฟฟ้า,153
ฮ่องกง,ช่างทำขนมประเภทอบ และช่างทำขนมอื่น ๆ,149
ฮ่องกง,บาร์เทนเดอร์  ชาย/หญิง,148
ฮ่องกง,พนักงานในครัว,145
ฮ่องกง,ช่างพ่นสี,142
ฮ่องกง,ประกอบชิ้นส่วนอิเลคทรอนิกส์,140
ฮ่องกง,ช่างสี (ชั้น 1),137
ฮ่องกง,นักแต่งเพลง นักดนตรี นักร้อง นักแสดง อื่น ๆ,133
ฮ่องกง,ผู้โค่นต้นไม้,131
ฮ่องกง,ผู้ช่วยช่าง,128
ฮ่องกง,พ่อครัวอาหารไทย,128
ฮ่องกง,ผู้ควบคุมงานผลิต หัวหน้าคนงานทั่วไปอื่น ๆ,124
ฮ่องกง,ผู้ปฏิบัติงานเกี่ยวกับการผลิต ซึ่งมิได้จัดประเภทไว้ที่อื่น,119
ฮ่องกง,ผู้เชี่ยวชาญ,116
ฮ่องกง,ผลิตเฟอร์นิเจอร์ไม้,113
ฮ่องกง,ช่างเหล็กเสริมคอนกรีต,113
ฮ่องกง,เกษตรกรสวนผลไม้,113
ฮ่องกง,พนักงานผสมคอนกรีต(ขนาดเล็ก),109
ฮ่องกง,ผู้ช่วยผู้จัดการ,108
ฮ่องกง,พนักงานอุตสาหกรรมผลิตผลิตภัณฑ์ยานยนต์,108
ฮ่องกง,ช่างทำเล่มหนังสือและอื่น ๆ,107
ฮ่องกง,พนง.ขับรถแมคโคร,106
ฮ่องกง,ผลิตประกอบรถจักรยาน,103
ฮ่องกง,ผลิตกล่องกระดาษ,102
ฮ่องกง,พนักงานบริการเครื่องดื่ม,102
ฮ่องกง,คนงานอุตสาหกรรมผลิตเสื้อผ้า,99
ฮ่องกง,ช่างไม้ทั่วไป,98
ฮ่องกง,พนักงานขับรถแมคโคร,97
ฮ่องกง,ช่างฉาบปูนทั่วไป,97
ฮ่องกง,ช่างเครื่องยนต์เบนซิน,96
ฮ่องกง,พนักงานขับรถเครน,94
ฮ่องกง,ปั่นด้าย,92
ฮ่องกง,พนักงานนั่งร้าน,91
ฮ่องกง,ผู้ทำงานกสิกรรมและผู้เลี้ยงสัตว์ อื่น ๆ,90
ฮ่องกง,พนักงานขายของหน้าร้านอื่น ๆ,89
ฮ่องกง,ผู้ปฏิบัติงานอาชีพบริการอื่น ๆ,88
ฮ่องกง,ช่างซ่อมเครื่องยนต์,86
ฮ่องกง,ช่างติดตั้งโครงสร้าง,85
ฮ่องกง,ช่างดัดเหล็ก,85
ฮ่องกง,ช่างทาสี โครงเหล็กกล้า และลำเรือ,84
ฮ่องกง,ช่างแต่งเล็บ,82
ฮ่องกง,ช่างทำผลิตภัณฑ์หนังทั่วไป,81
ฮ่องกง,ย้อมผ้า,81
ฮ่องกง,พนักงานขับรถแบ็คโฮ,81
ฮ่องกง,ช่างปรับไฟฟ้า หม้อแปลงไฟฟ้า,80
ฮ่องกง,ลูกเรือทั่วไป,77
ฮ่องกง,ผลิตกระดาษ,76
ฮ่องกง,พนักงานรักษาความปลอดภัย,76
ฮ่องกง,ชำแหละเนื้อสัตว์,76
ฮ่องกง,ผู้ควบคุมงานผลิต และหัวหน้าคนงานทั่วไป(หมวดอาชีพ),74
ฮ่องกง,ช่างตกแต่งภายใน,74
ฮ่องกง,พนักงานล้างจาน,73
ฮ่องกง,ผลิตผลิตภัณฑ์คอนกรีต,73
ฮ่องกง,ช่างประกอบเครื่องมือไฟฟ้าและอิเลกทรอนิกส์,72
ฮ่องกง,พนักงานขับรถโฟลคลิฟท์,72
ฮ่องกง,ช่างหล่อโลหะ,72
ฮ่องกง,ตัดหินอ่อน,71
ฮ่องกง,คนงานผลิตผลิตภัณฑ์กระเบื้องเคลือบ,70
ฮ่องกง,ช่างประกอบแว่นตา,69
ฮ่องกง,ชาวไร่;เกษตรกรปลูกพืชเลี้ยงสัตว์,67
ฮ่องกง,ช่างเขียนแบบโครงสร้าง,65
ฮ่องกง,ช่างทาสีซึ่งมิได้จัดประเภทไว้ในที่อื่น,65
ฮ่องกง,ผู้ประสานงาน,64
ฮ่องกง,พนักงานควบคุมการตัดโลหะ,63
ฮ่องกง,ช่างเครื่องยนต์ทั่วไป;ช่างซ่อมเครื่องจักรกลโลหะทั่วไป,63
ฮ่องกง,ช่างประกอบถังเพรสเชอร์,63
ฮ่องกง,พนักงานขายของหน้าร้าน (ค้าปลีก),63
ฮ่องกง,ช่างท่อทั่วไป,62
ฮ่องกง,ช่างไฟฟ้าประจำเรือ,61
ฮ่องกง,ผลิตรองเท้า,61
ฮ่องกง,พนักงานธุรการ,60
ฮ่องกง,กลาสีเรือ,59
ฮ่องกง,จนท.ควบคุมการขนส่งและคมนาคมอื่น ๆ,58
ฮ่องกง,ผู้ทำงานเพาะปลูกพืชไร่และผักอื่น ๆ,58
ฮ่องกง,ผู้ควบคุมงานเครื่องกล,57
ฮ่องกง,ช่างเย็บผ้า,57
ฮ่องกง,ช่างเชื่อม  6  จี/อาร์กอน,56
ฮ่องกง,ผู้ติดตั้งฉนวนหุ้มท่อ,53
ฮ่องกง,พยาบาลวิชาชีพทั่วไป,53
ฮ่องกง,ผู้ปลูกไม้ดอก ชาวสวนดอกไม้,52
ฮ่องกง,ช่างแต่งผม ช่างตัดผม ช่างเสริมสวย และผู้ปฏิบัติงานที่เกี่ยวข,51
ฮ่องกง,หัวหน้าพนักงานเสริฟ,50
ฮ่องกง,พนักงานบัญชีทั่วไป,49
ฮ่องกง,ช่างซ่อมยานยนต์,48
ฮ่องกง,ควบคุมซ่อมแซมและติดตั้งเครื่องจักรกล,48
ฮ่องกง,เคลือบโลหะ,48
ฮ่องกง,ผู้ช่วยพ่อครัว,47
ฮ่องกง,ทำไร่ ทำนา,46
ฮ่องกง,ควบคุมเครื่องผลิตอะไหล่รถยนต์,46
ฮ่องกง,ช่างปูนปาสเตอร์,46
ฮ่องกง,เจ้าหน้าที่ระบบข้อมูล,46
ฮ่องกง,ช่างสีรถยนต์,45
ฮ่องกง,พนักงานขับรถขุด,45
ฮ่องกง,ผลิตอุปกรณ์กีฬา,45
ฮ่องกง,ช่างประกอบผลิตภัณฑ์โลหะทั่วไป,45
ฮ่องกง,วิศวกรเครื่องกลทั่วไป,44
ฮ่องกง,ช่างทำโลหะแผ่น,43
ฮ่องกง,รองต้นกล; นายช่างกล,43
ฮ่องกง,ผู้กรีดยาง(น้ำยาง),43
ฮ่องกง,ช่างกลึงอัดโลหะ,43
ฮ่องกง,ผู้จัดการโครงการ,43
ฮ่องกง,คนงานอู่ต่อเรือ,43
ฮ่องกง,คนงานอุตสาหกรรมผลิตสายเคเบิล,43
ฮ่องกง,หัวหน้างานก่อสร้าง,41
ฮ่องกง,ทอผ้า,41
ฮ่องกง,ผลิตประกอบรถยนต์,41
ฮ่องกง,ช่างประปา,40
ฮ่องกง,ช่างไฟฟ้าฝ่ายบำรุงรักษา,40
ฮ่องกง,หัวหน้าช่างเชื่อม,39
ฮ่องกง,ผู้ปรุงอาหารอื่น ๆ,39
ฮ่องกง,ผู้ฝึกสอนกีฬา,39
ฮ่องกง,ช่างไฟฟ้า,39
ฮ่องกง,ผู้เพาะเลี้ยงสัตว์น้ำ,39
ฮ่องกง,พนักงานอุตสาหกรรมผลิตกระดาษ,38
ฮ่องกง,ผู้ปรุงอาหาร,38
ฮ่องกง,พนักงานแท่นขุดเจาะ,38
ฮ่องกง,นักแสดง,37
ฮ่องกง,อุตสาหกรรมสิ่งทอ,37
ฮ่องกง,นักวิเคราะห์ระบบงานคอมพิวเตอร์,37
ฮ่องกง,ช่างเครื่องประจำเรือ,37
ฮ่องกง,พนักงานดูแลห้องพัก,37
ฮ่องกง,ผลิตผลิตภัณฑ์หิน,37
ฮ่องกง,หัวหน้าช่างประกอบท่อ,35
ฮ่องกง,ช่างติดตั้งเครื่องจักร,34
ฮ่องกง,ผู้ทำงานในฟาร์มโคนมอื่น ๆ,34
ฮ่องกง,พนักงานควบคุมการผลิต,34
ฮ่องกง,ขนถ่ายสินค้า,33
ฮ่องกง,ปั๊มโลหะ,33
ฮ่องกง,พนักงานโรงงาน(ทอผ้า),32
ฮ่องกง,นายประจำเรือ ต้นเรือ ต้นหนเรือเดินทะเล,32
ฮ่องกง,ผู้ควบคุมงานทั่วไป,32
ฮ่องกง,นักบริหาร/ผู้ดูแลฐานข้อมูล; ที่ปรึกษาด้านระบบฐานข้อมูลคอมพิวเตอร์,32
ฮ่องกง,ผู้จัดการฝ่ายผลิต,32
ฮ่องกง,ผู้ช่วยพยาบาล,31
ฮ่องกง,บริกรหญิง,31
ฮ่องกง,ผู้จัดซื้อ;ตัวแทนจัดซื้อ; ผู้จัดการฝ่ายซื้อ,31
ฮ่องกง,ช่างเทคนิควิศวกรรมอื่น ๆ,31
ฮ่องกง,พนักงานออกแบบรถยนต์,30
ฮ่องกง,ช่างเทคนิควิศวกรรมการผลิต,30
ฮ่องกง,ผู้ทำผลิตภัณฑ์ยางและพลาสติก,30
ฮ่องกง,คนงานแท่นขุดเจาะ,30
ฮ่องกง,ผลิตประกอบรถจักรยานยนต์,30
ฮ่องกง,ที่ปรึกษา,29
ฮ่องกง,ช่างเคาะพ่นสี,29
ฮ่องกง,เจ้าหน้าที่ควบคุมคุณภาพ,29
ฮ่องกง,ผู้ให้บริการความปลอดภัยอื่น ๆ,28
ฮ่องกง,วิศวกรโยธาทั่วไป,28
ฮ่องกง,ช่างทองและช่างเงิน,28
ฮ่องกง,ช่างซ่อมเครื่องจักรกล (ยานยนต์),28
ฮ่องกง,พนักงานรับโทรศัพท์,27
ฮ่องกง,ผู้ช่วยผู้ปรุงอาหาร,27
ฮ่องกง,หญิงเลี้ยงเด็ก,27
ฮ่องกง,ตัดยาง,27
ฮ่องกง,พนักงานขับรถบรรทุก,26
ฮ่องกง,หมอนวด,26
ฮ่องกง,เจ้าหน้าที่ฝึกงาน,26
ฮ่องกง,พิมพ์และฟอกย้อม (ผ้า),26
ฮ่องกง,ขุดเจาะบ่อน้ำมัน,26
ฮ่องกง,หลอมโลหะ,25
ฮ่องกง,หลอมเหล็ก,25
ฮ่องกง,ผู้ควบคุมงาน งานก่อสร้าง,24
ฮ่องกง,ช่างเครื่องมือวัด/ควบคุมอาวุโส,24
ฮ่องกง,ตัดพลาสติก,24
ฮ่องกง,ช่างภาพทั่วไป,24
ฮ่องกง,ช่างกลึง; ช่างตั้งและใช้เครื่องกลึง,24
ฮ่องกง,ช่างประกอบแบบเหล็ก,24
ฮ่องกง,ควาญช้าง,24
ฮ่องกง,บริกรชาย,24
ฮ่องกง,ตัดเหล็ก,24
ฮ่องกง,วิศวกรไฟฟ้าทั่วไป,23
ฮ่องกง,ช่างซ่อมเครื่องจักรกล อื่น ๆ,23
ฮ่องกง,ช่างฝังเพชรพลอย,23
ฮ่องกง,ซักผ้า,23
ฮ่องกง,ผลิตซีเมนต์,23
ฮ่องกง,ผลิตเครื่องเคลือบดินเผา,23
ฮ่องกง,เลขานุการ,23
ฮ่องกง,ผู้จัดการฝ่ายการเงินและบัญชี;ผู้จัดการฝ่ายการเงิน,22
ฮ่องกง,เชฟ เดอ ปาร์ดี้ ชาย,22
ฮ่องกง,ช่างขึ้นรูปโลหะด้วยมือ,22
ฮ่องกง,ช่างเครื่องกำเนิดไฟฟ้า,22
ฮ่องกง,ทำขนม,22
ฮ่องกง,รีดเหล็ก,22
ฮ่องกง,ผู้ทำงานในสวนไม้ผล สวนองุ่นสวนต้นไม้ และสวนไม้พุ่มอื่น ๆ,21
ฮ่องกง,ช่างทำเครื่องมือทั่วไป,21
ฮ่องกง,วิศวกรการผลิต,21
ฮ่องกง,เกษตรกรไร่ชา,21
ฮ่องกง,ช่างเทคนิคไฟฟ้า,21
ฮ่องกง,นักบิน,20
ฮ่องกง,วิศวกรโยธา,20
ฮ่องกง,ผลิตผลิตภัณฑ์จากแร่อื่น ๆ ที่ไม่ใช่โลหะ,20
ฮ่องกง,กรรมกรหรือคนงานอื่น ๆ,20
ฮ่องกง,หัวหน้าช่างประกอบ,20
ฮ่องกง,ผู้ช่วยพนักงานทำความสะอาด,20
ฮ่องกง,ช่างคุมเตาหลอมแก้ว และเครื่องดินเผาอื่น ๆ,20
ฮ่องกง,ขับโฟคล์ลีฟ,20
ฮ่องกง,พนักงานเครื่องขุดตัก,20
ฮ่องกง,ผลิตเครื่องสุขภัณฑ์,20
ฮ่องกง,นักวิเคราะห์ระบบงาน,20
ฮ่องกง,พนักงานรับ-จ่ายเงิน(สำนักงานหรือที่ทำการ),20
ฮ่องกง,ควบคุมซ่อมแซมและติดตั้งเครื่องจักร,19
ฮ่องกง,ช่างไฟฟ้าอาวุโส,19
ฮ่องกง,ผู้จัดการแผนกห้องอาหาร,19
ฮ่องกง,พนักงานขับรถเทเลอร์,19
ฮ่องกง,ต้นกลเรือ,19
ฮ่องกง,เกษตรกรเลี้ยงสัตว์ปีก,19
ฮ่องกง,พนักงานควบคุมสโตร์,19
ฮ่องกง,เจ้าหน้าที่การเงิน,19
ฮ่องกง,โฟร์แมนโครงสร้าง,19
ฮ่องกง,ผู้ช่วยกรรมการผู้จัดการ,19
ฮ่องกง,ผู้ช่วยผู้จัดการทั่วไป,18
ฮ่องกง,ผู้จัดการซึ่งมิได้จัดประเภทไว้ในที่อื่น ๆ,18
ฮ่องกง,ช่างซ่อมแอร์,18
ฮ่องกง,พนักงานขับรถแทรคเตอร์,18
ฮ่องกง,รองหัวหน้างานทั่วไป,18
ฮ่องกง,ผู้จัดการฝ่ายบุคคล,17
ฮ่องกง,ช่างแต่งผม ช่างตัดผม ช่างเสริมสวย ฯ,17
ฮ่องกง,ผู้เก็บรักษาปลา,17
ฮ่องกง,หัวหน้าพ่อครัวมือ 1,17
ฮ่องกง,ช่างทาสี,17
ฮ่องกง,ช่างเชื่อมด้วยก๊าซและไฟฟ้า,17
ฮ่องกง,ช่างมุงหลังคาอื่น ๆ,17
ฮ่องกง,ผลิตแม่พิมพ์โลหะ,17
ฮ่องกง,ช่างชุบและเคลือบโลหะทั่วไป,17
ฮ่องกง,ผู้ปฏิบัติงานในกรรมวิธีการทำผลิตภัณฑ์นมเนยอื่น ๆ,16
ฮ่องกง,นักกายภาพบำบัด;พนักงานกายภาพบำบัด,16
ฮ่องกง,ผู้สีข้าว (เครื่องจักรสีข้าว),16
ฮ่องกง,วิศวกรควบคุมประสิทธิภาพ,16
ฮ่องกง,ช่างน้ำมัน และช่างอัดจาระบีประจำเรือ,16
ฮ่องกง,ช่างก่อคอนกรีตเสริม (การก่อสร้าง),16
ฮ่องกง,พนักงานให้สัญญาน,16
ฮ่องกง,ช่างเครื่องยนต์ดีเซล,16
ฮ่องกง,ผู้ทำงานป่าไม้,16
ฮ่องกง,ผลิตน้ำมันพืช,16
ฮ่องกง,วิศวกรด้านเทคนิคคอมพิวเตอร์,16
ฮ่องกง,เกษตรกรสวนยาง,16
ฮ่องกง,ช่างไฟฟ้าโรงงาน,16
ฮ่องกง,หัวหน้าพนักงานห้องอาหารและเครื่องดื่ม,16
ฮ่องกง,ช่างประกอบเรือ,15
ฮ่องกง,ผู้ทำงานในฟาร์มสัตว์ปีก,15
ฮ่องกง,พนักงานคุมเตาหลอมโลหะ,15
ฮ่องกง,เสมียนทั่วไป,15
ฮ่องกง,ผู้จัดการฝ่ายขาย,15
ฮ่องกง,ผู้ปฏิบัติงานเกี่ยวกับการผลิต คนงานหรือกรรมกร(หมวดอาชีพ),15
ฮ่องกง,ช่างเทคนิควิศวกรรมเครื่องกล,14
ฮ่องกง,ผู้ทำผลิตภัณฑ์ยาง และพลาสติกอื่น ๆ,14
ฮ่องกง,พนักงานเครื่องคอมพิวเตอร์อิเลกทรอนิกส์,14
ฮ่องกง,ผู้จัดการฝ่ายการตลาด,14
ฮ่องกง,ช่างเขียนแบบอื่น ๆ,14
ฮ่องกง,ช่างทำสกรีน การพิมพ์สิ่งทอ สิ่งถัก,14
ฮ่องกง,พนักงานขับรถตัก,14
ฮ่องกง,ช่างเหล็กโครงสร้าง,13
ฮ่องกง,ช่างซ่อมเครื่องยนต์หนัก,13
ฮ่องกง,ช่างโลหะแผ่นทั่วไป,13
ฮ่องกง,ช่างเจียระไนและขัดเพชรพลอย,13
ฮ่องกง,ผลิตผลิตภัณฑ์จากหนังสัตว์,13
ฮ่องกง,ผู้จัดการ Q.C. ตรวจสอบ,13
ฮ่องกง,ช่างปรับเครื่องจักร และช่างประกอบเครื่องกลอื่น ๆ,13
ฮ่องกง,ช่างก่อสร้างงานโครงเหล็ก,13
ฮ่องกง,ช่างซ่อมเครื่องกลยานยนต์,13
ฮ่องกง,ควบคุมเครนหอ,13
ฮ่องกง,พนักงานเครื่องระบายอากาศ และเครื่องปรับอากาศ,13
ฮ่องกง,สถาปนิก,13
ฮ่องกง,อุตสาหกรรมการผลิตมอเตอร์ไฟฟ้า,13
ฮ่องกง,ผู้ช่วยนายเรือ; ผู้ช่วยนายท้าย,12
ฮ่องกง,ผลิตเฟอร์นิเจอร์เหล็ก,12
ฮ่องกง,หญิงรับใช้และผู้ทำงานบ้านอื่นๆ,12
ฮ่องกง,นักบัญชีอื่น ๆ,12
ฮ่องกง,ช่างเชื่อมไฟฟ้า,12
ฮ่องกง,ผู้ช่วยโฟร์แมน,12
ฮ่องกง,หัวหน้างานไฟฟ้า,12
ฮ่องกง,กุ๊ก (เบเกอรี่),12
ฮ่องกง,ผู้ควบคุมแท่นขุดเจาะน้ำมัน,12
ฮ่องกง,ช่างประกอบอุปกรณ์ไฟฟ้าและอิเลกทรอนิกส์อื่น ๆ,12
ฮ่องกง,ผู้ช่วยช่างซ่อมเครื่องจักรกล (ทั่วไป),12
ฮ่องกง,ผลิต ผลิตภัณฑ์ผ้าม่าน,12
ฮ่องกง,ช่างเจียระไนโลหะ ช่างขัดเงาโลหะ และช่างลับเครื่องมือ อื่น ๆ,12
ฮ่องกง,ขัดเงาแก้ว,11
ฮ่องกง,ผู้จัดการซึ่งมิได้จัดประเภทไว้ในที่อื่น,11
ฮ่องกง,ผู้ช่วยช่างขุดเจาะ,11
ฮ่องกง,ผู้ปรุงอาหาร และเครื่องดื่ม พนักงานเสริฟ,11
ฮ่องกง,ช่างฟอกหนัง,11
ฮ่องกง,โปรแกรมเมอร์ทุกระบบ/ทุกด้าน,11
ฮ่องกง,พนักงานขับรถเกรด,11
ฮ่องกง,พนักงานเครื่องปิดและผนึกฝา,11
ฮ่องกง,ช่างซ่อมตัวถังรถยนต์,11
ฮ่องกง,กรรมการผู้จัดการ,11
ฮ่องกง,คนงานวางท่อ,11
ฮ่องกง,ช่างชุบและเคลือบโลหะอื่น ๆ,11
ฮ่องกง,ผลิตเส้นใยสังเคราะห์,11
ฮ่องกง,ผู้เขียนโปรแกรมคอมพิวเตอร์,11
ฮ่องกง,ช่างตัดเสื้อผ้า,11
ฮ่องกง,ช่างไฟฟ้ารถยนต์,11
ฮ่องกง,ช่างปรับอุปกรณ์ทำความเย็นและปรับอากาศ,11
ฮ่องกง,ผู้จัดการฟาร์ม (ปศุสัตว์),11
ฮ่องกง,ผลิตลวดหนามหรือขดลวด,10
ฮ่องกง,หัวหน้าแผนกซ่อมบำรุง,10
ฮ่องกง,นักสำรวจทั่วไป,10
ฮ่องกง,นักสถิติทั่วไป,10
ฮ่องกง,ผู้ทำน้ำแข็ง,10
ฮ่องกง,พนักงานขับรถบรรทุกหนัก,10
ฮ่องกง,ชำแหละหมู,10
ฮ่องกง,ช่างหล่อเหล็ก,10
ฮ่องกง,ขัดหินอ่อน,10
ฮ่องกง,ช่างทำกุญแจ,10
ฮ่องกง,ผู้ช่วยเครน,10
ฮ่องกง,ผู้วางแผน/ผู้ควบคุมคอมพิวเตอร์,10
ฮ่องกง,ล่ามแปล,10
ฮ่องกง,ช่างก่ออิฐ ช่างไม้ และปฏิบัติงานก่อสร้าง อื่น ๆ,10
ฮ่องกง,พนักงานผลิตและประกอบเครื่องคอมพิวเตอร์,10
ฮ่องกง,หัวหน้าช่างอุปกรณ์เครื่องจักรกล,10
ฮ่องกง,ผลิตสี,10
ฮ่องกง,ผลิตผลิตภัณฑ์หนัง,10
ฮ่องกง,ช่างประกอบอุปกรณ์ไฟฟ้า,9
ฮ่องกง,ช่างตัดเย็บเสื้อผ้า และอื่น ๆ,9
ฮ่องกง,ช่างก่ออิฐ (ก่อสร้าง),9
ฮ่องกง,สมุหบัญชี,9
ฮ่องกง,วิศวกรเหมืองแร่ทั่วไป,9
ฮ่องกง,ช่างทาสีก่อสร้างอื่น ๆ,9
ฮ่องกง,แรงงานชำนาญงาน,9
ฮ่องกง,ผู้ทำงานเพาะปลูกพืชไร่และผัก,9
ฮ่องกง,รองกรรมการผู้จัดการ,9
ฮ่องกง,พนักงานบัญชี และพนักงานรับ-จ่ายเงิน อื่น ๆ,9
ฮ่องกง,พนักงานรับ-จ่ายเงิน(โต๊ะรับเงินสด),9
ฮ่องกง,ช่างทำทอง (ฝีมือสูง),9
ฮ่องกง,หัวหน้างานส่งสัญญาณเครน,8
ฮ่องกง,กลึงและเจาะเหล็ก,8
ฮ่องกง,ผู้ควบคุมงานไฟฟ้า,8
ฮ่องกง,ช่างเงิน (สร้อยและเครื่องประดับ),8
ฮ่องกง,ผลิตท่อพีวีซี,8
ฮ่องกง,ช่างเหล็ก และพนักงานเครื่องทุบอัดโลหะอื่นๆ,8
ฮ่องกง,เจ้าหน้าที่ควบคุมเอกสาร,8
ฮ่องกง,เจ้าหน้าที่ควบคุมระบบไฟฟ้า,8
ฮ่องกง,เจียระไนโลหะ,8
ฮ่องกง,ช่างทำแม่พิมพ์,8
ฮ่องกง,เสมียนการเจ้าหน้าที่,8
ฮ่องกง,ทำความสะอาดหญิง,8
ฮ่องกง,ควบคุมเครื่องจักรกลหนัก,8
ฮ่องกง,ผู้จัดการทั่วไปในโรงแรม,8
ฮ่องกง,เจ้าหน้าที่ประมวลผลข้อมูล,8
ฮ่องกง,ช่างตัดเย็บเสื้อผ้า(สำเร็จรูป),8
ฮ่องกง,ช่างเครื่องยนต์ประจำอากาศยาน,8
ฮ่องกง,นักสำรวจอื่น ๆ,8
ฮ่องกง,วิศวกรควบคุม/เครื่องมือวัด,8
ฮ่องกง,เจ้าหน้าที่ประชาสัมพันธ์,8
ฮ่องกง,ช่างตัดเย็บเสื้อผ้า ฯ และอื่นๆ,7
ฮ่องกง,ช่างเครื่อง(ผู้เชี่ยวชาญด้านเครื่องยนต์),7
ฮ่องกง,ผู้จัดการและหัวหน้าฝ่ายพัสดุและคลังสินค้า,7
ฮ่องกง,ช่างติดกระจก (อาคาร),7
ฮ่องกง,ช่างตัดเย็บเสื้อผ้า และช่างประดิษฐ์เครื่องแต่งกาย อื่น ๆ,7
ฮ่องกง,ผู้จัดการ,7
ฮ่องกง,แม่บ้าน (ยกเว้นส่วนบุคคล),7
ฮ่องกง,ช่างปรับลิฟท์และอุปกรณ์ที่เกี่ยวข้องกัน,7
ฮ่องกง,ผู้ปฏิบัติงานก่อสร้างซึ่งมิได้จัดประเภทไว้ในที่อื่น,7
ฮ่องกง,ช่างพิมพ์ทั่วไป,7
ฮ่องกง,ผลิตภัณฑ์เซรามิก,7
ฮ่องกง,ช่างเชื่อมด้วยไฟฟ้า (เครื่องเชื่อม),7
ฮ่องกง,ชาวประมง (เก็บหอยและสัตว์น้ำอื่น ๆ),7
ฮ่องกง,ช่างทำเบาะ (ยานพาหนะ),7
ฮ่องกง,ที่ปรึกษาด้านออกแบบระบบคอมพิวเตอร์,7
ฮ่องกง,ช่างบัดกรี,7
ฮ่องกง,วิศวกรควบคุมอาวุโส/เครื่องมือวัดอาวุโส,7
ฮ่องกง,ช่างเทคนิควิศวกรรมไฟฟ้าและ อิเลกทรอนิกส์,7
ฮ่องกง,ผู้จัดการ Q.A.,7
ฮ่องกง,ผู้จัดการแผนกอาหารและเครื่องดื่ม,6
ฮ่องกง,ผู้ประสานงานการท่องเที่ยว,6
ฮ่องกง,ผู้ปรุงอาหารทั่วไป (สำเร็จรูป),6
ฮ่องกง,ที่ปรึกษาอาวุโส,6
ฮ่องกง,ควบคุมเครื่องจักรไฟฟ้า,6
ฮ่องกง,ช่างซ่อมเครื่องมือหนัก,6
ฮ่องกง,กุ๊ก (อาหารจีน),6
ฮ่องกง,นักสัตวบาล (สัตว์เลี้ยง),6
ฮ่องกง,พนักงานเสริฟ พนักงานปรุงและเสริฟเครื่องดื่ม,6
ฮ่องกง,ช่างซ่อมเครื่องกลอากาศยาน,6
ฮ่องกง,พยาบาลอื่น ๆ,6
ฮ่องกง,พนักงานขับรถยก,6
ฮ่องกง,ผู้ปฏิบัติงานอาชีพด้านบริการอื่น ๆ,6
ฮ่องกง,กดแม่พิมพ์โลหะ,6
ฮ่องกง,รองประธานกรรมการ,6
ฮ่องกง,นักศึกษาฝึกงาน,6
ฮ่องกง,หัวหน้าหน่วยห้องพัก,6
ฮ่องกง,ผู้ตบแต่งสวนไม้ประดับ,6
ฮ่องกง,ช่างทำเพชรพลอยทั่วไป,6
ฮ่องกง,ช่างเทคนิควิศวกรรมโยธา,6
ฮ่องกง,ช่างทำโครงเหล็กในโรงงาน,6
ฮ่องกง,ช่างทอผ้าด้วยเครื่องจักร,6
ฮ่องกง,ผู้ปฏิบัติงานในกรรมวิธีการทำอาหารและเครื่องดื่มอื่น ๆ,6
ฮ่องกง,ช่างกลึงกระบอกสูบเครื่องยนต์,6
ฮ่องกง,หัวหน้าฝ่ายบัญชี,6
ฮ่องกง,หัวหน้าคนครัว,6
ฮ่องกง,พนักงานขับรถกะบะเทหลัง;พนักงานขับรถดัมพ์ทรัก,6
ฮ่องกง,นักดนตรี,6
ฮ่องกง,ช่างไฟฟ้าอุปกรณ์หนัก,6
ฮ่องกง,พนักงานจัดและตกแต่งดอกไม้ ไม้ประดับ,6
ฮ่องกง,ช่างเลื่อยไม้ทั่วไป,6
ฮ่องกง,อุตสาหกรรมผลิตชิ้นส่วนอิเลคทรอนิคส์,6
ฮ่องกง,เจ้าหน้าที่บริหาร,6
ฮ่องกง,ช่างเทคนิคไฟฟ้าและอิเลกทรอนิกส์อื่น ๆ,6
ฮ่องกง,ผู้ปรุงอาหาร (ยกเว้นงานส่วนบุคคล),6
ฮ่องกง,ช่างเชื่อมด้วยก๊าซ,6
ฮ่องกง,นักออกแบบผลิตภัณฑ์อุตสาหกรรม และพาณิชย์,5
ฮ่องกง,ช่างซ่อมแหอวน,5
ฮ่องกง,หัวหน้าช่างเครื่องยนต์หนัก,5
ฮ่องกง,ผู้ทำงานป่าไม้(ยกเว้นผู้ทำไม้),5
ฮ่องกง,สถาปนิก วิศวกร/ผู้จัดการโครงการ,5
ฮ่องกง,ช่างเครื่องกลอาวุโส,5
ฮ่องกง,ขัดเหล็ก,5
ฮ่องกง,ผู้ตรวจสอบปริมาณวัตถุ,5
ฮ่องกง,ช่างไฟฟ้าประจำอาคาร,5
ฮ่องกง,วิศวกรเหมืองแร่,5
ฮ่องกง,ช่างซ่อมเครื่องจักรกลอากาศยาน,5
ฮ่องกง,โรงงานฆ่าสัตว์,5
ฮ่องกง,ช่างไฟฟ้าและช่างต่อสายไฟอื่น ๆ,5
ฮ่องกง,ผู้ช่วยช่างอลูมิเนียม,5
ฮ่องกง,ฉีดพลาสติก,5
ฮ่องกง,ขัดไม้,5
ฮ่องกง,กุ๊ก (อาหารฝรั่งเศล),5
ฮ่องกง,ผลิตเหล็กม้วน,5
ฮ่องกง,วิศวกรสำรวจ,5
ฮ่องกง,ผู้ให้บริการความปลอดภัย,5
ฮ่องกง,หัวหน้างานติดตั้งโครงสร้าง,5
ฮ่องกง,หัวหน้าห้องอาหาร,5
ฮ่องกง,พนักงานเครื่องอัดรีดพลาสติก,5
ฮ่องกง,พนักงานควบคุมเครื่องมือหนัก,5
ฮ่องกง,พนักงานขับรถบรรทุกเทท้าย (รถดัมพ์),5
ฮ่องกง,คนงานอุตสาหกรรมผลิตเครื่องปั้ม,5
ฮ่องกง,ผู้จัดซื้อ,5
ฮ่องกง,วิศวกรก่อสร้างอาคาร,5
ฮ่องกง,ผู้เลี้ยงผึ้ง,5
ฮ่องกง,วิศวกรปิโตรเลียม (ฝ่ายผลิต),5
ฮ่องกง,ช่างทำเหล็กเสริม (การก่อสร้าง),5
ฮ่องกง,ผู้ทำงานฟาร์มทั่วไป,5
ฮ่องกง,ล่าม (ภาษาจีน),5
ฮ่องกง,ผู้ทำผลิตภัณฑ์จากกระดาษ และกระดาษแข็ง,5
ฮ่องกง,ผู้ประสานงานด้านต่างประเทศ,5
ฮ่องกง,เสมียนพนักงานฝ่ายสินค้าและพัสดุอื่น ๆ,4
ฮ่องกง,สรั่งเรือ; ต้นเด่น;หัวหน้ากลาสี,4
ฮ่องกง,ครู,4
ฮ่องกง,พนักงานบริการยกกล่องบรรจุ,4
ฮ่องกง,ผู้จัดการแผนกแม่บ้าน,4
ฮ่องกง,ช่างซ่อมช่วงล่าง,4
ฮ่องกง,วิศวกรไฟฟ้า (ผลิตพลังงาน),4
ฮ่องกง,นักเคมีทั่วไป,4
ฮ่องกง,ช่างตัดเย็บเสื้อผ้า (เฉพาะตัวบุคคล),4
ฮ่องกง,หัวหน้างานประกอบโครงสร้าง,4
ฮ่องกง,วิศวกรควบคุมต้นทุน,4
ฮ่องกง,กลาสีปากเรือ,4
ฮ่องกง,เจ้าหน้าที่พัสดุ,4
ฮ่องกง,นักกายภาพบำบัดและนักอาชีวบำบัด,4
ฮ่องกง,พนักงานศูนย์บริการธุรกิจ,4
ฮ่องกง,หัวหน้างานดูแลเครื่องจักร,4
ฮ่องกง,วิศวกรโยธา(ก่อสร้างถนนและทางหลวง),4
ฮ่องกง,ช่างซ่อมเครื่องยนต์เรือเดินทะเล,4
ฮ่องกง,ช่างคุมเครื่องหล่อมแม่พิมพ์(อุปกรณ์ไฟฟ้า),4
ฮ่องกง,ประกอบเครื่องมือทางการแพทย์,4
ฮ่องกง,ย้อมและตกแต่งสำเร็จ,4
ฮ่องกง,นักวิชาการทางวิทยาศาสตร์เกี่ยวกับชีวิต,4
ฮ่องกง,แพทย์แผนโบราณ,4
ฮ่องกง,ช่างไฮดรอลิก,4
ฮ่องกง,ช่างเพชรพลอยและโลหะที่มีค่าอื่น ๆ,4
ฮ่องกง,ผู้ช่วยช่างเครื่องยนต์,4
ฮ่องกง,เจ้าหน้าที่ประสานโครงการ,4
ฮ่องกง,ผู้ช่วยคุมแท่นขุดเจาะน้ำมัน,4
ฮ่องกง,พนักงานคุมเครื่องตัดเหล็กม้วน,4
ฮ่องกง,ผลิตผลิตภัณฑ์อื่น ๆ ที่มิใช่โลหะ,4
ฮ่องกง,พนักงานห้องเย็น,4
ฮ่องกง,ช่างฟอกหนัง ถากหนังและขูดขน  และช่างตกแต่งขนสัตว์,4
ฮ่องกง,วิศวกรรักษาความปลอดภัย,4
ฮ่องกง,วิศวกรเครื่องกลอาวุโส,4
ฮ่องกง,กรรมการรองผู้อำนวยการ,4
ฮ่องกง,ช่างก่ออิฐ ก่อหิน และปูกระเบื้องอื่น ๆ,4
ฮ่องกง,ช่างซ่อมเครื่องจักรกลยานยนต์อื่น ๆ,4
ฮ่องกง,ผู้ประสานงาน(ด้านใด  ลงสาขาอาชีพนั้น),4
ฮ่องกง,พนักงานเครื่องอัดรีดยาง,4
ฮ่องกง,พนักงานดูแลเครื่องจักร,4
ฮ่องกง,ช่างติดตั้งอุปกรณ์ไฟฟ้า,4
ฮ่องกง,ผู้จัดการด้านฝึกอบรม,4
ฮ่องกง,ช่างวางท่อ ช่างเชื่อมโลหะ ทำ ติดตั้งโลหะแผ่น โครงสร้างโลหะ,4
ฮ่องกง,ผู้ช่วยผู้ควบคุมการผลิต,4
ฮ่องกง,พนักงานหลอม และเผาโลหะอื่น ๆ,4
ฮ่องกง,ช่างสี (ชั้น 2),4
ฮ่องกง,ช่างทำที่นอน,4
ฮ่องกง,นักบัญชี,4
ฮ่องกง,ผู้ทำงานในสวนไม้ผล ไม้ต้น องุ่น ไม้พุ่ม,4
ฮ่องกง,ฝึกอบรมทางอุตสาหกรรม,4
ฮ่องกง,นักสำรวจ,4
ฮ่องกง,นักวิเคราะห์เมล็ดพืช,4
ฮ่องกง,พนักงานชำนาญการขาย และให้คำปรึกษาแนะนำในการใช้สินค้า,4
ฮ่องกง,กุ๊ก (อาหารอิตาเลียน),3
ฮ่องกง,พนักงานขับรถบดถนน;คนขับรถบดถนน,3
ฮ่องกง,เจ้าหน้าที่บริหาร ของหน่วยงานเอกชน,3
ฮ่องกง,ช่างตกแต่งแม่พิมพ์,3
ฮ่องกง,ช่างเทคนิควิศวกรรมเคมี,3
ฮ่องกง,อาจารย์,3
ฮ่องกง,เจาะโลหะ,3
ฮ่องกง,ผู้ช่วยรองผู้อำนวยการ,3
ฮ่องกง,เกษตรโคนม,3
ฮ่องกง,วิศวกรไฟฟ้าและอิเลกทรอนิกส์อื่น ๆ,3
ฮ่องกง,ช่างพันคอยล์ด้วยมือ,3
ฮ่องกง,พนักงานขับรถผสมปูน,3
ฮ่องกง,ช่างทำขนมประเภทอบทั่วไป,3
ฮ่องกง,ผู้ปฏิบัติงานเกี่ยวกับการกลั่นน้ำมันอื่น ๆ,3
ฮ่องกง,พนักงานขับรถจักรและช่างไฟอื่น ๆ,3
ฮ่องกง,เจ้าหน้าที่บริหารงานหน่วยงานเอกชน,3
ฮ่องกง,ผู้ช่วยพ่อครัวมือ2,3
ฮ่องกง,ผู้ทำงานในฟาร์มโคนม,3
ฮ่องกง,ช่างฉาบปูนอื่น ๆ,3
ฮ่องกง,หัวหน้าศูนย์บริการธุรกิจ,3
ฮ่องกง,ผู้ควบคุมงานบริหารคุณภาพ,3
ฮ่องกง,พนักงานเครื่องอัดหล่อยาง,3
ฮ่องกง,หัวหน้าแผนกต้อนรับ,3
ฮ่องกง,ช่างไฟฟ้าและช่างเดินสายไฟฟ้า,3
ฮ่องกง,ผู้ปฏิบัติงานซึ่งมิอาจจัดประเภทอาชีพได้,3
ฮ่องกง,ช่างเดินสายไฟ,3
ฮ่องกง,พนักงานขับรถยิงปูน,3
ฮ่องกง,ช่างตัดต่อท่อ,3
ฮ่องกง,ถักเสื้อผ้า,3
ฮ่องกง,วิศวกรเครื่องกล (การบำรุงรักษา),3
ฮ่องกง,ช่างหุ้มฉนวน,3
ฮ่องกง,วิศวกรเครื่องกล (โครงสร้าง),3
ฮ่องกง,ผลิต ผลิตภัณฑ์ไฟเบอร์,3
ฮ่องกง,ช่างอัดบีบโลหะ; ช่างรีดโลหะ,3
ฮ่องกง,รีดผ้า,3
ฮ่องกง,พ่อครัวมือ3,3
ฮ่องกง,ช่างตั้งและใช้เครื่องมือกลอื่น ๆ,3
ฮ่องกง,นักสถิติ นักคำนวณ นักวิเคราะห์ระบบงานและนักวิชาการฯ,3
ฮ่องกง,พนักงานเครื่องตอกเสาเข็ม,3
ฮ่องกง,พนักงานบรรจุหีบห่อปลาแช่แข็ง,3
ฮ่องกง,ช่างออกแบบไฟฟ้า,3
ฮ่องกง,วิศวกรโยธาอื่น ๆ,3
ฮ่องกง,โฟร์แมนไฟฟ้าอาคาร/โรงงาน,3
ฮ่องกง,ผู้โม่ บด และผสมอื่น ๆ,3
ฮ่องกง,ผู้บรรจุหีบห่อด้วยมือ,3
ฮ่องกง,ผู้ทำยางรถ,3
ฮ่องกง,เสมียนคลังพัสดุ,3
ฮ่องกง,พนักงานอบชุบทั่วไป,3
ฮ่องกง,ควบคุมเครื่องรีดแผ่นเหล็ก,3
ฮ่องกง,ช่างเทคนิคอิเลกทรอนิกส์,3
ฮ่องกง,เสมียนชั่งน้ำหนัก,3
ฮ่องกง,พนักงานค้ำยันอุโมงค์,3
ฮ่องกง,ผู้ปั่นด้ายด้วยเครื่องจักร,3
ฮ่องกง,เจ้าของกิจการค้าปลีก,3
ฮ่องกง,นักดนตรี นักร้อง,3
ฮ่องกง,ผู้ช่วยพนักงานทำอาหาร/ขนมปัง/ชำแหละเนื้อ/ขนมหวาน,3
ฮ่องกง,นักธรณีวิทยา,3
ฮ่องกง,ที่ปรึกษาทางกฎหมาย จนท.ฝ่ายกฎหมาย,3
ฮ่องกง,ลูกเรือชำนาญงาน,3
ฮ่องกง,ผู้ควบคุมดูแลเสมียนพนักงานอื่น ๆ,3
ฮ่องกง,พนักงานแปล,3
ฮ่องกง,พนักงานพิมพ์และย้อมผ้า,2
ฮ่องกง,ผู้ปฏิบัติงานเกี่ยวกับการกลั่นน้ำมัน,2
ฮ่องกง,คนงานผูกลวดสลิงและให้สัญญาณปั้นจั่น,2
ฮ่องกง,ผู้จัดการระบบข้อมูลข่าวสาร,2
ฮ่องกง,ผู้ทำงานในฟาร์มสัตว์ปีกอื่น ๆ,2
ฮ่องกง,ผู้จัดการแผนกต้อนรับ,2
ฮ่องกง,ผู้เชี่ยวชาญชาวต่างประเทศ(เชี่ยวชาญด้านใด ให้ลงสาขาอาชีพนั้น),2
ฮ่องกง,ผู้ทำความสะอาด และผู้ปฏิบัติงานที่เกี่ยวข้องกัน อื่น ๆ,2
ฮ่องกง,ผู้ช่วยช่างบัดกรีท่อแอร์,2
ฮ่องกง,ผู้ทำงานในสวนเพาะชำ ผู้เพาะต้นไม้ขาย,2
ฮ่องกง,ช่างเหล็ก ช่างทำเครื่องมือ และพนักงานเครื่องมือกลอื่น ๆ,2
ฮ่องกง,วิศวกรอุโมงค์,2
ฮ่องกง,พนักงานขาย พนักงานขายหน้าร้าน ฯ,2
ฮ่องกง,หัวหน้างานติดตั้งเครื่องจักร,2
ฮ่องกง,นักธรณีฟิสิกส์,2
ฮ่องกง,เสมียนพนักงานอื่น ๆ,2
ฮ่องกง,ผู้ดูแลช่างไฟฟ้า,2
ฮ่องกง,ช่างเชื่อมและช่างตัดด้วยเปลวไฟอื่น ๆ,2
ฮ่องกง,ล่าม (ภาษาจีนกลาง),2
ฮ่องกง,หัวหน้าคนทำสวน,2
ฮ่องกง,พนักงานเครื่องกลั่นน้ำมัน,2
ฮ่องกง,ชุบไฟฟ้า,2
ฮ่องกง,ผลิตผลิตภัณฑ์จากขนสัตว์,2
ฮ่องกง,ช่างปรับไฟฟ้า,2
ฮ่องกง,ผู้ทำเส้นหมี่และเส้นก๋วยเตี๋ยว,2
ฮ่องกง,ผู้ควบคุมวัสดุอุปกรณ์,2
ฮ่องกง,ช่างไฟฟ้า-ประปา,2
ฮ่องกง,ช่างทำเกลียวเส้นด้ายด้วยเครื่องจักร,2
ฮ่องกง,กุ๊ก (อาหารอเมริกัน),2
ฮ่องกง,พนักงานคัดเลือกสัตว์น้ำเพื่อการแช่แข็ง,2
ฮ่องกง,พนักงานขับรถยนต์,2
ฮ่องกง,พนักงานห้องซักรีด,2
ฮ่องกง,ช่างเทคนิควิศวกรรมโลหะ,2
ฮ่องกง,ผู้ควบคุมการขายและผู้จัดซื้อ,2
ฮ่องกง,ช่างหล่อโลหะอื่น ๆ,2
ฮ่องกง,วิศวกรอิเลกทรอนิกส์,2
ฮ่องกง,ช่างเหล็ก ช่างทำเครื่องมือและ พนักงานเครื่องมือกล,2
ฮ่องกง,ช่างวางท่อ,2
ฮ่องกง,วิศกรไฟฟ้า (ส่งและจ่ายพลังงาน),2
ฮ่องกง,นักกำหนดอาหาร,2
ฮ่องกง,ช่างทองแดง,2
ฮ่องกง,ผู้ตรวจวัดสายตา และผู้เตรียมเลนซ์ประกอบแว่นตา,2
ฮ่องกง,สรั่งช่างกลเรือ,2
ฮ่องกง,ช่างแต่งหน้าผู้แสดง(เวทีและโรงถ่ายภาพยนตร์),2
ฮ่องกง,ขัดเงาโลหะ,2
ฮ่องกง,พนักงานคุมเตาหลอมผลิตเหล็กกล้า,2
ฮ่องกง,ผู้คุมเตาผลิตซีเมนต์,2
ฮ่องกง,ช่างทำแบบหล่อโลหะด้วยมือ,2
ฮ่องกง,ช่างทำแบบเทคอนกรีต,2
ฮ่องกง,ช่างตัดหิน,2
ฮ่องกง,ผู้จัดการบริการขายอาหารและที่พักอื่น ๆ,2
ฮ่องกง,ช่างดัดไม้,2
ฮ่องกง,ช่างเทคนิควิศวกรรมโยธาอื่น ๆ,2
ฮ่องกง,สจ๊วต,2
ฮ่องกง,หัวหน้าคนงานประจำฟาร์มเลี้ยงสุกร,2
ฮ่องกง,ช่างทอ (พรม) ด้วยหูกมือ,2
ฮ่องกง,ช่างชุบโลหะโดยการจุ่มด้วยมือ,2
ฮ่องกง,พนักงาน/คนงานเหมืองแร่ทั่วไป,2
ฮ่องกง,ผู้ควบเส้นด้ายด้วยเครื่องจักร,2
ฮ่องกง,หัวหน้าหน่วยติดตั้ง,2
ฮ่องกง,ผู้ควบคุมการขายปลีก; ผู้จัดการฝ่ายขายปลีก,2
ฮ่องกง,พนักงานเหมืองแร่ และเหมืองหิน พนักงานขุดเจาะบ่อ,2
ฮ่องกง,ช่างต่อเรือ (โลหะ),2
ฮ่องกง,เสมียนพนักงานฝ่ายสินค้าและพัสดุ,2
ฮ่องกง,เสมียนบันทึกสินค้าคงคลัง,2
ฮ่องกง,ผู้ตรวจผืนผ้า,2
ฮ่องกง,หญิงรับใช้ (งานส่วนบุคคล),2
ฮ่องกง,พนักงานปรับแต่งเครื่องจักร,2
ฮ่องกง,ช่างซ่อมจักรยานยนต์ และจักรยานที่ใช้เครื่องยนต์,2
ฮ่องกง,ครูอนุบาล,2
ฮ่องกง,เกษตรกร,2
ฮ่องกง,ช่างยกตั้งนั่งร้าน (โลหะหรือไม้),2
ฮ่องกง,ช่างซ่อมเครื่องจักรกลทำสิ่งทอ สิ่งถัก,2
ฮ่องกง,สถาปนิก วิศวกร และนักวิชาการที่เกี่ยวข้องกัน,2
ฮ่องกง,พนักงานขายโฆษณา,2
ฮ่องกง,ผู้ทำไอสครีม(ในโรงงานอุตสาหกรรม),2
ฮ่องกง,ผู้ปฏิบัติงานในกรรมวิธีทางเคมีและอื่น ๆ,2
ฮ่องกง,ช่างเขียนแบบทั่วไป,2
ฮ่องกง,ผู้ช่วยเจ้าหน้าที่ความปลอดภัย,2
ฮ่องกง,ผู้ควบคุมงานไฟฟ้าและอิเลกทรอนิกส์,2
ฮ่องกง,ผู้ช่วยช่างเครื่องจักรกลรถยนต์,2
ฮ่องกง,พยาบาลเฉพาะทาง,2
ฮ่องกง,วิศวกรเคมีอื่น ๆ,2
ฮ่องกง,พนักงานเครื่องผสมคอนกรีต(ขนาดใหญ่),2
ฮ่องกง,ครูอาจารย์,2
ฮ่องกง,ช่างออกแบบโครงสร้าง,2
ฮ่องกง,หัวหน้าแผนกแม่บ้าน,2
ฮ่องกง,ช่างซ่อมจักร,2
ฮ่องกง,พนักงานขับรถบรรทุกและรถตู้ขนาดใหญ่,2
ฮ่องกง,ช่างทำผลิตภัณฑ์หนังอื่น ๆ,2
ฮ่องกง,พนักงานเครื่องเจียระไน,2
ฮ่องกง,ช่างปรับมอเตอร์และไดนะโม,2
ฮ่องกง,ผู้จัดการค้าปลีก,2
ฮ่องกง,ช่างทำผลิตภัณฑ์อโลหะ,2
ฮ่องกง,เจาะและระเบิดหิน,2
ฮ่องกง,ผู้จัดการสาขา,2
ฮ่องกง,พนักงานให้สัญญานเครื่องยก,2
ฮ่องกง,ช่างเจียระไนโลหะ ช่างขัดเงาโลหะ และช่างลับเครื่องมือ,2
ฮ่องกง,พนักงานดูแลสระน้ำ,2
ฮ่องกง,ช่างควบคุมอุปกรณ์(ดูเครื่องจักรในการผลิต ลงรหัสในสาขานั้น),2
ฮ่องกง,นักร้อง,2
ฮ่องกง,พนักงานควบคุมรถลาดยาง,2
ฮ่องกง,ช่างแต่งผมสตรี,2
ฮ่องกง,พนักงานต้อนรับและเสมียนตัวแทนการเดินทางอื่น ๆ,2
ฮ่องกง,ผู้เชี่ยวชาญ(เชี่ยวชาญด้านใด ให้ลงสาขาอาชีพนั้น),2
ฮ่องกง,ผู้ช่วยช่างไฟฟ้าแอร์คอนดิชั่น,2
ฮ่องกง,ผู้รับคำปรึกษาระบบ,2
ฮ่องกง,พนักงานเครื่องตัดและรีดพับ(กล่องกระดาษ),2
ฮ่องกง,ผู้จัดการและผู้ควบคุมดูแลฟาร์ม(หมวดอาชีพ),2
ฮ่องกง,เสมียนบัญชี,2
ฮ่องกง,นักแสดง และผู้กำกับการแสดง,2
ฮ่องกง,พนักงานปากระวาง ลูกเรือ และอื่น ๆ,2
ฮ่องกง,ผู้ควบคุมการขายส่ง;ผู้จัดการฝ่ายขายส่ง,2
ฮ่องกง,เจ้าหน้าที่เทคนิคเคมี,2
ฮ่องกง,ช่างก่อหิน (ก่อสร้าง),2
ฮ่องกง,ควบคุมปั้นจั่น,2
ฮ่องกง,พนักงานคุมเตาหลอมและผสมโลหะที่มิใช่เหล็ก,2
ฮ่องกง,มัคคุเทศก์,2
ฮ่องกง,ช่างปูพื้น และช่างปูกระเบื้องอื่นๆ,2
ฮ่องกง,ผู้ฆ่าสัตว์,2
ฮ่องกง,วิศวกรการเกษตร,2
ฮ่องกง,ช่างเชื่อมและตัดด้วยเปลวไฟ,2
ฮ่องกง,ช่างย้อมผืนผ้าด้วยเครื่องจักร,2
ฮ่องกง,ช่างขัดหิน,2
ฮ่องกง,ช่างติดกระจกแผ่น,2
ฮ่องกง,ประธานกรรมการ,2
ฮ่องกง,เสมียนวางแผนการผลิต,2
ฮ่องกง,ผู้ทำไม้,1
ฮ่องกง,พนักงานอำนวยการบิน,1
ฮ่องกง,หัวหน้างานด้านห้องปฏิบัติการ,1
ฮ่องกง,ผู้กรีดน้ำมันยาง(ต้นยาง),1
ฮ่องกง,หัวหน้าคนงานประจำคอกโคนม,1
ฮ่องกง,พนักงานทำท่อประปา,1
ฮ่องกง,ชาวนา,1
ฮ่องกง,ผู้ทำความสะอาดหน้าต่าง,1
ฮ่องกง,วิศกรเครื่องกล (ระบายอากาศและทำความเย็น),1
ฮ่องกง,พนักงานขายส่ง,1
ฮ่องกง,ช่างปรับไฟฟ้า (ยานยนต์),1
ฮ่องกง,พนักงานเครื่องทำบัญชีและเครื่องคำนวณอื่น ๆ,1
ฮ่องกง,ผลิตหมึกพิมพ์,1
ฮ่องกง,พนักงานขับรถยนต์โดยสารประจำทาง,1
ฮ่องกง,นักบิน ต้นหน และวิศวกรประจำอากาศยาน,1
ฮ่องกง,ช่างตั้งและใช้เครื่องมือกล (งานโลหะ)ทั่วไป,1
ฮ่องกง,พนักงานเครื่องแยกของเหลว,1
ฮ่องกง,ผู้เลี้ยงปศุสัตว์,1
ฮ่องกง,ช่างทำแผ่นพลาสติก,1
ฮ่องกง,ช่างทอผ้าและผู้ปฏิบัติงานที่เกี่ยวข้องกันอื่น ๆ,1
ฮ่องกง,ช่างวางสายไฟฟ้ากำลัง,1
ฮ่องกง,ช่างซ่อมเครื่องยนต์เบา,1
ฮ่องกง,ช่างขึ้นรูปแก้ว เครื่องดินเผา และอื่น ๆ,1
ฮ่องกง,เสมียนวางแผนการผลิตและการใช้วัสดุ,1
ฮ่องกง,ผู้สีโม่ธัญญพืช และผู้ปฏิบัติงานเกี่ยวข้องกัน,1
ฮ่องกง,พนักงานหลอมและเผาโลหะ,1
ฮ่องกง,ผู้ช่วยพนักงานห้องทดลอง,1
ฮ่องกง,ช่างปั้น,1
ฮ่องกง,ช่างฟอก ย้อมและตบแต่งผลิตภัณฑ์สิ่งทอ ถัก อื่น ๆ,1
ฮ่องกง,ช่างเขียนแบบสถาปัตยกรรม,1
ฮ่องกง,นักเคมีอื่น ๆ,1
ฮ่องกง,ย้อมเส้นด้าย,1
ฮ่องกง,ช่างปรับเครื่องจักร ช่างประกอบ ซ่อมเครื่องกล (ยกเว้นเครื่อง,1
ฮ่องกง,ผู้เจาะบ่อ ผู้เจาะรูและผู้ปฏิบัติงานที่เกี่ยวข้องกัน,1
ฮ่องกง,ช่างกัดเฟือง;ช่างตั้งและใช้เครื่องตัดเฟือง,1
ฮ่องกง,นักวิทยาศาสตร์กายภาพอื่น ๆ,1
ฮ่องกง,แม่พิมพ์พลาสติก,1
ฮ่องกง,ผู้ทำยางรถและผู้ปะยางรถ ด้วยวิธีอบอื่น ๆ,1
ฮ่องกง,ผู้ทำเครื่องหมายหรือป้ายพลาสติก,1
ฮ่องกง,พนักงานห้องเครื่องเรืออื่น ๆ,1
ฮ่องกง,ผู้ตรวจไฟฟ้า/อุปกรณ์ควบคุมการทำงานของครุภัณฑ์และเครื่องจักร,1
ฮ่องกง,ช่างก่ออิฐ ก่อหิน และปูกระเบื้อง,1
ฮ่องกง,ช่างดัดแผ่นเหล็กกล้า,1
ฮ่องกง,ผลิตเตาทนความร้อน,1
ฮ่องกง,ผลิตหนังเทียม,1
ฮ่องกง,วิศวกรประจำหน่วยงาน,1
ฮ่องกง,ตัวแทนขายผลิตภัณฑ์หัตถกรรม,1
ฮ่องกง,ช่างเย็บติดป้าย,1
ฮ่องกง,จนท.ควบคุมการขนส่ง และคมนาคมอื่น ๆ,1
ฮ่องกง,ผู้ควบคุมประจำกะ,1
ฮ่องกง,ช่างปรับไฟฟ้า และอิเล็กทรอนิกส์ที่เกี่ยวข้องกัน,1
ฮ่องกง,ช่างไฟฟ้าอุตสาหกรรม,1
ฮ่องกง,ช่างเขียนแบบเครื่องกล,1
ฮ่องกง,ช่างเพชรพลอยและประดิษฐ์โลหะมีค่า,1
ฮ่องกง,พ.ประกอบอุปกรณ์ชิ้นส่วนนาฬิกา,1
ฮ่องกง,เจ้าพนักงานสำรวจนับแจงไม้,1
ฮ่องกง,ผู้คุมเตาอบสีให้แห้ง,1
ฮ่องกง,พนักงานเครื่องขัดและขัดเงา,1
ฮ่องกง,วิศวกรเหมืองแร่อื่น ๆ,1
ฮ่องกง,นักสำรวจภาคพื้นดิน,1
ฮ่องกง,นักแต่งเพลง นักดนตรี นักขับร้องเพลงและนักแสดงอื่น ๆ,1
ฮ่องกง,นักเขียนประกาศโฆษณา,1
ฮ่องกง,ช่างกลึงไม้,1
ฮ่องกง,วิศวกรไฟฟ้าและอิเลกทรอนิกส์,1
ฮ่องกง,พนักงานอบชุบโลหะ,1
ฮ่องกง,โฟร์แมนโรงงาน,1
ฮ่องกง,ผู้ปฏิบัติงานทางศาสนา,1
ฮ่องกง,ช่างโลหะแผ่นอื่น ๆ,1
ฮ่องกง,สารวัดรับส่งสินค้า,1
ฮ่องกง,พ่อครัวชั้นสอง,1
ฮ่องกง,ช่างทำรองเท้าทั่วไป,1
ฮ่องกง,วิศวกรเคมีทั่วไป,1
ฮ่องกง,หัวหน้าหน่วยประกอบแผ่นอลูมิเนียม,1
ฮ่องกง,ช่างฉาบปูน,1
ฮ่องกง,วิศวกรระบบเครือข่าย,1
ฮ่องกง,ผู้ช่วยพนักงานฝึกหัดทำอาหาร,1
ฮ่องกง,กรรมการดำเนินการ,1
ฮ่องกง,ผู้ทำใบชา กาแฟ และโกโก้อื่น ๆ,1
ฮ่องกง,นักแสดงและผู้กำกับการแสดงอื่นๆ,1
ฮ่องกง,วิศวกรเครื่องจักรและเครื่องมือ,1
ฮ่องกง,ช่างถ่ายภาพบุคคล,1
ฮ่องกง,ช่างหล่อซีเมนต์คอนกรีต ด้วยเครื่องจักร,1
ฮ่องกง,ช่างทำเครื่องดนตรี (เครื่องสาย),1
ฮ่องกง,ผู้ทำงานในสถานเพาะชำ และผู้ทำสวน,1
ฮ่องกง,ช่างวางสายไฟและต่อสายเคเบิล,1
ฮ่องกง,ผู้ฆ่าสัตว์ ตกแต่ง และตัดเนื้อสัตว์ทั่วไป,1
ฮ่องกง,นักโลหกรรม; นักโลหะวิทยา(การผลิต),1
ฮ่องกง,ผู้บริหารระบบ'ควบคุมระบบ,1
ฮ่องกง,นักเทคโนโลยี่การแพทย์,1
ฮ่องกง,พนักงานทำความสะอาดเครื่องครัว,1
ฮ่องกง,พนักงานวางแผนไฟฟ้า,1
ฮ่องกง,พนักงานบัญชี และพนักงานรับ-จ่ายเงิน,1
ฮ่องกง,ผู้ควบคุมการจัดหาภายนอก,1
ฮ่องกง,พนักงานควบคุมการผลิตอาวุโส,1
ฮ่องกง,ผลิตไม้อัด,1
ฮ่องกง,นักการ คนเดินหนังสือ,1
ฮ่องกง,ช่างเทคนิคเหมืองแร่,1
ฮ่องกง,ผู้ติดตั้งเครื่องยกและฟั่นต่อ สายเคเบิลอื่น ๆ,1
ฮ่องกง,ผู้จัดการและผู้ควบคุมดูแลบริการขายอาหารและที่พักอาศัย(หมวดอาชีพ),1
ฮ่องกง,เจ้าหน้าที่ควบคุมเครื่องมือสำรวจหาปลา,1
ฮ่องกง,พนักงานขับรถราง,1
ฮ่องกง,ช่างซ่อมเครื่องมือและเครื่องวัด,1
ฮ่องกง,พนักงานควบคุมเครื่องรีดโลหะ,1
ฮ่องกง,ช่างเคาะ (ชั้น 1),1
ฮ่องกง,ผู้จัดการฝ่ายต่างประเทศ,1
ฮ่องกง,นักวิชาการสถิติและคณิตศาสตร์อื่น ๆ,1
ฮ่องกง,ผู้ดูแลรักษาสนามหญ้า,1
ฮ่องกง,เจ้าหน้าที่เทคนิควิทยาศาสตร์กายภาพอื่น ๆ,1
ฮ่องกง,ภุมิสถาปนิก,1
ฮ่องกง,ผู้จัดนำเที่ยวและมัคคุเทศก์,1
ฮ่องกง,ประติมากร จิตรกร และศิลปินเชิงประดิษฐ์ที่เกี่ยวข้องกันอื่น ๆ,1
ฮ่องกง,หัวหน้าพนักงานให้สัญญาน,1
ฮ่องกง,เจ้าหน้าที่สินเชื่อ,1
ฮ่องกง,ช่างแท่นพิมพ์แบบนอน,1
ฮ่องกง,พนักงานเครื่องกรองและเครื่องแยกอื่น ๆ,1
ฮ่องกง,ช่างประจำปั่นจั่นเจาะ(บ่อน้ำมันและก๊าซ),1
ฮ่องกง,ช่างเทคนิควิศวกรรมเคมีอื่น ๆ,1
ฮ่องกง,ช่างศิลป์,1
ฮ่องกง,ช่างทำเบาะกับที่นอน และผู้ปฏิบัติงานที่เกี่ยวข้องกัน อื่น ๆ,1
ฮ่องกง,ผู้เจาะบ่อ เจาะหลุม และปฏิบัติงานที่เกี่ยวข้อง,1
ฮ่องกง,พนักงานเครื่องอัดรีด ดินเหนียว,1
ฮ่องกง,นายช่างใหญ่ทางวิศวกรรมเรือ,1
ฮ่องกง,พนักงานเครื่องทำน้ำให้บริสุทธิ์,1
ฮ่องกง,นายท้ายเรือยนต์,1
ฮ่องกง,ผู้จัดการและผู้ควบคุมดูแลโรงแรมและภัตตาคาร,1
ฮ่องกง,ผู้จัดการและผู้ควบคุมดูแลภัตตาคาร,1
ฮ่องกง,โฟร์แมนช่างซ่อมแอร์คอนดิชั่น,1
ฮ่องกง,ผลิตกล่องใส่เครื่องประดับเพชรพลอย,1
ฮ่องกง,พนักงานคุมเตาหลอมแบบมีเบ้าหลอม,1
ฮ่องกง,ผู้ประสานงานด้านการท่องเที่ยว; ผู้จัดนำเที่ยว,1
ฮ่องกง,ช่างย้อมเส้นด้ายด้วยเครื่องจักร,1
ฮ่องกง,ผู้ทำงานกสิกรรม และผู้เลี้ยงสัตว์ซึ่งมิได้จัดไว้ที่อื่น,1
ฮ่องกง,นักศึกษาฝึกงาน(ฝึกงานด้านใด ลงสาขาอาชีพนั้น),1
ฮ่องกง,วิศวกรสุขาภิบาล,1
ฮ่องกง,ผู้ฝึกซ้อมการบริหารร่างกาย,1
ฮ่องกง,ผู้ปฏิบัติงานวิชาชีพ และวิชาการอื่น ๆ,1
ฮ่องกง,หัวหน้าคนงานพืชไร่และผัก,1
ฮ่องกง,เภสัชกร,1
ฮ่องกง,วิศวกรประจำเรือ,1
ฮ่องกง,ชาวประมง พรานและผู้ปฏิบัติงาน ที่เกี่ยวข้อง,1
ฮ่องกง,พนักงานบัญชี พนักงานรับ-จ่ายเงิน ฯ,1
ฮ่องกง,พนักงานจดรายงาน,1
ฮ่องกง,ครูประถมศึกษา,1
ฮ่องกง,พนักงานขับรถจักรและช่างไฟ,1
ฮ่องกง,ช่างตัดเครื่องแต่งกาย (หนัง),1
ฮ่องกง,ช่างทำหมวกอื่น ๆ,1
ฮ่องกง,ช่างมุงหลังคา (กระเบื้องและวัสดุที่คล้ายคลึงกัน),1
ฮ่องกง,ผู้จัดการฝ่ายซื้อและจ่ายวัสดุ;ผู้จัดการฝ่ายวัสดุ;ผู้จัดการฝ่,1
ฮ่องกง,ช่างชุบและเคลือบโลหะ,1
ฮ่องกง,ผู้ตรวจข่าว,1
ฮ่องกง,ช่างเขียนแบบ,1
ฮ่องกง,ผู้จัดการค้าส่ง,1
ฮ่องกง,ช่างก่อคอนกรีตเสริม ช่างตกแต่งผิวซีเมนต์ ช่างทำหินขัด อื่น ๆ,1
ฮ่องกง,พนักงานต้อนรับภาคพื้นดิน,1
ฮ่องกง,ผู้จัดการฝ่ายขนส่ง,1
ฮ่องกง,ผู้ทำไส้กรอกด้วยเครื่องจักร,1
ฮ่องกง,คนครัว (งานส่วนบุคคล),1
ฮ่องกง,ช่างเย็บด้วยมือและจักรทั่วไป,1
ฮ่องกง,หัวหน้าหน่วยซักอบรีด,1
ฮ่องกง,ช่างทำเครื่องประดับ ด้วยหอยทะเลและเขาสัตว์,1
ฮ่องกง,ผู้ควบคุมดูแลด้านอาหารและการใช้จ่าย,1
ฮ่องกง,รองหัวหน้างานก่อสร้าง,1
ฮ่องกง,พนักงานประจำสถานีบริการน้ำมัน,1
ฮ่องกง,ผลิตคอนกรีต,1
ฮ่องกง,ช่างทำแบบไม้,1
ฮ่องกง,ผู้ชักชวนซื้อสินค้า,1
ฮ่องกง,ผู้ปฏิบัติงานที่เกี่ยวกับการผลิต พนักงานใช้อุปกรณ์ขนส่ง(หมวดอาชีพ),1
ฮ่องกง,ช่างไม้ ทำเครื่องไม้ และปูพื้นไม้พาร์เก้,1
ฮ่องกง,พนักงานคุมเครื่องทำลวดหนาม,1
ฮ่องกง,ผู้บังคับการเรือ และนายเรือเดินทะเล,1
ฮ่องกง,วิศวกรอุตสาหการอื่น ๆ,1
ฮ่องกง,ช่างซ่อมแก้บำรุงรักษาเครื่องทำความเย็น,1
ฮ่องกง,ประติมากร จิตรกร ช่างภาพ และศิลปินเชิงประดิษฐ์ที่เกี่ยวกัน,1
ฮ่องกง,นักคณิตศาสตร์สถิติ,1
ฮ่องกง,ช่างฉาบพื้นกระจกเงา,1
ฮ่องกง,ช่างภาพและช่างภาพประจำกล้อง,1
ฮ่องกง,พนักงานยกกระเป๋า,1
ฮ่องกง,หัวหน้าหน่วยประกอบและติดตั้ง,1
ฮ่องกง,ผลิตภัณฑ์เครื่องตกแต่งบ้าน,1
ฮ่องกง,ชาวประมงน้ำจืด,1
ฮ่องกง,พนักงานควบคุมการคำนวณวัสดุ,1
ฮ่องกง,พนักงานควบคุมการเดินรถไฟ,1
ฮ่องกง,ผลิตหนังสือ,1
ฮ่องกง,พนักงานขับขี่ยานยนต์,1
ฮ่องกง,พนักงานบริการประจำบุฟเฟ่ต์,1
ฮ่องกง,บรรณาธิการผู้ช่วย,1
ฮ่องกง,ช่างทำขนมจากข้าวและถั่ว,1
ฮ่องกง,ช่างอัด อิฐและกระเบื้อง ด้วยเครื่องจักร,1
ฮ่องกง,ช่างเทคนิควิศวกรรมเครื่องกลอื่น ๆ,1
ฮ่องกง,ช่างแท่นพิมพ์,1
ฮ่องกง,ผู้ทำเบียร์ เหล้าไวน์ และเครื่องดื่มอื่น ๆ,1
ฮ่องกง,พนักงานขับรถจักร (ไอน้ำ),1
ฮ่องกง,ช่างหล่อซีเมนต์คอนกรีตด้วยมือ,1
ฮ่องกง,ช่างเทคนิคควบคุมประสิทธิภาพ,1
ฮ่องกง,พนักงานวิทยุสื่อสาร,1
ฮ่องกง,หัวหน้าควบคุมเครื่องมือหนัก,1
ฮ่องกง,ผู้นำเสนอสินค้าตัวอย่าง,1
ฮ่องกง,ช่างปั่น ทอ ถัก ย้อมและผู้ปฏิบัติงานเกี่ยวข้องอื่น ๆ,1
ฮ่องกง,พนักงานเครื่องอัดผ้าเบรค ด้วยความร้อนแบบอัตโนมัติ,1
ฮ่องกง,พนักงานขาย พนักงานขายหน้าร้าน และผู้นำเสนอสินค้าตัวอย่าง,1
ฮ่องกง,ช่างผู้ชำนาญด้านตัดแต่งแผ่นโลหะ,1
ฮ่องกง,ช่างซ่อมเครื่องยนต์ที่สันดาปภายใน,1
ฮ่องกง,ช่างทำกล่องกระดาษด้วยมือ,1
ฮ่องกง,ช่างตัดและแต่งผมชาย,1
ฮ่องกง,ช่างจัดเกรดดิน,1
ฮ่องกง,ช่างประกอบเครื่องมือที่มีความเที่ยงตรง,1
ฮ่องกง,ช่างเทคนิคห้องทดลอง,1
ฮ่องกง,ช่างต่อสายเคเบิลไฟฟ้า,1
ฮ่องกง,วิศวกรไฟฟ้า (อุปกรณ์),1
ฮ่องกง,พนักงาน อาบ อบ นวด,1
ฮ่องกง,ช่างปั่น ทอ ถัก ย้อมและผู้ปฏิบัติงานเกี่ยวข้องกัน,1
ฮ่องกง,ช่างแกะสลักไม้,1
ฮ่องกง,พนักงานบรรจุหีบห่อปลาป่น,1
ฮ่องกง,ช่างติดตั้ง/ซ่อมอุปกรณ์แพทย์,1
ฮ่องกง,พนักงานเก็บค่าโดยสาร(รถโดยสารประจำทางหรือรถราง),1
ฮ่องกง,ผู้ชำนาญการด้านงานบุคคลและอาชีพ,1
ฮ่องกง,ช่างแกะสลักเชิงประดิษฐ์,1
ฮ่องกง,พนักงานเครื่องซักแห้ง,1
ฮ่องกง,ผู้ดึงยืดและรวมเส้นใย,1
ฮ่องกง,คนทำไม้,1
ฮ่องกง,ผู้ทำอาหารให้แห้ง,1
ฮ่องกง,ช่างเชื่อมด้วยเครื่องไฟฟ้า (แบบต้านทาน),1
ฮ่องกง,พนักงานเครื่องรีดโลหะ,1
ฮ่องกง,พนักงานปั่นจั่น,1
ฮ่องกง,บดหิน' ย่อยหิน,1
ฮ่องกง,ช่างพันคอยล์ด้วยเครื่องจักร,1
ฮ่องกง,หัวหน้าคนงานประจำคอกปศุสัตว์,1
ฮ่องกง,ช่างตัดเครื่องแต่งกายสำเร็จรูป(ยกเว้นหนัง),1
ฮ่องกง,วิศวกรเครื่องกลอื่น ๆ,1
ฮ่องกง,อุตสาหกรรมการผลิตอาหารสัตว์,1
ฮ่องกง,หัวหน้าช่างเหล็กประกอบช่างไม้,1
ฮ่องกง,วิศวกรเครื่องกล (เรือ),1
ฮ่องกง,พนักงานเครื่องอัดรีดเสื้อผ้าเครื่องใช้,1
ฮ่องกง,พนักงานคุมเตาถลุงโลหะอื่น ๆ,1
ฮ่องกง,ครูสอนในสถาบันการศึกษาพิเศษอื่น ๆ,1
ฮ่องกง,นักนิรุกติศาสตร์ พนักงานแปลและล่าม,1
ฮ่องกง,นักสำรวจทางเหมืองแร่,1
ฮ่องกง,เกษตรกรชำนาญงานเฉพาะสาขา,1
ฮ่องกง,นักผสมเทียม; จนท.ผสมเทียม,1
ฮ่องกง,วิศวกรเครื่องกล (รถยนต์),1
ฮ่องกง,อุตสาหกรรมการชุบ,1
ฮ่องกง,พนักงานทำความสะอาดครัว,1
ฮ่องกง,ตัวแทนนายหน้าซื้อขายอสังหาริมทรัพย์,1
ฮ่องกง,ผู้นำร่อง; เจ้าพนักงานนำร่อง,1
ฮ่องกง,ช่างปรับเครื่องจักร และประกอบเครื่องกล,1
ฮ่องกง,พนักงานเครื่องสาง หวี และรีดเส้นใย,1
ฮ่องกง,ช่างเชื่อมด้วยไฟฟ้า (มือ),1
ฮ่องกง,ช่างใช้เครื่องจักรทำงานไม้อื่น ๆ,1
ฮ่องกง,ผู้ช่วยช่างไฟฟ้าอิเลคโทรนิค,1
ฮ่องกง,หัวหน้าคนงานประจำสวนองุ่น,1
ฮ่องกง,ช่างทำเทียนไข,1
ฮ่องกง,ช่างไฟประจำเรือ (น้ำมัน),1
ฮ่องกง,จิตรกรเชิงประดิษฐ์,1
ฮ่องกง,พนักงานบัญชี พนักงานรับ-จ่ายเงิน และผู้ปฏิบัติงานที่เกี่ยวข้,1
ฮ่องกง,ช่างแกะแม่พิมพ์,1
ฮ่องกง,ช่างพ่นทราย,1
ฮ่องกง,วิศกรประจำเรืออื่น ๆ,1
ฮ่องกง,ช่างแบบโลหะ,1
ฮ่องกง,ช่างเข้าหน้าการพิมพ์,1
ฮ่องกง,ช่างซ่อมเครื่องจักรกล(ยกเว้นยานยนต์และอากาศยาน),1
ฮ่องกง,ช่างไม้ต่อเรือใหญ่,1
ฮ่องกง,พนักงานเครื่องสูบ,1
ฮ่องกง,พนักงานเครื่องบรรจุของ,1
ฮ่องกง,ผลิตถุงกระดาษ,1
ฮ่องกง,ช่างเจียระไนแก้ว,1
ฮ่องกง,วิศวกรเครื่องกล,1
ฮ่องกง,ผู้เตรียมดินด้วยเครื่องจักร,1
ฮ่องกง,พนักงานทำความสะอาดห้องอาหาร,1
ฮ่องกง,พนักงานทำความสะอาดเครื่องครัวลูกเรือ,1
ฮ่องกง,พนักงานรับ-จ่ายเงิน (ธนาคาร),1
ฮ่องกง,ช่างซ่อมเครื่องใช้ไฟฟ้าในบ้าน,1
ฮ่องกง,ผู้จัดการฝ่ายค้นคว้าและวิจัย,1
ฮ่องกง,ผู้ควบคุมการขาย,1
โปรตุเกส,ผู้ช่วยงานบ้าน,1282
โปรตุเกส,พนักงานต้อนรับบนอากาศยาน,1020
โปรตุเกส,แม่บ้าน,810
โปรตุเกส,กุ๊ก (อาหารไทย),121
โปรตุเกส,กุ๊ก,114
โปรตุเกส,นวดแผนโบราณ,40
โปรตุเกส,พนักงานเสริฟ,34
โปรตุเกส,ผู้ช่วยกุ๊ก,21
โปรตุเกส,คนงานทั่วไป,18
โปรตุเกส,นักบิน,17
โปรตุเกส,ผู้ช่วยพนักงานเสริฟ,9
โปรตุเกส,พนักงานล้างจาน,8
โปรตุเกส,พ่อครัวชั้นหนึ่ง,7
โปรตุเกส,ผู้จัดการทั่วไป,6
โปรตุเกส,พนักงานเสริฟ พนักงานปรุงและเสริฟเครื่องดื่ม และอื่น ๆ,6
โปรตุเกส,ผู้ควบคุมงานทั่วไป,5
โปรตุเกส,พ่อครัวอาหารไทย,5
โปรตุเกส,กรรมกรหรือคนงานทำงานหนัก,4
โปรตุเกส,ช่างซ่อมเครื่องจักรกลอากาศยาน,4
โปรตุเกส,แม่บ้าน (ยกเว้นส่วนบุคคล),4
โปรตุเกส,พนักงานต้อนรับ,3
โปรตุเกส,ควบคุมเครื่องจักร,3
โปรตุเกส,ทำความสะอาด,3
โปรตุเกส,ช่างซ่อมเครื่องกลอากาศยาน,3
โปรตุเกส,ผู้ช่วยพ่อครัว,3
โปรตุเกส,ช่างเสริมสวย,3
โปรตุเกส,พนักงานในครัว,2
โปรตุเกส,พนักงานขับรถ,2
โปรตุเกส,คนงานเกษตร,2
โปรตุเกส,ผู้ฝึกสอนกีฬา,2
โปรตุเกส,วิศวกร,2
โปรตุเกส,หญิงเลี้ยงเด็ก,2
โปรตุเกส,ช่างซ่อมยานยนต์,2
โปรตุเกส,ช่างซ่อมบำรุง,2
โปรตุเกส,พนักงานบริการห้องอาหาร,2
โปรตุเกส,หญิงรับใช้และผู้ทำงานบ้านอื่นๆ,2
โปรตุเกส,ผู้ช่วยผู้ปรุงอาหาร,2
โปรตุเกส,ผู้จัดการโครงการ,2
โปรตุเกส,หัวหน้างานทั่วไป,2
โปรตุเกส,ทำขนม,2
โปรตุเกส,ผู้ควบคุมงาน งานก่อสร้าง,2
โปรตุเกส,พนักงานปรุงและเสริฟเครื่องดื่ม,1
โปรตุเกส,ผู้จัดการแผนกแม่บ้าน,1
โปรตุเกส,หัวหน้าพนักงานเสริฟ,1
โปรตุเกส,ซักผ้า,1
โปรตุเกส,เจ้าหน้าที่การเงิน,1
โปรตุเกส,ช่างซ่อมจักรยานยนต์ และจักรยานที่ใช้เครื่องยนต์,1
โปรตุเกส,กุ๊ก (อาหารฝรั่งเศล),1
โปรตุเกส,นักคณิตศาสตร์สถิติ,1
โปรตุเกส,พนักงานทำความสะอาดห้องพัก,1
โปรตุเกส,บาร์เทนเดอร์  ชาย/หญิง,1
โปรตุเกส,ช่างแต่งผม ช่างตัดผม ช่างเสริมสวย ฯ,1
โปรตุเกส,ครูสอนในสถาบันการศึกษาพิเศษอื่น ๆ,1
โปรตุเกส,พนักงานบริการเครื่องดื่ม,1
โปรตุเกส,โฟร์แมน,1
โปรตุเกส,เสมียนการเจ้าหน้าที่,1
โปรตุเกส,พนักงานทั่วไป,1
โปรตุเกส,ผู้ช่วยผู้จัดการทั่วไป,1
โปรตุเกส,เลขานุการ,1
โปรตุเกส,พนักงานเสริฟ พนักงานปรุงและเสริฟเครื่องดื่ม,1
โปรตุเกส,ควบคุมเครื่องจักรกล,1
โปรตุเกส,คนทำสวน,1
โปรตุเกส,ช่างซ่อมเครื่องยนต์,1
โปรตุเกส,ผู้ปฏิบัติงานก่อสร้างอื่น ๆ,1
โปรตุเกส,พนักงานรักษาความปลอดภัย,1
โปรตุเกส,ผู้เลี้ยงปศุสัตว์อื่น ๆ,1
โปรตุเกส,ช่างประกอบโครงสร้าง,1
โปรตุเกส,กรรมกรหรือคนงานทำงานเบา,1
โปรตุเกส,พนักงานธุรการ,1
โปรตุเกส,หญิงรับใช้ (งานส่วนบุคคล),1
โปรตุเกส,ทำความสะอาดหญิง,1
โปรตุเกส,สนร.ฮ่องกง,3613
สวีเดน,คนงานเกษตร,2615
สวีเดน,เกษตรกรทั่วไป,193
สวีเดน,นวดแผนโบราณ,191
สวีเดน,คนงานทั่วไป,127
สวีเดน,เกษตรกรเก็บผลไม้ในฟาร์ม,27
สวีเดน,คนงานในฟาร์มทั่วไป,26
สวีเดน,บรรจุหีบห่อ,12
สวีเดน,ผู้ทำงานในสวนเพาะชำและผู้ทำสวนอื่น ๆ,12
สวีเดน,ผู้ปลูกไม้ดอก ชาวสวนดอกไม้,11
สวีเดน,พนักงานทั่วไป,10
สวีเดน,เกษตรกรเก็บผลไม้ป่า,10
สวีเดน,พนักงานโรงงาน(ซึ่งมิได้จัดประเภทไว้),9
สวีเดน,เกษตรกรสวนผลไม้,9
สวีเดน,กุ๊ก (อาหารไทย),8
สวีเดน,กุ๊ก,6
สวีเดน,คนงานผลิตผลิตภัณฑ์ พลาสติก,5
สวีเดน,ทำความสะอาด,5
สวีเดน,ช่างซ่อมบำรุง,4
สวีเดน,คนทำสวน,4
สวีเดน,ช่างปูน,4
สวีเดน,แม่บ้าน,3
สวีเดน,กรรมกรหรือคนงานทำงานเบา,3
สวีเดน,กรรมกรหรือคนงาน,3
สวีเดน,ผู้ช่วยกุ๊ก,3
สวีเดน,พนักงานขาย,2
สวีเดน,อุตสาหกรรมผลิตอาหาร,2
สวีเดน,ช่างไม้ (ก่อสร้าง),2
สวีเดน,ผู้ทำงานเพาะปลูกพืชไร่และผักอื่น ๆ,2
สวีเดน,เกษตรกรพืชไร่และผัก,2
สวีเดน,ผู้ปฏิบัติงานก่อสร้างอื่น ๆ,2
สวีเดน,พ่อครัวชั้นหนึ่ง,2
สวีเดน,พนักงานแปล,1
สวีเดน,ทำความสะอาดหญิง,1
สวีเดน,หัวหน้างานทั่วไป,1
สวีเดน,ควบคุมเครื่องจักรกล,1
สวีเดน,ผู้จัดการทั่วไป,1
สวีเดน,พนักงานขับรถแทรคเตอร์,1
สวีเดน,พนักงานขายของหน้าร้านอื่น ๆ,1
สวีเดน,ขับโฟคล์ลีฟ,1
สวีเดน,พนักงานเสริฟ,1
สวีเดน,ผู้ทำงานในสวนไม้ผล สวนองุ่นสวนต้นไม้ และสวนไม้พุ่มอื่น ๆ,1
สวีเดน,หัวหน้าคนงานพืชไร่และผัก,1
สวีเดน,เกษตรไร่องุ่น,1
สวีเดน,คนงานผลิตผลิตภัณฑ์ทั่วไป,1
สวีเดน,พนักงานต้อนรับ,1
สวีเดน,ผลิตผลิตภัณฑ์อาหารแช่แข็ง,1
สวีเดน,เกษตรเลี้ยงปศุสัตว์,1
สวีเดน,ผู้ช่วยงานบ้าน,1
สวีเดน,พนักงานธุรการ,1
สวีเดน,ผู้ปฏิบัติงานเกี่ยวกับการผลิตซึ่งมิได้จัดประเภทไว้ในที่อื่น,1
สวีเดน,ผู้ตบแต่งสวนไม้ประดับ,1
สวีเดน,ผู้ควบคุมงานผลิต หัวหน้าคนงานทั่วไปอื่น ๆ,1
สวีเดน,พนักงานในครัว,1
สวีเดน,หมอนวด,1
สวีเดน,เกษตรกร,1
แคนาดา,เกษตรกรเก็บผลไม้ป่า,1454
แคนาดา,เกษตรกรเก็บผลไม้ในฟาร์ม,535
แคนาดา,เกษตรกรพืชไร่และผัก,238
แคนาดา,พนักงานและคนงานปลูกป่า,194
แคนาดา,คนงานเกษตร,167
แคนาดา,ผู้โค่นต้นไม้,123
แคนาดา,กุ๊ก,54
แคนาดา,เกษตรกรทั่วไป,41
แคนาดา,บรรจุหีบห่อ,23
แคนาดา,คนงานทั่วไป,19
แคนาดา,ดูแลโดยสถานเอกอัครราชทูตไทยในต่างประเทศ,3338
ฮังการี,คนงานเกษตร,1068
ฮังการี,ผู้ทำปลาและอาหารทะเลอื่น ๆ,577
ฮังการี,คนงานในฟาร์มทั่วไป,427
ฮังการี,เกษตรกรทั่วไป,213
ฮังการี,คนงานทั่วไป,89
ฮังการี,ช่างสี (ชั้น 1),40
ฮังการี,เกษตรกรพืชไร่และผัก,37
ฮังการี,กุ๊ก (อาหารไทย),33
ฮังการี,ผู้ทำงานในสวนเพาะชำและผู้ทำสวนอื่น ๆ,33
ฮังการี,ผู้ทำงานกสิกรรมและผู้เลี้ยงสัตว์ อื่น ๆ,26
ฟินแลนด์,นวดแผนโบราณ,1340
ฟินแลนด์,ทำความสะอาด,130
ฟินแลนด์,พนักงานในครัว,97
ฟินแลนด์,กุ๊ก,61
ฟินแลนด์,คนงานเกษตร,60
ฟินแลนด์,เกษตรกรทั่วไป,51
ฟินแลนด์,ผู้ซักรีดทั่วไป,50
ฟินแลนด์,กุ๊ก (อาหารไทย),48
ฟินแลนด์,คนทำสวน,43
ฟินแลนด์,แม่บ้าน,34
ฟินแลนด์,ดูแลโดยสถานเอกอัครราชทูตไทยในต่างประเทศ,2802
ยูเออี,คนงานเกษตร,1068
ยูเออี,ผู้ทำปลาและอาหารทะเลอื่น ๆ,577
ยูเออี,คนงานในฟาร์มทั่วไป,427
ยูเออี,เกษตรกรทั่วไป,213
ยูเออี,คนงานทั่วไป,89
ยูเออี,ช่างสี (ชั้น 1),40
ยูเออี,เกษตรกรพืชไร่และผัก,37
ยูเออี,กุ๊ก (อาหารไทย),33
ยูเออี,ผู้ทำงานในสวนเพาะชำและผู้ทำสวนอื่น ๆ,33
ยูเออี,ผู้ทำงานกสิกรรมและผู้เลี้ยงสัตว์ อื่น ๆ,26
ยูเออี,เกษตรเลี้ยงปศุสัตว์,25
ยูเออี,กุ๊ก,20
ยูเออี,คนทำสวน,18
ยูเออี,เกษตรกรเก็บผลไม้ในฟาร์ม,13
ยูเออี,ผู้ทำงานเพาะปลูกพืชไร่และผักอื่น ๆ,12
ยูเออี,หญิงเลี้ยงเด็ก,12
ยูเออี,พนักงานทั่วไป,12
ยูเออี,เกษตรไร่องุ่น,12
ยูเออี,ผู้ทำงานในฟาร์มสัตว์ปีก,11
ยูเออี,ช่างเชื่อม,9
ยูเออี,เกษตรกรเลี้ยงสัตว์ปีก,9
ยูเออี,เกษตรกรเก็บผลไม้ป่า,9
ยูเออี,บรรจุหีบห่อ,8
ยูเออี,ชำแหละเนื้อสัตว์,8
ยูเออี,คนงานผลิตผลิตภัณฑ์ทั่วไป,7
ยูเออี,อุตสาหกรรมผลิตอาหาร,7
ยูเออี,นวดแผนโบราณ,6
ยูเออี,หัวหน้างานทั่วไป,5
ยูเออี,ผู้อนุบาล,5
ยูเออี,ผู้ปลูกไม้ดอก ชาวสวนดอกไม้,4
ยูเออี,ผลิตผลิตภัณฑ์อาหารแช่แข็ง,4
ยูเออี,ผู้ช่วยกุ๊ก,3
ยูเออี,เกษตรกรสวนผลไม้,2
ยูเออี,พนักงานบริการเครื่องดื่ม,2
ยูเออี,พนักงานเสริฟ,2
ยูเออี,กรรมกรหรือคนงานทำงานเบา,2
ยูเออี,ผู้ช่วยพนักงานทำความสะอาด,2
ยูเออี,ผู้เลี้ยงปศุสัตว์อื่น ๆ,2
ยูเออี,พ่อครัวชั้นหนึ่ง,2
ยูเออี,แม่บ้าน,2
ยูเออี,ผู้ควบคุมงานผลิต หัวหน้าคนงานทั่วไปอื่น ๆ,2
ยูเออี,ผู้ทำงานฟาร์มทั่วไป,2
ยูเออี,ช่างปูน,1
ยูเออี,โฟร์แมน,1
ยูเออี,พ่อครัวอาหารไทย,1
ยูเออี,ช่างประกอบท่อ,1
ยูเออี,วิศวกร,1
ยูเออี,พนักงานบริการห้องอาหาร,1
ยูเออี,พนักงานต้อนรับ,1
ยูเออี,คนทำความสะอาดอาคาร,1
ยูเออี,ผู้ทำงานในสถานเพาะชำ และผู้ทำสวน,1
ยูเออี,ประติมากร จิตรกร และศิลปินเชิงประดิษฐ์ที่เกี่ยวข้องกันอื่น ๆ,1
ยูเออี,ผู้ทำงานในสวนไม้ผล สวนองุ่นสวนต้นไม้ และสวนไม้พุ่มอื่น ๆ,1
ยูเออี,ทำความสะอาด,1
ยูเออี,ผู้ทำงานในฟาร์มสัตว์ปีกอื่น ๆ,1
ยูเออี,กรรมกรหรือคนงาน,1
ยูเออี,ผู้จัดการแผนกห้องอาหาร,1
ยูเออี,ผู้บรรจุหีบห่อด้วยมือ,1
ยูเออี,พนักงานบรรจุอาหาร,1
ยูเออี,เกษตรกร,1
ยูเออี,พนักงานบรรจุหีบห่อปลาแช่แข็ง,1
ยูเออี,ผู้จัดการและผู้ควบคุมดูแลภัตตาคาร,1
ยูเออี,เกษตรกรเก็บผลไม้ป่า,1415
ยูเออี,เกษตรกรเก็บผลไม้ในฟาร์ม,229
ยูเออี,คนงานเกษตร,77
ยูเออี,พนักงานต้อนรับบนอากาศยาน,76
ยูเออี,กุ๊ก,43
ยูเออี,เกษตรกรทั่วไป,43
ยูเออี,คนงานในฟาร์มทั่วไป,22
ยูเออี,ชำแหละเนื้อสัตว์,14
ยูเออี,อุตสาหกรรมผลิตอาหาร,13
ยูเออี,ทำความสะอาด,13
ยูเออี,เกษตรกรเก็บผลไม้ป่า,1454
ยูเออี,เกษตรกรเก็บผลไม้ในฟาร์ม,535
ยูเออี,เกษตรกรพืชไร่และผัก,238
ยูเออี,พนักงานและคนงานปลูกป่า,194
ยูเออี,คนงานเกษตร,167
ยูเออี,ผู้โค่นต้นไม้,123
ยูเออี,กุ๊ก,54
ยูเออี,เกษตรกรทั่วไป,41
ยูเออี,บรรจุหีบห่อ,23
ยูเออี,คนงานทั่วไป,19
ยูเออี,คนงานในฟาร์มทั่วไป,18
ยูเออี,ผู้ทำงานป่าไม้,16
ยูเออี,ผู้ประสานงาน,12
ยูเออี,ช่างเครื่องยนต์ทั่วไป;ช่างซ่อมเครื่องจักรกลโลหะทั่วไป,11
ยูเออี,ทำความสะอาด,10
ยูเออี,ผู้ดูแลงาน,9
ยูเออี,กุ๊ก (อาหารไทย),7
ยูเออี,ช่างซ่อมเครื่องยนต์,7
ยูเออี,พ่อครัวอาหารไทย,3
ยูเออี,เสมียนชั่งน้ำหนัก,3
ยูเออี,พนักงานดูแลห้องพัก,2
ยูเออี,ผู้ทำงานในสวนไม้ผล สวนองุ่นสวนต้นไม้ และสวนไม้พุ่มอื่น ๆ,2
ยูเออี,ผู้ช่วยกุ๊ก,2
ยูเออี,ช่างซ่อมบำรุง,2
ยูเออี,พนักงานบริการห้องอาหาร,2
ยูเออี,หัวหน้างานทั่วไป,1
ยูเออี,คนทำสวน,1
ยูเออี,ล่ามแปล,1
ยูเออี,ช่างเทคนิค,1
ยูเออี,พ่อครัวชั้นหนึ่ง,1
ยูเออี,ช่างดัดไม้,1
ยูเออี,ช่างประกอบเรือ,1
ยูเออี,ผู้ทำงานในสวนเพาะชำและผู้ทำสวนอื่น ๆ,1
ยูเออี,ผู้ทำไม้,1
ยูเออี,วิศวกรอื่น ๆ,1
ยูเออี,ล่าม,1
ยูเออี,นักสัตวบาล (สัตว์เลี้ยง),1
ยูเออี,เกษตรกรสวนผลไม้,1
ยูเออี,ผู้ตบแต่งสวนไม้ประดับ,1
ยูเออี,ผู้อนุบาล,1
ยูเออี,เสมียนทั่วไป,1
สหรัฐอเมริกา,นวดแผนโบราณ,421
สหรัฐอเมริกา,ช่างเชื่อม,88
สหรัฐอเมริกา,กุ๊ก,75
สหรัฐอเมริกา,คนงานทั่วไป,74
สหรัฐอเมริกา,ช่างประกอบท่อ,62
สหรัฐอเมริกา,พนักงานรักษาความปลอดภัย,45
สหรัฐอเมริกา,ผู้ปฏิบัติงานก่อสร้างอื่น ๆ,44
สหรัฐอเมริกา,พนักงานต้อนรับ,41
สหรัฐอเมริกา,กุ๊ก (อาหารไทย),36
สหรัฐอเมริกา,พนักงานขาย,36
สหรัฐอเมริกา,ช่างซ่อมบำรุง,34
สหรัฐอเมริกา,ช่างแต่งเล็บ,26
สหรัฐอเมริกา,หัวหน้างานทั่วไป,22
สหรัฐอเมริกา,ช่างเทคนิค,21
สหรัฐอเมริกา,ช่างเสริมสวย,21
สหรัฐอเมริกา,ผู้ช่วยช่าง,17
สหรัฐอเมริกา,ควบคุมเครื่องจักร,17
สหรัฐอเมริกา,คนงานเกษตร,16
สหรัฐอเมริกา,ทำความสะอาด,15
สหรัฐอเมริกา,แม่บ้าน,14
สหรัฐอเมริกา,คนงานผลิตผลิตภัณฑ์ทั่วไป,14
สหรัฐอเมริกา,ผู้ช่วยกุ๊ก,14
สหรัฐอเมริกา,ช่างเหล็ก,14
สหรัฐอเมริกา,ช่างทองและช่างเงิน,13
สหรัฐอเมริกา,พนักงานเสริฟ,13
สหรัฐอเมริกา,พนักงานทั่วไป,13
สหรัฐอเมริกา,ช่างไฟฟ้าทั่วไป,12
สหรัฐอเมริกา,ผู้ควบคุมงานเครื่องกล,12
สหรัฐอเมริกา,ช่างประกอบโครงสร้าง,12
สหรัฐอเมริกา,พนักงานธุรการ,11
สหรัฐอเมริกา,ผู้จัดการทั่วไป,11
สหรัฐอเมริกา,ช่างแต่งผม ช่างตัดผม ช่างเสริมสวย และผู้ปฏิบัติงานที่เกี่ยวข,10
สหรัฐอเมริกา,ช่างไม้ (ก่อสร้าง),10
สหรัฐอเมริกา,พนักงานขับรถเครน,9
สหรัฐอเมริกา,พนักงานตรวจสอบ-ควบคุมคุณภาพงาน,9
สหรัฐอเมริกา,โฟร์แมน,9
สหรัฐอเมริกา,ช่างเครื่องยนต์ประจำอากาศยาน,8
สหรัฐอเมริกา,ช่างสี (ชั้น 1),8
สหรัฐอเมริกา,ช่างซ่อมเครื่องยนต์,8
สหรัฐอเมริกา,ผู้ช่วยผู้จัดการ,8
สหรัฐอเมริกา,ช่างตกแต่งภายใน,8
สหรัฐอเมริกา,ช่างฝังเพชรพลอย,7
สหรัฐอเมริกา,ช่างไม้ทั่วไป,7
สหรัฐอเมริกา,วิศวกร,6
สหรัฐอเมริกา,พ่อครัวชั้นหนึ่ง,6
สหรัฐอเมริกา,ผู้ช่วยช่างซ่อมเครื่องจักรกล (ทั่วไป),6
สหรัฐอเมริกา,พนักงานขับรถขุด,6
สหรัฐอเมริกา,ช่างสีรถยนต์,6
สหรัฐอเมริกา,พนักงานขับรถ,6
สหรัฐอเมริกา,วิศวกรโยธาทั่วไป,5
สหรัฐอเมริกา,อุตสาหกรรมผลิตอาหาร,5
สหรัฐอเมริกา,ควบคุมเครนหอ,5
สหรัฐอเมริกา,ช่างเครื่องยนต์ทั่วไป;ช่างซ่อมเครื่องจักรกลโลหะทั่วไป,5
สหรัฐอเมริกา,พนักงานขับรถแบ็คโฮ,5
สหรัฐอเมริกา,ช่างเย็บผ้า,5
สหรัฐอเมริกา,ผู้ควบคุมงานผลิต หัวหน้าคนงานทั่วไปอื่น ๆ,4
สหรัฐอเมริกา,ช่างตัดเสื้อผ้า,4
สหรัฐอเมริกา,ช่างทำทอง (ฝีมือสูง),4
สหรัฐอเมริกา,ผู้ดูแลงาน,4
สหรัฐอเมริกา,กุ๊ก (อาหารญีปุ่น),4
สหรัฐอเมริกา,ช่างปูน,4
สหรัฐอเมริกา,ช่างเครื่องยนต์ดีเซล,4
สหรัฐอเมริกา,พนักงานโรงงาน(ซึ่งมิได้จัดประเภทไว้),4
สหรัฐอเมริกา,หัวหน้างานก่อสร้าง,4
สหรัฐอเมริกา,เสมียนทั่วไป,3
สหรัฐอเมริกา,ช่างประกอบแบบเหล็ก,3
สหรัฐอเมริกา,นักกายภาพบำบัด;พนักงานกายภาพบำบัด,3
สหรัฐอเมริกา,หัวหน้าช่างเชื่อม,3
สหรัฐอเมริกา,ช่างติดตั้งเครื่องจักร,3
สหรัฐอเมริกา,พ่อครัวอาหารไทย,3
สหรัฐอเมริกา,วิศวกรไฟฟ้าทั่วไป,3
สหรัฐอเมริกา,เจียระไนโลหะ,3
สหรัฐอเมริกา,คนทำความสะอาดอาคาร,3
สหรัฐอเมริกา,ผู้ช่วยงานบ้าน,3
สหรัฐอเมริกา,ควบคุมเครื่องจักรกล,3
สหรัฐอเมริกา,ช่างซ่อมเครื่องกลอากาศยาน,3
สหรัฐอเมริกา,ผลิตอลูมิเนียม,3
สหรัฐอเมริกา,ลูกเรือทั่วไป,3
สหรัฐอเมริกา,พนักงานบัญชีทั่วไป,3
สหรัฐอเมริกา,พนักงานเสริฟ พนักงานปรุงและเสริฟเครื่องดื่ม และอื่น ๆ,3
สหรัฐอเมริกา,พนักงานขับรถแมคโคร,3
สหรัฐอเมริกา,พนง.ขับรถแมคโคร,3
สหรัฐอเมริกา,พนักงานรับโทรศัพท์,3
สหรัฐอเมริกา,ช่างเหล็ก (ก่อสร้าง),3
สหรัฐอเมริกา,ผู้ประสานงาน,3
สหรัฐอเมริกา,หมอนวด,3
สหรัฐอเมริกา,กรรมกรหรือคนงานทำงานหนัก,3
สหรัฐอเมริกา,ผู้ช่วยเครน,3
สหรัฐอเมริกา,เจ้าหน้าที่ประชาสัมพันธ์,3
สหรัฐอเมริกา,ช่างเหล็กเสริมคอนกรีต,3
สหรัฐอเมริกา,เจ้าหน้าที่ควบคุมเอกสาร,3
สหรัฐอเมริกา,ช่างแต่งผม ช่างตัดผม ช่างเสริมสวย ฯ,3
สหรัฐอเมริกา,บริกรหญิง,3
สหรัฐอเมริกา,ผู้ช่วยพนักงานเสริฟ,3
สหรัฐอเมริกา,ผู้จัดการแผนกห้องอาหาร,3
สหรัฐอเมริกา,พนักงานต้อนรับบนอากาศยาน,3
สหรัฐอเมริกา,กรรมกรหรือคนงานทำงานเบา,3
สหรัฐอเมริกา,ผู้ช่วยพ่อครัว,3
สหรัฐอเมริกา,ขนถ่ายสินค้า,3
สหรัฐอเมริกา,นักดนตรี,3
สหรัฐอเมริกา,ช่างพ่นสี,3
สหรัฐอเมริกา,ช่างซ่อมยานยนต์,2
สหรัฐอเมริกา,พนักงานบริการห้องอาหาร,2
สหรัฐอเมริกา,ผู้ปฏิบัติงานอาชีพบริการอื่น ๆ,2
สหรัฐอเมริกา,วิศวกรอื่น ๆ,2
สหรัฐอเมริกา,ช่างกลึงอัดโลหะ,2
สหรัฐอเมริกา,วิศวกรโยธาอื่น ๆ,2
สหรัฐอเมริกา,คนทำสวน,2
สหรัฐอเมริกา,ผู้ควบคุมงานทั่วไป,2
สหรัฐอเมริกา,ช่างไฟฟ้าโรงงาน,2
สหรัฐอเมริกา,พนักงานขายของหน้าร้านอื่น ๆ,2
สหรัฐอเมริกา,คนงานแท่นขุดเจาะ,2
สหรัฐอเมริกา,ช่างซ่อมเครื่องกลยานยนต์,2
สหรัฐอเมริกา,พนักงานขับรถโฟลคลิฟท์,2
สหรัฐอเมริกา,ช่างซ่อมเครื่องจักรกล (ยานยนต์),2
สหรัฐอเมริกา,เลขานุการ,2
สหรัฐอเมริกา,ช่างเครื่อง(ผู้เชี่ยวชาญด้านเครื่องยนต์),2
สหรัฐอเมริกา,รองต้นกล; นายช่างกล,2
สหรัฐอเมริกา,ช่างทำเพชรพลอยทั่วไป,2
สหรัฐอเมริกา,พนักงานรับ-จ่ายเงิน(สำนักงานหรือที่ทำการ),2
สหรัฐอเมริกา,หัวหน้างานไฟฟ้า,2
สหรัฐอเมริกา,ช่างซ่อมเครื่องจักรกล อื่น ๆ,2
สหรัฐอเมริกา,ผู้ช่วยผู้จัดการทั่วไป,2
สหรัฐอเมริกา,ผู้ช่วยผู้ปรุงอาหาร,2
สหรัฐอเมริกา,ช่างเทคนิควิศวกรรมโยธา,2
สหรัฐอเมริกา,หญิงเลี้ยงเด็ก,2
สหรัฐอเมริกา,เสมียนการเจ้าหน้าที่,2
สหรัฐอเมริกา,ผู้จัดการฝ่ายขาย,2
สหรัฐอเมริกา,ช่างเงิน (สร้อยและเครื่องประดับ),2
สหรัฐอเมริกา,ผู้ช่วยพนักงานทำความสะอาด,2
สหรัฐอเมริกา,ช่างควบคุมอุปกรณ์(ดูเครื่องจักรในการผลิต ลงรหัสในสาขานั้น),1
สหรัฐอเมริกา,หัวหน้างานติดตั้งโครงสร้าง,1
สหรัฐอเมริกา,ช่างไฟฟ้าฝ่ายบำรุงรักษา,1
สหรัฐอเมริกา,ช่างปรับเครื่องจักร และประกอบเครื่องกล,1
สหรัฐอเมริกา,เจ้าหน้าที่ประมวลผลข้อมูล,1
สหรัฐอเมริกา,นักแสดง,1
สหรัฐอเมริกา,ภุมิสถาปนิก,1
สหรัฐอเมริกา,ช่างไฟฟ้ารถยนต์,1
สหรัฐอเมริกา,ช่างทาสีอาคาร,1
สหรัฐอเมริกา,พนักงานขับรถบรรทุก,1
สหรัฐอเมริกา,กลึงโลหะ,1
สหรัฐอเมริกา,ผู้ปลูกไม้ดอก ชาวสวนดอกไม้,1
สหรัฐอเมริกา,ผู้ฝึกสอนกีฬา,1
สหรัฐอเมริกา,หัวหน้าพนักงานห้องอาหารและเครื่องดื่ม,1
สหรัฐอเมริกา,ผู้อนุบาล,1
สหรัฐอเมริกา,ช่างซ่อมเครื่องจักรกลอากาศยาน,1
สหรัฐอเมริกา,ควบคุมเครื่องจักรกลหนัก,1
สหรัฐอเมริกา,ช่างเทคนิคห้องทดลอง,1
สหรัฐอเมริกา,ช่างประกอบผลิตภัณฑ์โลหะทั่วไป,1
สหรัฐอเมริกา,ช่างต่อเรือ (โลหะ),1
สหรัฐอเมริกา,นักบิน ต้นหน และวิศวกรประจำอากาศยาน,1
สหรัฐอเมริกา,คนงานวางท่อ,1
สหรัฐอเมริกา,หัวหน้างานส่งสัญญาณเครน,1
สหรัฐอเมริกา,เกษตรกรทั่วไป,1
สหรัฐอเมริกา,กรรมกรหรือคนงาน,1
สหรัฐอเมริกา,ช่างประกอบนั่งร้าน,1
สหรัฐอเมริกา,ช่างเชื่อมและช่างตัดด้วยเปลวไฟอื่น ๆ,1
สหรัฐอเมริกา,ช่างเทคนิควิศวกรรมเครื่องกล,1
สหรัฐอเมริกา,พยาบาลวิชาชีพทั่วไป,1
สหรัฐอเมริกา,แพทย์แผนโบราณ,1
สหรัฐอเมริกา,ช่างไฟฟ้าอุปกรณ์หนัก,1
สหรัฐอเมริกา,ผลิตผลิตภัณฑ์อาหารแช่แข็ง,1
สหรัฐอเมริกา,ช่างตัดและแต่งผมชาย,1
สหรัฐอเมริกา,วิศวกรเครื่องกลทั่วไป,1
สหรัฐอเมริกา,ผู้ช่วยช่างขุดเจาะ,1
สหรัฐอเมริกา,พนักงานค้ำยันอุโมงค์,1
สหรัฐอเมริกา,พนักงานขายของหน้าร้าน (ค้าปลีก),1
สหรัฐอเมริกา,ช่างเชื่อมท่อ,1
สหรัฐอเมริกา,หัวหน้าแผนกซ่อมบำรุง,1
สหรัฐอเมริกา,ช่างเพชรพลอยและประดิษฐ์โลหะมีค่า,1
สหรัฐอเมริกา,ผลิตอุปกรณ์ชิ้นส่วนยานพาหนะ,1
สหรัฐอเมริกา,ช่างซ่อมเครื่องยนต์หนัก,1
สหรัฐอเมริกา,ช่างปรับเครื่องจักร และช่างประกอบเครื่องกลอื่น ๆ,1
สหรัฐอเมริกา,เสมียนบัญชี,1
สหรัฐอเมริกา,หัวหน้าคนครัว,1
สหรัฐอเมริกา,ช่างซ่อมตัวถังรถยนต์,1
สหรัฐอเมริกา,โฟร์แมนโครงสร้าง,1
สหรัฐอเมริกา,โฟร์แมนโรงงาน,1
สหรัฐอเมริกา,โฟร์แมนไฟฟ้าอาคาร/โรงงาน,1
สหรัฐอเมริกา,เจ้าหน้าที่ควบคุมคุณภาพ,1
สหรัฐอเมริกา,ครูอาจารย์,1
สหรัฐอเมริกา,ควบคุมซ่อมแซมและติดตั้งเครื่องจักรกล,1
สหรัฐอเมริกา,พนักงานขับรถยิงปูน,1
สหรัฐอเมริกา,ช่างเชื่อมด้วยไฟฟ้า (เครื่องเชื่อม),1
สหรัฐอเมริกา,กุ๊ก (อาหารจีน),1
สหรัฐอเมริกา,หัวหน้างานติดตั้งเครื่องจักร,1
สหรัฐอเมริกา,บริกรชาย,1
สหรัฐอเมริกา,พนักงานในครัว,1
สหรัฐอเมริกา,พนักงานล้างจาน,1
สหรัฐอเมริกา,พนักงานดูแลห้องพัก,1
สหรัฐอเมริกา,หัวหน้าหน่วยห้องพัก,1
สหรัฐอเมริกา,ช่างแกะสลักเชิงประดิษฐ์,1
สหรัฐอเมริกา,กุ๊ก (เบเกอรี่),1
สหรัฐอเมริกา,ผู้จัดการ Q.A.,1
สหรัฐอเมริกา,ช่างซ่อมเครื่องยนต์เรือเดินทะเล,1
สหรัฐอเมริกา,นักการ คนเดินหนังสือ,1
สหรัฐอเมริกา,พนักงานบริการเครื่องดื่ม,1
สหรัฐอเมริกา,หัวหน้าช่างประกอบ,1
สหรัฐอเมริกา,ผลิตผลิตภัณฑ์โลหะ,1
สหรัฐอเมริกา,นักสำรวจภาคพื้นดิน,1
สหรัฐอเมริกา,ช่างคุมเครื่องหล่อมแม่พิมพ์(อุปกรณ์ไฟฟ้า),1
สหรัฐอเมริกา,ช่างตัดเย็บเสื้อผ้า (เฉพาะตัวบุคคล),1
สหรัฐอเมริกา,ช่างประกอบเรือ,1
สหรัฐอเมริกา,ตัวแทนนายหน้าซื้อขายอสังหาริมทรัพย์,1
สหรัฐอเมริกา,ทำความสะอาดหญิง,1
สหรัฐอเมริกา,ช่างปูนปาสเตอร์,1
สหรัฐอเมริกา,ผู้ปรุงอาหารทั่วไป (สำเร็จรูป),1
สหรัฐอเมริกา,พนักงานแท่นขุดเจาะ,1
สหรัฐอเมริกา,ช่างเขียนแบบทั่วไป,1
สหรัฐอเมริกา,ผู้ปฏิบัติงานเกี่ยวกับการผลิตซึ่งมิได้จัดประเภทไว้ในที่อื่น,1
สหรัฐอเมริกา,ช่างศิลป์,1
สหรัฐอเมริกา,ช่างไม้ ทำเครื่องไม้ และปูพื้นไม้พาร์เก้,1
สหรัฐอเมริกา,ช่างประกอบถังเพรสเชอร์,1
สหรัฐอเมริกา,ผู้เจาะบ่อ เจาะหลุม และปฏิบัติงานที่เกี่ยวข้อง,1
สหรัฐอเมริกา,ผู้ปฏิบัติงานอาชีพด้านบริการอื่น ๆ,1
สหรัฐอเมริกา,พนักงานต้อนรับและเสมียนตัวแทนการเดินทางอื่น ๆ,1
สหรัฐอเมริกา,ผู้ให้บริการความปลอดภัยอื่น ๆ,1
สหรัฐอเมริกา,นายช่างใหญ่ทางวิศวกรรมเรือ,1
สหรัฐอเมริกา,นายเรือ; นายท้าย; กัปตันเรือ,1
สหรัฐอเมริกา,นายท้ายเรือยนต์,1
สหรัฐอเมริกา,ช่างก่อคอนกรีตเสริม (การก่อสร้าง),1
สหรัฐอเมริกา,ผู้จัดการทั่วไปในโรงแรม,1
สหรัฐอเมริกา,ช่างทำเบาะ (ยานพาหนะ),1
สหรัฐอเมริกา,ช่างออกแบบไฟฟ้า,1
สหรัฐอเมริกา,หัวหน้าช่างอุปกรณ์เครื่องจักรกล,1
สหรัฐอเมริกา,นักเคมีอื่น ๆ,1
สหรัฐอเมริกา,นักบัญชีอื่น ๆ,1
สหรัฐอเมริกา,พนักงานทำความสะอาดห้องพัก,1
สหรัฐอเมริกา,ช่างทำเครื่องประดับ ด้วยหอยทะเลและเขาสัตว์,1
สหรัฐอเมริกา,ช่างก่ออิฐ ช่างไม้ และปฏิบัติงานก่อสร้าง อื่น ๆ,1
สหรัฐอเมริกา,นักกายภาพบำบัดและนักอาชีวบำบัด,1
สหรัฐอเมริกา,พนักงานให้สัญญาน,1
สหรัฐอเมริกา,ผู้จัดการแผนกต้อนรับ,1
สหรัฐอเมริกา,ช่างท่อทั่วไป,1
สหรัฐอเมริกา,หัวหน้าห้องอาหาร,1
สหรัฐอเมริกา,ผู้ทำความสะอาด และผู้ปฏิบัติงานที่เกี่ยวข้องกัน อื่น ๆ,1
สหรัฐอเมริกา,ช่างก่ออิฐ (ก่อสร้าง),1
สหรัฐอเมริกา,เชฟ เดอ ปาร์ดี้ ชาย,1
สหรัฐอเมริกา,ผู้ช่วยเจ้าหน้าที่ความปลอดภัย,1
สหรัฐอเมริกา,ช่างเคาะพ่นสี,1
สหรัฐอเมริกา,ผู้ปรุงอาหาร,1
สหรัฐอเมริกา,ช่างเพชรพลอยและโลหะที่มีค่าอื่น ๆ,1
สหรัฐอเมริกา,ผู้ช่วยช่างเครื่องจักรกลรถยนต์,1
สหรัฐอเมริกา,ผลิต ผลิตภัณฑ์ไฟเบอร์,1
สหรัฐอเมริกา,วิศวกรควบคุม/เครื่องมือวัด,1
สหรัฐอเมริกา,ช่างเชื่อมด้วยก๊าซและไฟฟ้า,1
สหรัฐอเมริกา,นักเทคโนโลยี่การแพทย์,1
สหรัฐอเมริกา,รองหัวหน้างานทั่วไป,1
สหรัฐอเมริกา,ช่างกลึง; ช่างตั้งและใช้เครื่องกลึง,1
สหรัฐอเมริกา,ช่างก่อหิน (ก่อสร้าง),1
สหรัฐอเมริกา,วิศวกรโยธา,1
สหรัฐอเมริกา,ช่างเจียระไนและขัดเพชรพลอย,1
สหรัฐอเมริกา,ช่างเย็บติดป้าย,1
สหรัฐอเมริกา,ช่างแต่งหน้าผู้แสดง(เวทีและโรงถ่ายภาพยนตร์),1
สหรัฐอเมริกา,ผู้ควบคุมงานผลิต และหัวหน้าคนงานทั่วไป(หมวดอาชีพ),1
สหรัฐอเมริกา,ช่างตัดเย็บเสื้อผ้า และช่างประดิษฐ์เครื่องแต่งกาย อื่น ๆ,1
ลาว,นวดแผนโบราณ,421
ลาว,ช่างเชื่อม,88
ลาว,กุ๊ก,75
ลาว,คนงานทั่วไป,74
ลาว,ช่างประกอบท่อ,62
ลาว,พนักงานรักษาความปลอดภัย,45
ลาว,ผู้ปฏิบัติงานก่อสร้างอื่น ๆ,44
ลาว,พนักงานต้อนรับ,41
ลาว,พนักงานขาย,36
ลาว,กุ๊ก (อาหารไทย),36
ญี่ปุ่น,อุตสาหกรรมผลิตอาหาร,2350
ญี่ปุ่น,ผลิตอาหารสำเร็จรูป,2349
ญี่ปุ่น,ผู้ทำงานในสวนเพาะชำและผู้ทำสวนอื่น ๆ,796
ญี่ปุ่น,ช่างเชื่อม,712
ญี่ปุ่น,คนงานผลิตผลิตภัณฑ์ทั่วไป,663
ญี่ปุ่น,ผู้อนุบาล,643
ญี่ปุ่น,เกษตรกรทั่วไป,634
ญี่ปุ่น,ผลิตผลิตภัณฑ์โลหะ,619
ญี่ปุ่น,พนักงานฝึกงาน,605
ญี่ปุ่น,ประกอบอุปกรณ์ไฟฟ้าอิเลคทรอนิกส์,599
สิงคโปร์,คนงานทั่วไป,789
สิงคโปร์,ผู้ปฏิบัติงานก่อสร้างอื่น ๆ,710
สิงคโปร์,ช่างเชื่อม,381
สิงคโปร์,พนักงานต้อนรับบนอากาศยาน,372
สิงคโปร์,คนงานผลิตผลิตภัณฑ์ทั่วไป,345
สิงคโปร์,กรรมกรหรือคนงาน,220
สิงคโปร์,ช่างประกอบท่อ,194
สิงคโปร์,ช่างเทคนิค,164
สิงคโปร์,ช่างไม้ (ก่อสร้าง),136
สิงคโปร์,กรรมกรหรือคนงานทำงานหนัก,119
สิงคโปร์,วิศวกรอื่น ๆ,106
สิงคโปร์,ผลิตชิ้นส่วนอิเลคทรอนิคส์,105
สิงคโปร์,โฟร์แมน,83
สิงคโปร์,พนง.ขับรถแมคโคร,79
สิงคโปร์,ช่างเหล็ก,68
สิงคโปร์,พนักงานขับรถแมคโคร,67
สิงคโปร์,หัวหน้างานทั่วไป,60
สิงคโปร์,กรรมกรหรือคนงานทำงานเบา,58
สิงคโปร์,พนักงานขับรถแบ็คโฮ,54
สิงคโปร์,ช่างไฟฟ้าทั่วไป,54
สิงคโปร์,พยาบาลวิชาชีพทั่วไป,48
สิงคโปร์,พนักงานขับรถ,41
สิงคโปร์,พนักงานทั่วไป,41
สิงคโปร์,ช่างไม้ทั่วไป,39
สิงคโปร์,กุ๊ก,39
สิงคโปร์,ผู้เชี่ยวชาญ,37
สิงคโปร์,ช่างประกอบโครงสร้าง,37
สิงคโปร์,ช่างปูน,37
สิงคโปร์,ช่างซ่อมบำรุง,31
สิงคโปร์,ผู้ปฏิบัติงานอาชีพบริการอื่น ๆ,29
สิงคโปร์,ลูกเรือทั่วไป,27
สิงคโปร์,พนักงานขับรถขุด,25
สิงคโปร์,ช่างปูกระเบื้อง,25
สิงคโปร์,ช่างประปา,23
สิงคโปร์,กุ๊ก (อาหารไทย),22
สิงคโปร์,แม่บ้าน,21
สิงคโปร์,หัวหน้างานก่อสร้าง,19
สิงคโปร์,วิศวกร,17
สิงคโปร์,ช่างเหล็ก (ก่อสร้าง),16
สิงคโปร์,นายประจำเรือ ต้นเรือ ต้นหนเรือเดินทะเล,16
สิงคโปร์,คนงานแท่นขุดเจาะ,16
สิงคโปร์,ควบคุมเครื่องจักรกล,16
สิงคโปร์,ผู้ช่วยช่าง,15
สิงคโปร์,พนักงานเสริฟ,15
สิงคโปร์,พนักงานขับรถเครน,14
สิงคโปร์,พนักงานต้อนรับ,13
สิงคโปร์,ช่างไฟฟ้าประจำเรือ,13
สิงคโปร์,พนักงานตรวจสอบ-ควบคุมคุณภาพงาน,12
สิงคโปร์,ผู้ควบคุมงาน งานก่อสร้าง,12
สิงคโปร์,บริกรหญิง,11
สิงคโปร์,รองต้นกล; นายช่างกล,11
สิงคโปร์,พนักงานให้สัญญาน,10
สิงคโปร์,ผู้จัดการทั่วไป,10
สิงคโปร์,ผู้ช่วยกุ๊ก,10
สิงคโปร์,ช่างสี (ชั้น 1),10
สิงคโปร์,ผู้ช่วยผู้จัดการ,9
สิงคโปร์,ช่างไม้แบบ,9
สิงคโปร์,ผู้ช่วยโฟร์แมน,9
สิงคโปร์,หัวหน้าช่างเชื่อม,8
สิงคโปร์,ทำความสะอาด,8
สิงคโปร์,พนักงานขับรถแทรคเตอร์,8
สิงคโปร์,พนักงานทำความสะอาดห้องพัก,7
สิงคโปร์,ควบคุมเครื่องจักร,7
สิงคโปร์,ช่างตกแต่งภายใน,7
สิงคโปร์,ผู้ควบคุมงานเครื่องกล,7
สิงคโปร์,หัวหน้าช่างประกอบท่อ,6
สิงคโปร์,ช่างท่อทั่วไป,6
สิงคโปร์,นวดแผนโบราณ,6
สิงคโปร์,ผู้ควบคุมงานผลิต หัวหน้าคนงานทั่วไปอื่น ๆ,6
สิงคโปร์,กรรมกรหรือคนงานอื่น ๆ,6
สิงคโปร์,ผลิตผลิตภัณฑ์คอนกรีต,5
สิงคโปร์,ประกอบชิ้นส่วนอิเลคทรอนิกส์,5
สิงคโปร์,ช่างติดกระจก (อาคาร),5
สิงคโปร์,ผู้ช่วยพยาบาล,5
สิงคโปร์,ช่างประกอบถังเพรสเชอร์,5
สิงคโปร์,ผู้ช่วยงานบ้าน,5
สิงคโปร์,ช่างก่ออิฐ ช่างไม้ และปฏิบัติงานก่อสร้าง อื่น ๆ,5
สิงคโปร์,ช่างซ่อมเครื่องยนต์หนัก,5
สิงคโปร์,ช่างซ่อมแอร์,5
สิงคโปร์,พนักงานขับรถบรรทุก,5
สิงคโปร์,คนทำสวน,5
สิงคโปร์,ช่างซ่อมเครื่องจักรกล (ยานยนต์),5
สิงคโปร์,ขุดเจาะบ่อน้ำมัน,5
สิงคโปร์,ผลิตผลิตภัณฑ์โลหะ,4
สิงคโปร์,ช่างประกอบเรือ,4
สิงคโปร์,พนักงานขับรถบรรทุกหนัก,4
สิงคโปร์,ช่างทาสี,4
สิงคโปร์,ช่างซ่อมเครื่องยนต์,4
สิงคโปร์,ผลิตอลูมิเนียม,4
สิงคโปร์,ช่างเครื่องยนต์ทั่วไป;ช่างซ่อมเครื่องจักรกลโลหะทั่วไป,4
สิงคโปร์,ผู้ควบคุมงานผลิต และหัวหน้าคนงานทั่วไป(หมวดอาชีพ),4
สิงคโปร์,พนักงานบริการห้องอาหาร,4
สิงคโปร์,ผู้ช่วยช่างอลูมิเนียม,4
สิงคโปร์,ช่างเชื่อม  6  จี/อาร์กอน,3
สิงคโปร์,พนักงานขับรถกะบะเทหลัง;พนักงานขับรถดัมพ์ทรัก,3
สิงคโปร์,นักวิเคราะห์ระบบงาน,3
สิงคโปร์,รองหัวหน้างานทั่วไป,3
สิงคโปร์,ช่างเทคนิควิศวกรรมเครื่องกล,3
สิงคโปร์,ช่างก่อสร้างงานโครงเหล็ก,3
สิงคโปร์,ซักผ้า,3
สิงคโปร์,ช่างเชื่อมด้วยก๊าซและไฟฟ้า,3
สิงคโปร์,ช่างเหล็กเสริมคอนกรีต,3
สิงคโปร์,ผลิตเฟอร์นิเจอร์ไม้,3
สิงคโปร์,พนักงานเครื่องขุดตัก,3
สิงคโปร์,ผู้ช่วยเครน,3
สิงคโปร์,ผู้ฝึกสอนกีฬา,3
สิงคโปร์,พ่อครัวชั้นหนึ่ง,3
สิงคโปร์,ช่างปูนฉาบ,3
สิงคโปร์,ช่างเชื่อมไฟฟ้า,3
สิงคโปร์,วิศวกรด้านเทคนิคคอมพิวเตอร์,3
สิงคโปร์,ผลิตเหล็ก,3
สิงคโปร์,ช่างซ่อมเครื่องจักรกล อื่น ๆ,3
สิงคโปร์,ผู้ช่วยช่างขุดเจาะ,3
สิงคโปร์,ผู้ช่วยช่างซ่อมเครื่องจักรกล (ทั่วไป),3
สิงคโปร์,ผู้ดูแลงาน,3
สิงคโปร์,ผู้ควบคุมงานทั่วไป,3
สิงคโปร์,คนงานเกษตร,3
สิงคโปร์,นายเรือ; นายท้าย; กัปตันเรือ,3
สิงคโปร์,ผู้จัดการโครงการ,2
สิงคโปร์,ช่างทาสีก่อสร้างอื่น ๆ,2
สิงคโปร์,ผู้ช่วยช่างบัดกรีท่อแอร์,2
สิงคโปร์,วิศวกรควบคุมอาวุโส/เครื่องมือวัดอาวุโส,2
สิงคโปร์,พ่อครัวอาหารไทย,2
สิงคโปร์,ช่างก่ออิฐ (ก่อสร้าง),2
สิงคโปร์,พนักงานขับรถโฟลคลิฟท์,2
สิงคโปร์,หัวหน้าศูนย์บริการธุรกิจ,2
สิงคโปร์,ช่างเขียนแบบอื่น ๆ,2
สิงคโปร์,กลาสีปากเรือ,2
สิงคโปร์,พนักงานขาย,2
สิงคโปร์,ช่างเชื่อมด้วยไฟฟ้า (เครื่องเชื่อม),2
สิงคโปร์,พนักงานบริการเครื่องดื่ม,2
สิงคโปร์,ช่างพ่นสี,2
สิงคโปร์,ต้นกลเรือ,2
สิงคโปร์,ที่ปรึกษาทางกฎหมาย จนท.ฝ่ายกฎหมาย,2
สิงคโปร์,ตัดเหล็ก,2
สิงคโปร์,คนงานอู่ต่อเรือ,2
สิงคโปร์,ที่ปรึกษา,2
สิงคโปร์,ควบคุมเครื่องจักรกลหนัก,2
สิงคโปร์,พนักงานโรงงาน(ซึ่งมิได้จัดประเภทไว้),2
สิงคโปร์,ขัดหินอ่อน,2
สิงคโปร์,ช่างไฟฟ้าประจำอาคาร,2
สิงคโปร์,พนักงานปากระวาง ลูกเรือ และอื่น ๆ,2
สิงคโปร์,หัวหน้างานส่งสัญญาณเครน,2
สิงคโปร์,พนักงานขับรถยิงปูน,2
สิงคโปร์,ผู้จัดการฝ่ายผลิต,2
สิงคโปร์,ผู้จัดการซึ่งมิได้จัดประเภทไว้ในที่อื่น ๆ,2
สิงคโปร์,วิศวกรโยธาทั่วไป,2
สิงคโปร์,ช่างเชื่อมท่อ,2
สิงคโปร์,ผู้ช่วยผู้จัดการทั่วไป,2
สิงคโปร์,นักสถิติทั่วไป,2
สิงคโปร์,สถาปนิก,2
สิงคโปร์,แรงงานชำนาญงาน,2
สิงคโปร์,บาร์เทนเดอร์  ชาย/หญิง,2
สิงคโปร์,ช่างประกอบแบบเหล็ก,2
สิงคโปร์,พนักงานฝึกงาน,2
สิงคโปร์,ขับโฟคล์ลีฟ,2
สิงคโปร์,ช่างมุงหลังคาอื่น ๆ,2
สิงคโปร์,ช่างติดกระจกแผ่น,2
สิงคโปร์,พนักงานบัญชีทั่วไป,2
สิงคโปร์,ช่างเชื่อมและตัดด้วยเปลวไฟ,2
สิงคโปร์,พนักงานควบคุมเครื่องมือหนัก,2
สิงคโปร์,พนักงานผลิตและประกอบเครื่องคอมพิวเตอร์,2
สิงคโปร์,ช่างประกอบนั่งร้าน,2
สิงคโปร์,โฟร์แมนโครงสร้าง,2
สิงคโปร์,ผู้จัดการฝ่ายบุคคล,2
สิงคโปร์,พนักงานแท่นขุดเจาะ,2
สิงคโปร์,ช่างเทคนิควิศวกรรมอื่น ๆ,2
สิงคโปร์,ช่างกลึง; ช่างตั้งและใช้เครื่องกลึง,2
สิงคโปร์,ช่างฉาบปูนอื่น ๆ,2
สิงคโปร์,ช่างก่อคอนกรีตเสริม (การก่อสร้าง),2
สิงคโปร์,ผู้ให้บริการความปลอดภัยอื่น ๆ,2
สิงคโปร์,ผู้ช่วยผู้ปรุงอาหาร,2
สิงคโปร์,ช่างวางท่อ ช่างเชื่อมโลหะ ทำ ติดตั้งโลหะแผ่น โครงสร้างโลหะ,1
สิงคโปร์,ช่างออกแบบโครงสร้าง,1
สิงคโปร์,คนงานในฟาร์มทั่วไป,1
สิงคโปร์,ช่างเทคนิคไฟฟ้า,1
สิงคโปร์,ช่างตัดต่อท่อ,1
สิงคโปร์,ช่างมุงหลังคา (กระเบื้องและวัสดุที่คล้ายคลึงกัน),1
สิงคโปร์,ช่างไฟฟ้าอุตสาหกรรม,1
สิงคโปร์,พนักงานขับรถตัก,1
สิงคโปร์,อุตสาหกรรมสิ่งทอ,1
สิงคโปร์,ตัดหินอ่อน,1
สิงคโปร์,ผู้ประสานงาน,1
สิงคโปร์,คนงานวางท่อ,1
สิงคโปร์,ควบคุมเครื่องจักรไฟฟ้า,1
สิงคโปร์,นักสำรวจทั่วไป,1
สิงคโปร์,ช่างน้ำมัน และช่างอัดจาระบีประจำเรือ,1
สิงคโปร์,นักบริหาร/ผู้ดูแลฐานข้อมูล; ที่ปรึกษาด้านระบบฐานข้อมูลคอมพิวเตอร์,1
สิงคโปร์,พนักงานควบคุมสโตร์,1
สิงคโปร์,หัวหน้าหน่วยประกอบแผ่นอลูมิเนียม,1
สิงคโปร์,วิศวกรระบบเครือข่าย,1
สิงคโปร์,หัวหน้าควบคุมเครื่องมือหนัก,1
สิงคโปร์,ผู้ควบคุมวัสดุอุปกรณ์,1
สิงคโปร์,เจ้าหน้าที่เทคนิควิทยาศาสตร์กายภาพอื่น ๆ,1
สิงคโปร์,ผู้ควบคุมการขายส่ง;ผู้จัดการฝ่ายขายส่ง,1
สิงคโปร์,ช่างเชื่อมและช่างตัดด้วยเปลวไฟอื่น ๆ,1
สิงคโปร์,ช่างไฟฟ้าฝ่ายบำรุงรักษา,1
สิงคโปร์,เจ้าหน้าที่ประมวลผลข้อมูล,1
สิงคโปร์,ผู้ปฏิบัติงานเกี่ยวกับการกลั่นน้ำมัน,1
สิงคโปร์,ผู้จัดการฝ่ายการเงินและบัญชี;ผู้จัดการฝ่ายการเงิน,1
สิงคโปร์,เจ้าหน้าที่ควบคุมระบบไฟฟ้า,1
สิงคโปร์,วิศวกรควบคุมประสิทธิภาพ,1
สิงคโปร์,คนทำความสะอาดอาคาร,1
สิงคโปร์,ช่างไฟฟ้า-ประปา,1
สิงคโปร์,พนักงานขับรถราง,1
สิงคโปร์,ผลิตเฟอร์นิเจอร์ (ชาย),1
สิงคโปร์,ที่ปรึกษาอาวุโส,1
สิงคโปร์,กลาสีเรือ,1
สิงคโปร์,พนักงานขับรถบรรทุกเทท้าย (รถดัมพ์),1
สิงคโปร์,ช่างเคาะ (ชั้น 1),1
สิงคโปร์,พนักงานเครื่องระบายอากาศ และเครื่องปรับอากาศ,1
สิงคโปร์,ช่างจัดเกรดดิน,1
สิงคโปร์,ช่างวางสายไฟและต่อสายเคเบิล,1
สิงคโปร์,หัวหน้าพนักงานให้สัญญาน,1
สิงคโปร์,ช่างทำเครื่องมือทั่วไป,1
สิงคโปร์,ผู้โค่นต้นไม้,1
สิงคโปร์,ประกอบอุปกรณ์ไฟฟ้าอิเลคทรอนิกส์,1
สิงคโปร์,เจ้าหน้าที่ระบบข้อมูล,1
สิงคโปร์,พ่อครัวมือ3,1
สิงคโปร์,สรั่งเรือ; ต้นเด่น;หัวหน้ากลาสี,1
สิงคโปร์,ช่างไฟฟ้าและช่างเดินสายไฟฟ้า,1
สิงคโปร์,พนักงานในครัว,1
สิงคโปร์,นักวิเคราะห์ระบบงานคอมพิวเตอร์,1
สิงคโปร์,ช่างต่อสายเคเบิลไฟฟ้า,1
สิงคโปร์,หัวหน้าคนครัว,1
สิงคโปร์,ช่างสีรถยนต์,1
สิงคโปร์,นักดนตรี,1
สิงคโปร์,หัวหน้าช่างประกอบ,1
สิงคโปร์,เภสัชกร,1
สิงคโปร์,ผู้ช่วยช่างไฟฟ้าแอร์คอนดิชั่น,1
สิงคโปร์,ผู้จัดการฝ่ายการตลาด,1
สิงคโปร์,ผู้จัดการฝ่ายซื้อและจ่ายวัสดุ;ผู้จัดการฝ่ายวัสดุ;ผู้จัดการฝ่,1
สิงคโปร์,ประกอบเครื่องจักรกล,1
สิงคโปร์,เสมียนบันทึกสินค้าคงคลัง,1
สิงคโปร์,ช่างทาสีอาคาร,1
สิงคโปร์,วิศวกรก่อสร้างอาคาร,1
สิงคโปร์,ช่างก่อคอนกรีตเสริม ช่างตกแต่งผิวซีเมนต์ ช่างทำหินขัด อื่น ๆ,1
สิงคโปร์,เจ้าหน้าที่ประสานโครงการ,1
สิงคโปร์,พนักงานต้อนรับภาคพื้นดิน,1
สิงคโปร์,ช่างยกตั้งนั่งร้าน (โลหะหรือไม้),1
สิงคโปร์,บรรณาธิการผู้ช่วย,1
สิงคโปร์,นักดนตรี นักร้อง,1
สิงคโปร์,คนงานอุตสาหกรรมทั่วไป,1
สิงคโปร์,วิศวกรเครื่องกล (โครงสร้าง),1
สิงคโปร์,พนักงานรับโทรศัพท์,1
สิงคโปร์,ช่างซ่อมเครื่องมือหนัก,1
สิงคโปร์,ช่างก่ออิฐ ก่อหิน และปูกระเบื้อง,1
สิงคโปร์,ช่างฉาบพื้นกระจกเงา,1
สิงคโปร์,ช่างเครื่องยนต์ดีเซล,1
สิงคโปร์,หัวหน้าหน่วยประกอบและติดตั้ง,1
สิงคโปร์,หัวหน้าพนักงานเสริฟ,1
สิงคโปร์,กุ๊ก (อาหารญีปุ่น),1
สิงคโปร์,วิศวกรเคมีอื่น ๆ,1
สิงคโปร์,กุ๊ก (อาหารฝรั่งเศล),1
สิงคโปร์,วิศวกรเครื่องกลทั่วไป,1
สิงคโปร์,พนักงานขับรถเกรด,1
สิงคโปร์,ช่างเดินสายไฟ,1
สิงคโปร์,พนักงานควบคุมการเดินรถไฟ,1
สิงคโปร์,หญิงรับใช้ (งานส่วนบุคคล),1
สิงคโปร์,ช่างเคาะพ่นสี,1
สิงคโปร์,ช่างประกอบผลิตภัณฑ์โลหะทั่วไป,1
สิงคโปร์,ผู้นำร่อง; เจ้าพนักงานนำร่อง,1
สิงคโปร์,พนักงานควบคุมรถลาดยาง,1
สิงคโปร์,พนักงานให้สัญญานเครื่องยก,1
สิงคโปร์,เชฟ เดอ ปาร์ดี้ ชาย,1
สิงคโปร์,แพทย์แผนโบราณ,1
สิงคโปร์,ผู้ช่วยพนักงานเสริฟ,1
สิงคโปร์,ช่างโลหะแผ่นทั่วไป,1
สิงคโปร์,ช่างไฟประจำเรือ (น้ำมัน),1
สิงคโปร์,วิศกรประจำเรืออื่น ๆ,1
สิงคโปร์,ช่างแบบโลหะ,1
สิงคโปร์,หัวหน้าช่างอุปกรณ์เครื่องจักรกล,1
สิงคโปร์,พนักงานขับรถบรรทุกและรถตู้ขนาดใหญ่,1
สิงคโปร์,ช่างทำโลหะแผ่น,1
สิงคโปร์,ประธานกรรมการ,1
สิงคโปร์,สถาปนิก วิศวกร และนักวิชาการที่เกี่ยวข้องกัน,1
สิงคโปร์,ผู้เตรียมดินด้วยเครื่องจักร,1
สิงคโปร์,วิศวกรการผลิต,1
สิงคโปร์,ช่างเชื่อมด้วยไฟฟ้า (มือ),1
สิงคโปร์,ควบคุมปั้นจั่น,1
สิงคโปร์,ช่างติดตั้งเครื่องจักร,1
สิงคโปร์,ช่างหล่อโลหะ,1
สิงคโปร์,คนงานผลิตผลิตภัณฑ์กระเบื้องเคลือบ,1
สิงคโปร์,ช่างฉาบปูนทั่วไป,1
สิงคโปร์,นักสำรวจ,1
สิงคโปร์,ช่างเทคนิคอิเลกทรอนิกส์,1
สิงคโปร์,พนักงานขายส่ง,1
สิงคโปร์,พนักงานขับรถบดถนน;คนขับรถบดถนน,1
สิงคโปร์,ช่างกลึงอัดโลหะ,1
สิงคโปร์,ช่างตั้งและใช้เครื่องมือกล (งานโลหะ)ทั่วไป,1
สิงคโปร์,คนงานผูกลวดสลิงและให้สัญญาณปั้นจั่น,1
สิงคโปร์,ช่างติดตั้งอุปกรณ์ไฟฟ้า,1
สิงคโปร์,ช่างเครื่องประจำเรือ,1
สิงคโปร์,ผู้ตบแต่งสวนไม้ประดับ,1
สิงคโปร์,ช่างซ่อมเครื่องจักรกล(ยกเว้นยานยนต์และอากาศยาน),1
สิงคโปร์,หัวหน้าแผนกซ่อมบำรุง,1
สิงคโปร์,คนทำไม้,1
สิงคโปร์,ผู้ควบคุมงานไฟฟ้า,1
สิงคโปร์,ช่างไม้ต่อเรือใหญ่,1
สิงคโปร์,พนักงานขับรถเทเลอร์,1
สิงคโปร์,ผู้ปฏิบัติงานเกี่ยวกับการกลั่นน้ำมันอื่น ๆ,1
สิงคโปร์,ช่างซ่อมยานยนต์,1
สิงคโปร์,ช่างซ่อมเครื่องกลยานยนต์,1
สิงคโปร์,พนักงานขับรถจักร (ไอน้ำ),1
สิงคโปร์,นักร้อง,1
สิงคโปร์,ที่ปรึกษาด้านออกแบบระบบคอมพิวเตอร์,1
สิงคโปร์,ผู้ปฏิบัติงานเกี่ยวกับการผลิต ซึ่งมิได้จัดประเภทไว้ที่อื่น,1
สิงคโปร์,หัวหน้าพ่อครัวมือ 1,1
