destination_country,province,worker_count
คูเวต,ลำปาง,101
คูเวต,กาฬสินธุ์,80
คูเวต,สกลนคร,68
คูเวต,สุโขทัย,51
คูเวต,อุดรธานี,45
คูเวต,เชียงราย,38
คูเวต,ขอนแก่น,37
คูเวต,นครราชสีมา,34
คูเวต,เชียงใหม่,33
คูเวต,อุบลราชธานี,32
คูเวต,กรุงเทพมหานคร,26
คูเวต,มหาสารคาม,23
คูเวต,หนองบัวลำภู,20
คูเวต,บุรีรัมย์,17
คูเวต,ชัยภูมิ,17
คูเวต,พะเยา,15
คูเวต,ชลบุรี,15
คูเวต,ร้อยเอ็ด,14
คูเวต,สมุทรปราการ,11
คูเวต,น่าน,11
คูเวต,สระแก้ว,10
คูเวต,ศรีสะเกษ,10
คูเวต,สุรินทร์,10
คูเวต,พิษณุโลก,10
คูเวต,นครสวรรค์,9
คูเวต,อุตรดิตถ์,9
คูเวต,นครพนม,9
คูเวต,เพชรบูรณ์,9
คูเวต,เลย,9
คูเวต,ภูเก็ต,8
คูเวต,ตาก,8
คูเวต,นนทบุรี,8
คูเวต,บึงกาฬ,7
คูเวต,หนองคาย,5
คูเวต,อำนาจเจริญ,5
คูเวต,ยโสธร,5
คูเวต,ปทุมธานี,5
คูเวต,สุพรรณบุรี,5
คูเวต,นครปฐม,3
คูเวต,สระบุรี,3
คูเวต,ปราจีนบุรี,3
คูเวต,ลพบุรี,3
คูเวต,ตรัง,2
คูเวต,พระนครศรีอยุธยา,2
คูเวต,ระยอง,2
คูเวต,ราชบุรี,2
คูเวต,ประจวบคีรีขันธ์,2
คูเวต,ยะลา,2
คูเวต,ลำพูน,2
คูเวต,กาญจนบุรี,1
คูเวต,ตราด,1
คูเวต,กำแพงเพชร,1
คูเวต,ฉะเชิงเทรา,1
คูเวต,พังงา,1
คูเวต,แพร่,1
คูเวต,เพชรบุรี,1
คูเวต,พิจิตร,1
คูเวต,มุกดาหาร,1
คูเวต,สิงห์บุรี,1
คูเวต,สมุทรสงคราม,1
กาตาร์,ลำปาง,101
กาตาร์,กาฬสินธุ์,80
กาตาร์,สกลนคร,68
กาตาร์,สุโขทัย,51
กาตาร์,อุดรธานี,45
กาตาร์,เชียงราย,38
กาตาร์,ขอนแก่น,37
กาตาร์,นครราชสีมา,34
กาตาร์,เชียงใหม่,33
กาตาร์,อุบลราชธานี,32
กาตาร์,กรุงเทพมหานคร,26
กาตาร์,มหาสารคาม,23
กาตาร์,หนองบัวลำภู,20
กาตาร์,บุรีรัมย์,17
กาตาร์,ชัยภูมิ,17
กาตาร์,พะเยา,15
กาตาร์,ชลบุรี,15
กาตาร์,ร้อยเอ็ด,14
กาตาร์,สมุทรปราการ,11
กาตาร์,น่าน,11
กาตาร์,สระแก้ว,10
กาตาร์,ศรีสะเกษ,10
กาตาร์,สุรินทร์,10
กาตาร์,พิษณุโลก,10
กาตาร์,นครสวรรค์,9
กาตาร์,อุตรดิตถ์,9
กาตาร์,นครพนม,9
กาตาร์,เพชรบูรณ์,9
กาตาร์,เลย,9
กาตาร์,ภูเก็ต,8
กาตาร์,ตาก,8
กาตาร์,นนทบุรี,8
กาตาร์,บึงกาฬ,7
กาตาร์,หนองคาย,5
กาตาร์,อำนาจเจริญ,5
กาตาร์,ยโสธร,5
กาตาร์,ปทุมธานี,5
กาตาร์,สุพรรณบุรี,5
กาตาร์,นครปฐม,3
กาตาร์,สระบุรี,3
กาตาร์,ปราจีนบุรี,3
กาตาร์,ลพบุรี,3
กาตาร์,ตรัง,2
กาตาร์,พระนครศรีอยุธยา,2
กาตาร์,ระยอง,2
กาตาร์,ราชบุรี,2
กาตาร์,ประจวบคีรีขันธ์,2
กาตาร์,ยะลา,2
กาตาร์,ลำพูน,2
กาตาร์,กาญจนบุรี,1
กาตาร์,ตราด,1
กาตาร์,กำแพงเพชร,1
กาตาร์,ฉะเชิงเทรา,1
กาตาร์,พังงา,1
กาตาร์,แพร่,1
กาตาร์,เพชรบุรี,1
กาตาร์,พิจิตร,1
กาตาร์,มุกดาหาร,1
กาตาร์,สิงห์บุรี,1
กาตาร์,สมุทรสงคราม,1
กาตาร์,อุดรธานี,35547
กาตาร์,นครราชสีมา,19573
กาตาร์,เชียงราย,13794
กาตาร์,ขอนแก่น,12580
กาตาร์,สกลนคร,11455
กาตาร์,นครพนม,11369
กาตาร์,บุรีรัมย์,11290
กาตาร์,ชัยภูมิ,10995
กาตาร์,หนองคาย,9488
กาตาร์,หนองบัวลำภู,8610
กาตาร์,อุบลราชธานี,7779
กาตาร์,ลำปาง,5492
กาตาร์,สุรินทร์,5445
กาตาร์,มหาสารคาม,5429
กาตาร์,สุโขทัย,4367
กาตาร์,กรุงเทพมหานคร,4359
กาตาร์,เชียงใหม่,4153
กาตาร์,บึงกาฬ,3737
กาตาร์,ตาก,3624
กาตาร์,ศรีสะเกษ,3338
กาตาร์,กาฬสินธุ์,3305
กาตาร์,ร้อยเอ็ด,3122
กาตาร์,ปัตตานี,2816
กาตาร์,กำแพงเพชร,2769
กาตาร์,พะเยา,2627
กาตาร์,เพชรบูรณ์,2402
กาตาร์,ชลบุรี,2331
กาตาร์,พิษณุโลก,2225
กาตาร์,น่าน,2169
กาตาร์,สงขลา,2139
กาตาร์,สตูล,1999
กาตาร์,เลย,1898
กาตาร์,นครสวรรค์,1645
กาตาร์,สมุทรปราการ,1530
กาตาร์,อุตรดิตถ์,1468
กาตาร์,ระยอง,1412
กาตาร์,ปทุมธานี,1368
กาตาร์,ยโสธร,1306
กาตาร์,มุกดาหาร,1167
กาตาร์,ลำพูน,1152
กาตาร์,สระแก้ว,1108
กาตาร์,อำนาจเจริญ,1085
กาตาร์,แพร่,1018
กาตาร์,นนทบุรี,949
กาตาร์,พิจิตร,915
กาตาร์,พระนครศรีอยุธยา,778
กาตาร์,ฉะเชิงเทรา,768
กาตาร์,ยะลา,732
กาตาร์,ตรัง,649
กาตาร์,นราธิวาส,649
กาตาร์,ปราจีนบุรี,621
กาตาร์,กาญจนบุรี,583
กาตาร์,ลพบุรี,548
กาตาร์,นครปฐม,536
กาตาร์,สระบุรี,525
กาตาร์,นครศรีธรรมราช,490
กาตาร์,สุพรรณบุรี,458
กาตาร์,สมุทรสาคร,416
กาตาร์,ราชบุรี,373
กาตาร์,อุทัยธานี,361
กาตาร์,แม่ฮ่องสอน,345
กาตาร์,ภูเก็ต,336
กาตาร์,ประจวบคีรีขันธ์,335
กาตาร์,ชัยนาท,301
กาตาร์,จันทบุรี,239
กาตาร์,อ่างทอง,239
กาตาร์,สุราษฎร์ธานี,231
กาตาร์,พัทลุง,207
กาตาร์,เพชรบุรี,186
กาตาร์,สิงห์บุรี,177
กาตาร์,ชุมพร,167
กาตาร์,นครนายก,166
กาตาร์,กระบี่,121
กาตาร์,ตราด,116
กาตาร์,พังงา,111
กาตาร์,สมุทรสงคราม,73
กาตาร์,ระนอง,72
ไอร์แลนด์,นครราชสีมา,65
ไอร์แลนด์,อุดรธานี,52
ไอร์แลนด์,ลำปาง,46
ไอร์แลนด์,บุรีรัมย์,39
ไอร์แลนด์,ขอนแก่น,37
ไอร์แลนด์,ชัยภูมิ,37
ไอร์แลนด์,กรุงเทพมหานคร,37
ไอร์แลนด์,สุโขทัย,34
ไอร์แลนด์,ตาก,30
ไอร์แลนด์,พิจิตร,28
ไอร์แลนด์,กำแพงเพชร,24
ไอร์แลนด์,สกลนคร,23
ไอร์แลนด์,หนองบัวลำภู,21
ไอร์แลนด์,นครพนม,18
ไอร์แลนด์,หนองคาย,17
ไอร์แลนด์,อุบลราชธานี,17
ไอร์แลนด์,เชียงราย,15
ไอร์แลนด์,สุรินทร์,13
ไอร์แลนด์,ศรีสะเกษ,13
ไอร์แลนด์,กาฬสินธุ์,13
ไอร์แลนด์,พิษณุโลก,13
ไอร์แลนด์,มหาสารคาม,13
ไอร์แลนด์,ยโสธร,13
ไอร์แลนด์,ระยอง,12
ไอร์แลนด์,เพชรบูรณ์,12
ไอร์แลนด์,เชียงใหม่,10
ไอร์แลนด์,ร้อยเอ็ด,9
ไอร์แลนด์,นครสวรรค์,9
ไอร์แลนด์,อุตรดิตถ์,8
ไอร์แลนด์,ชลบุรี,8
ไอร์แลนด์,อำนาจเจริญ,7
ไอร์แลนด์,แพร่,6
ไอร์แลนด์,บึงกาฬ,6
ไอร์แลนด์,ปทุมธานี,6
ไอร์แลนด์,สมุทรปราการ,6
ไอร์แลนด์,พะเยา,6
ไอร์แลนด์,นนทบุรี,5
ไอร์แลนด์,กาญจนบุรี,5
ไอร์แลนด์,เลย,5
ไอร์แลนด์,น่าน,5
ไอร์แลนด์,อ่างทอง,5
ไอร์แลนด์,ภูเก็ต,5
ไอร์แลนด์,สระแก้ว,4
ไอร์แลนด์,ฉะเชิงเทรา,4
ไอร์แลนด์,ปราจีนบุรี,3
ไอร์แลนด์,ชัยนาท,3
ไอร์แลนด์,ราชบุรี,3
ไอร์แลนด์,ลพบุรี,3
ไอร์แลนด์,มุกดาหาร,3
ไอร์แลนด์,อุทัยธานี,3
ไอร์แลนด์,สุพรรณบุรี,3
ไอร์แลนด์,พระนครศรีอยุธยา,2
ไอร์แลนด์,สระบุรี,2
ไอร์แลนด์,ตราด,2
ไอร์แลนด์,ประจวบคีรีขันธ์,2
ไอร์แลนด์,จันทบุรี,2
ไอร์แลนด์,นครนายก,2
ไอร์แลนด์,ตรัง,2
ไอร์แลนด์,สิงห์บุรี,2
ไอร์แลนด์,สงขลา,1
ไอร์แลนด์,นครปฐม,1
ไอร์แลนด์,ระนอง,1
ไอร์แลนด์,แม่ฮ่องสอน,1
ไอร์แลนด์,นครศรีธรรมราช,1
ไอร์แลนด์,พังงา,1
ไอร์แลนด์,เพชรบุรี,1
ไอร์แลนด์,สมุทรสาคร,1
ไอร์แลนด์,อุดรธานี,51
ไอร์แลนด์,ขอนแก่น,47
ไอร์แลนด์,นครราชสีมา,40
ไอร์แลนด์,กรุงเทพมหานคร,32
ไอร์แลนด์,ลำปาง,31
ไอร์แลนด์,สกลนคร,26
ไอร์แลนด์,ตาก,26
ไอร์แลนด์,หนองบัวลำภู,25
ไอร์แลนด์,อุบลราชธานี,24
ไอร์แลนด์,ชัยภูมิ,22
ไอร์แลนด์,บุรีรัมย์,21
ไอร์แลนด์,สุโขทัย,20
ไอร์แลนด์,ศรีสะเกษ,19
ไอร์แลนด์,หนองคาย,18
ไอร์แลนด์,ระยอง,17
ไอร์แลนด์,กำแพงเพชร,17
ไอร์แลนด์,มหาสารคาม,16
ไอร์แลนด์,นครพนม,16
ไอร์แลนด์,นครสวรรค์,14
ไอร์แลนด์,พิจิตร,12
ไอร์แลนด์,มุกดาหาร,12
ไอร์แลนด์,พิษณุโลก,12
ไอร์แลนด์,ชลบุรี,11
ไอร์แลนด์,สุรินทร์,11
ไอร์แลนด์,บึงกาฬ,9
ไอร์แลนด์,ปทุมธานี,9
ไอร์แลนด์,ร้อยเอ็ด,8
ไอร์แลนด์,ยโสธร,8
ไอร์แลนด์,สมุทรปราการ,8
ไอร์แลนด์,กาฬสินธุ์,8
ไอร์แลนด์,เลย,7
ไอร์แลนด์,นนทบุรี,7
ไอร์แลนด์,สงขลา,7
ไอร์แลนด์,เพชรบูรณ์,6
ไอร์แลนด์,ชัยนาท,6
ไอร์แลนด์,พะเยา,5
ไอร์แลนด์,นครศรีธรรมราช,5
ไอร์แลนด์,ตรัง,4
ไอร์แลนด์,อุตรดิตถ์,4
ไอร์แลนด์,สุพรรณบุรี,4
ไอร์แลนด์,กาญจนบุรี,4
ไอร์แลนด์,เชียงใหม่,4
ไอร์แลนด์,ปราจีนบุรี,4
ไอร์แลนด์,ฉะเชิงเทรา,3
ไอร์แลนด์,ประจวบคีรีขันธ์,3
ไอร์แลนด์,ตราด,3
ไอร์แลนด์,สระแก้ว,3
ไอร์แลนด์,เชียงราย,3
ไอร์แลนด์,อำนาจเจริญ,3
ไอร์แลนด์,ราชบุรี,2
ไอร์แลนด์,น่าน,2
ไอร์แลนด์,อ่างทอง,2
ไอร์แลนด์,นครปฐม,2
ไอร์แลนด์,ลำพูน,2
ไอร์แลนด์,สุราษฎร์ธานี,1
ไอร์แลนด์,นราธิวาส,1
ไอร์แลนด์,แพร่,1
ไอร์แลนด์,พระนครศรีอยุธยา,1
ไอร์แลนด์,สิงห์บุรี,1
ไอร์แลนด์,อุทัยธานี,1
โปแลนด์,อุดรธานี,51
โปแลนด์,ขอนแก่น,47
โปแลนด์,นครราชสีมา,40
โปแลนด์,กรุงเทพมหานคร,32
โปแลนด์,ลำปาง,31
โปแลนด์,สกลนคร,26
โปแลนด์,ตาก,26
โปแลนด์,หนองบัวลำภู,25
โปแลนด์,อุบลราชธานี,24
โปแลนด์,ชัยภูมิ,22
โปแลนด์,บุรีรัมย์,21
โปแลนด์,สุโขทัย,20
โปแลนด์,ศรีสะเกษ,19
โปแลนด์,หนองคาย,18
โปแลนด์,ระยอง,17
โปแลนด์,กำแพงเพชร,17
โปแลนด์,มหาสารคาม,16
โปแลนด์,นครพนม,16
โปแลนด์,นครสวรรค์,14
โปแลนด์,พิจิตร,12
โปแลนด์,มุกดาหาร,12
โปแลนด์,พิษณุโลก,12
โปแลนด์,ชลบุรี,11
โปแลนด์,สุรินทร์,11
โปแลนด์,บึงกาฬ,9
โปแลนด์,ปทุมธานี,9
โปแลนด์,ร้อยเอ็ด,8
โปแลนด์,ยโสธร,8
โปแลนด์,สมุทรปราการ,8
โปแลนด์,กาฬสินธุ์,8
โปแลนด์,เลย,7
โปแลนด์,นนทบุรี,7
โปแลนด์,สงขลา,7
โปแลนด์,เพชรบูรณ์,6
โปแลนด์,ชัยนาท,6
โปแลนด์,พะเยา,5
โปแลนด์,ภูเก็ต,5
โปแลนด์,นครศรีธรรมราช,5
โปแลนด์,ตรัง,4
โปแลนด์,อุตรดิตถ์,4
โปแลนด์,สุพรรณบุรี,4
โปแลนด์,กาญจนบุรี,4
โปแลนด์,เชียงใหม่,4
โปแลนด์,ปราจีนบุรี,4
โปแลนด์,ฉะเชิงเทรา,3
โปแลนด์,ประจวบคีรีขันธ์,3
โปแลนด์,ตราด,3
โปแลนด์,สระแก้ว,3
โปแลนด์,เชียงราย,3
โปแลนด์,อำนาจเจริญ,3
โปแลนด์,ลพบุรี,3
โปแลนด์,ราชบุรี,2
โปแลนด์,น่าน,2
โปแลนด์,อ่างทอง,2
โปแลนด์,นครปฐม,2
โปแลนด์,จันทบุรี,2
โปแลนด์,ลำพูน,2
โปแลนด์,สระบุรี,2
โปแลนด์,สุราษฎร์ธานี,1
โปแลนด์,นราธิวาส,1
โปแลนด์,แพร่,1
โปแลนด์,พระนครศรีอยุธยา,1
โปแลนด์,สิงห์บุรี,1
โปแลนด์,อุทัยธานี,1
โปแลนด์,เพชรบุรี,1
โปแลนด์,สมุทรสาคร,1
โปแลนด์,พังงา,1
โปแลนด์,นครราชสีมา,236
โปแลนด์,ขอนแก่น,135
โปแลนด์,เชียงราย,80
โปแลนด์,อุดรธานี,33
โปแลนด์,มหาสารคาม,24
โปแลนด์,กรุงเทพมหานคร,19
โปแลนด์,สุโขทัย,14
โปแลนด์,อุบลราชธานี,11
โปแลนด์,ชัยภูมิ,10
โปแลนด์,หนองคาย,10
โปแลนด์,ชลบุรี,8
โปแลนด์,เชียงใหม่,8
โปแลนด์,สกลนคร,8
โปแลนด์,ปทุมธานี,7
โปแลนด์,บุรีรัมย์,7
โปแลนด์,กาฬสินธุ์,5
โปแลนด์,สุรินทร์,5
โปแลนด์,เพชรบูรณ์,5
โปแลนด์,บึงกาฬ,4
โปแลนด์,ลพบุรี,4
โปแลนด์,นนทบุรี,4
โปแลนด์,หนองบัวลำภู,4
โปแลนด์,ลำปาง,4
โปแลนด์,พระนครศรีอยุธยา,4
โปแลนด์,ร้อยเอ็ด,4
โปแลนด์,ศรีสะเกษ,4
โปแลนด์,นครพนม,4
โปแลนด์,สมุทรปราการ,3
โปแลนด์,สุพรรณบุรี,3
โปแลนด์,นครปฐม,3
โปแลนด์,กระบี่,3
โปแลนด์,ระยอง,2
โปแลนด์,เลย,2
โปแลนด์,นครสวรรค์,1
โปแลนด์,พะเยา,1
โปแลนด์,สมุทรสงคราม,1
โปแลนด์,กำแพงเพชร,1
โปแลนด์,พิษณุโลก,1
โปแลนด์,ยโสธร,1
โปแลนด์,ฉะเชิงเทรา,1
โปแลนด์,อำนาจเจริญ,1
โปแลนด์,จันทบุรี,1
โปแลนด์,กาญจนบุรี,1
โปแลนด์,นครศรีธรรมราช,1
โปแลนด์,ลำพูน,1
บาห์เรน,นครราชสีมา,236
บาห์เรน,ขอนแก่น,135
บาห์เรน,เชียงราย,80
บาห์เรน,อุดรธานี,33
บาห์เรน,มหาสารคาม,24
บาห์เรน,กรุงเทพมหานคร,19
บาห์เรน,สุโขทัย,14
บาห์เรน,อุบลราชธานี,11
บาห์เรน,หนองคาย,10
บาห์เรน,ชัยภูมิ,10
เช็ก,อุดรธานี,49
เช็ก,กรุงเทพมหานคร,42
เช็ก,นครราชสีมา,37
เช็ก,หนองบัวลำภู,33
เช็ก,หนองคาย,26
เช็ก,ขอนแก่น,24
เช็ก,บุรีรัมย์,23
เช็ก,ลำปาง,23
เช็ก,ชัยภูมิ,23
เช็ก,สกลนคร,22
เช็ก,สุรินทร์,16
เช็ก,เชียงราย,15
เช็ก,ร้อยเอ็ด,14
เช็ก,อุบลราชธานี,13
เช็ก,ศรีสะเกษ,13
เช็ก,มหาสารคาม,12
เช็ก,พิษณุโลก,11
เช็ก,สุโขทัย,10
เช็ก,สงขลา,10
เช็ก,ยโสธร,9
เช็ก,อำนาจเจริญ,9
เช็ก,เชียงใหม่,8
เช็ก,นนทบุรี,8
เช็ก,บึงกาฬ,8
เช็ก,กาฬสินธุ์,8
เช็ก,ปทุมธานี,8
เช็ก,พิจิตร,8
เช็ก,ชลบุรี,8
เช็ก,ลพบุรี,7
เช็ก,กำแพงเพชร,7
เช็ก,นครปฐม,6
เช็ก,ราชบุรี,6
เช็ก,สมุทรปราการ,6
เช็ก,ตาก,6
เช็ก,เพชรบูรณ์,6
เช็ก,อุตรดิตถ์,5
เช็ก,ระยอง,5
เช็ก,ปราจีนบุรี,5
เช็ก,สระบุรี,4
เช็ก,ภูเก็ต,4
เช็ก,กาญจนบุรี,4
เช็ก,นครสวรรค์,4
เช็ก,พระนครศรีอยุธยา,3
เช็ก,อุทัยธานี,3
เช็ก,มุกดาหาร,3
เช็ก,สระแก้ว,3
เช็ก,พะเยา,3
เช็ก,นครนายก,3
เช็ก,แพร่,3
เช็ก,เพชรบุรี,3
เช็ก,เลย,2
เช็ก,สิงห์บุรี,2
เช็ก,จันทบุรี,2
เช็ก,นครศรีธรรมราช,2
เช็ก,สมุทรสาคร,2
เช็ก,สุพรรณบุรี,2
เช็ก,ประจวบคีรีขันธ์,2
เช็ก,สุราษฎร์ธานี,2
เช็ก,ตราด,1
เช็ก,ชุมพร,1
เช็ก,พัทลุง,1
เช็ก,ฉะเชิงเทรา,1
เช็ก,นราธิวาส,1
เช็ก,เชียงใหม่,39
เช็ก,กรุงเทพมหานคร,39
เช็ก,ชัยภูมิ,33
เช็ก,นครราชสีมา,32
เช็ก,อุดรธานี,30
เช็ก,สกลนคร,23
เช็ก,หนองคาย,22
เช็ก,เชียงราย,20
เช็ก,ขอนแก่น,19
เช็ก,อุบลราชธานี,19
เช็ก,บุรีรัมย์,19
เช็ก,ปทุมธานี,16
เช็ก,สมุทรปราการ,15
เช็ก,นครสวรรค์,15
เช็ก,เพชรบูรณ์,12
เช็ก,ชลบุรี,12
เช็ก,พิษณุโลก,12
เช็ก,ศรีสะเกษ,12
เช็ก,กาฬสินธุ์,9
เช็ก,ภูเก็ต,9
เช็ก,นนทบุรี,9
เช็ก,ลำปาง,9
เช็ก,พระนครศรีอยุธยา,8
เช็ก,ร้อยเอ็ด,8
เช็ก,พะเยา,7
เช็ก,อุตรดิตถ์,7
เช็ก,สุโขทัย,7
เช็ก,มหาสารคาม,7
เช็ก,พิจิตร,7
เช็ก,หนองบัวลำภู,7
เช็ก,เลย,6
เช็ก,ลพบุรี,6
เช็ก,นครพนม,6
เช็ก,ฉะเชิงเทรา,6
เช็ก,สมุทรสาคร,5
เช็ก,น่าน,5
เช็ก,นครปฐม,5
เช็ก,สระแก้ว,5
เช็ก,ตาก,4
เช็ก,ตราด,4
เช็ก,ลำพูน,4
เช็ก,ยโสธร,4
เช็ก,ประจวบคีรีขันธ์,3
เช็ก,นครศรีธรรมราช,3
เช็ก,สระบุรี,3
เช็ก,สุพรรณบุรี,3
เช็ก,กาญจนบุรี,3
เช็ก,อำนาจเจริญ,3
เช็ก,สงขลา,3
เช็ก,พัทลุง,2
เช็ก,กระบี่,2
เช็ก,ชัยนาท,2
เช็ก,อ่างทอง,2
เช็ก,ตรัง,2
เช็ก,กำแพงเพชร,2
เช็ก,ราชบุรี,2
เช็ก,มุกดาหาร,2
เช็ก,เพชรบุรี,2
เช็ก,สิงห์บุรี,1
เช็ก,แม่ฮ่องสอน,1
เช็ก,ปราจีนบุรี,1
เช็ก,นครนายก,1
เช็ก,พังงา,1
เช็ก,จันทบุรี,1
อินโดนีเซีย,อุดรธานี,49
อินโดนีเซีย,กรุงเทพมหานคร,42
อินโดนีเซีย,นครราชสีมา,37
อินโดนีเซีย,หนองบัวลำภู,33
อินโดนีเซีย,หนองคาย,26
อินโดนีเซีย,ขอนแก่น,24
อินโดนีเซีย,บุรีรัมย์,23
อินโดนีเซีย,ลำปาง,23
อินโดนีเซีย,ชัยภูมิ,23
อินโดนีเซีย,สกลนคร,22
อินโดนีเซีย,สุรินทร์,16
อินโดนีเซีย,เชียงราย,15
อินโดนีเซีย,ร้อยเอ็ด,14
อินโดนีเซีย,อุบลราชธานี,13
อินโดนีเซีย,ศรีสะเกษ,13
อินโดนีเซีย,มหาสารคาม,12
อินโดนีเซีย,พิษณุโลก,11
อินโดนีเซีย,สุโขทัย,10
อินโดนีเซีย,สงขลา,10
อินโดนีเซีย,ยโสธร,9
อินโดนีเซีย,อำนาจเจริญ,9
อินโดนีเซีย,เชียงใหม่,8
อินโดนีเซีย,นนทบุรี,8
อินโดนีเซีย,บึงกาฬ,8
อินโดนีเซีย,กาฬสินธุ์,8
อินโดนีเซีย,ปทุมธานี,8
อินโดนีเซีย,พิจิตร,8
อินโดนีเซีย,ชลบุรี,8
อินโดนีเซีย,ลพบุรี,7
อินโดนีเซีย,กำแพงเพชร,7
อินโดนีเซีย,นครปฐม,6
อินโดนีเซีย,ราชบุรี,6
อินโดนีเซีย,สมุทรปราการ,6
อินโดนีเซีย,ตาก,6
อินโดนีเซีย,เพชรบูรณ์,6
อินโดนีเซีย,อุตรดิตถ์,5
อินโดนีเซีย,ระยอง,5
อินโดนีเซีย,ปราจีนบุรี,5
อินโดนีเซีย,สระบุรี,4
อินโดนีเซีย,ภูเก็ต,4
อินโดนีเซีย,กาญจนบุรี,4
อินโดนีเซีย,นครสวรรค์,4
อินโดนีเซีย,พระนครศรีอยุธยา,3
อินโดนีเซีย,อุทัยธานี,3
อินโดนีเซีย,มุกดาหาร,3
อินโดนีเซีย,สระแก้ว,3
อินโดนีเซีย,พะเยา,3
อินโดนีเซีย,นครนายก,3
อินโดนีเซีย,แพร่,3
อินโดนีเซีย,เพชรบุรี,3
อินโดนีเซีย,เลย,2
อินโดนีเซีย,สิงห์บุรี,2
อินโดนีเซีย,จันทบุรี,2
อินโดนีเซีย,นครศรีธรรมราช,2
อินโดนีเซีย,สมุทรสาคร,2
อินโดนีเซีย,สุพรรณบุรี,2
อินโดนีเซีย,ประจวบคีรีขันธ์,2
อินโดนีเซีย,สุราษฎร์ธานี,2
อินโดนีเซีย,ตราด,1
อินโดนีเซีย,ชุมพร,1
อินโดนีเซีย,พัทลุง,1
อินโดนีเซีย,ฉะเชิงเทรา,1
อินโดนีเซีย,นราธิวาส,1
อินโดนีเซีย,เชียงใหม่,39
อินโดนีเซีย,กรุงเทพมหานคร,39
อินโดนีเซีย,ชัยภูมิ,33
อินโดนีเซีย,นครราชสีมา,32
อินโดนีเซีย,อุดรธานี,30
อินโดนีเซีย,สกลนคร,23
อินโดนีเซีย,หนองคาย,22
อินโดนีเซีย,เชียงราย,20
อินโดนีเซีย,ขอนแก่น,19
อินโดนีเซีย,อุบลราชธานี,19
อินโดนีเซีย,บุรีรัมย์,19
อินโดนีเซีย,ปทุมธานี,16
อินโดนีเซีย,สมุทรปราการ,15
อินโดนีเซีย,นครสวรรค์,15
อินโดนีเซีย,เพชรบูรณ์,12
อินโดนีเซีย,ชลบุรี,12
อินโดนีเซีย,พิษณุโลก,12
อินโดนีเซีย,ศรีสะเกษ,12
อินโดนีเซีย,กาฬสินธุ์,9
อินโดนีเซีย,ภูเก็ต,9
อินโดนีเซีย,นนทบุรี,9
อินโดนีเซีย,ลำปาง,9
อินโดนีเซีย,พระนครศรีอยุธยา,8
อินโดนีเซีย,ร้อยเอ็ด,8
อินโดนีเซีย,พะเยา,7
อินโดนีเซีย,อุตรดิตถ์,7
อินโดนีเซีย,สุโขทัย,7
อินโดนีเซีย,มหาสารคาม,7
อินโดนีเซีย,พิจิตร,7
อินโดนีเซีย,หนองบัวลำภู,7
อินโดนีเซีย,เลย,6
อินโดนีเซีย,ลพบุรี,6
อินโดนีเซีย,นครพนม,6
อินโดนีเซีย,ฉะเชิงเทรา,6
อินโดนีเซีย,สมุทรสาคร,5
อินโดนีเซีย,น่าน,5
อินโดนีเซีย,นครปฐม,5
อินโดนีเซีย,สระแก้ว,5
อินโดนีเซีย,ตาก,4
อินโดนีเซีย,ตราด,4
อินโดนีเซีย,ลำพูน,4
อินโดนีเซีย,ยโสธร,4
อินโดนีเซีย,ประจวบคีรีขันธ์,3
อินโดนีเซีย,นครศรีธรรมราช,3
อินโดนีเซีย,สระบุรี,3
อินโดนีเซีย,สุพรรณบุรี,3
อินโดนีเซีย,กาญจนบุรี,3
อินโดนีเซีย,อำนาจเจริญ,3
อินโดนีเซีย,สงขลา,3
อินโดนีเซีย,พัทลุง,2
อินโดนีเซีย,กระบี่,2
อินโดนีเซีย,ชัยนาท,2
อินโดนีเซีย,อ่างทอง,2
อินโดนีเซีย,ตรัง,2
อินโดนีเซีย,กำแพงเพชร,2
อินโดนีเซีย,ราชบุรี,2
อินโดนีเซีย,มุกดาหาร,2
อินโดนีเซีย,เพชรบุรี,2
อินโดนีเซีย,สิงห์บุรี,1
อินโดนีเซีย,แม่ฮ่องสอน,1
อินโดนีเซีย,ปราจีนบุรี,1
อินโดนีเซีย,นครนายก,1
อินโดนีเซีย,พังงา,1
อินโดนีเซีย,จันทบุรี,1
อินโดนีเซีย,กรุงเทพมหานคร,57
อินโดนีเซีย,อุบลราชธานี,29
อินโดนีเซีย,อุดรธานี,26
อินโดนีเซีย,ศรีสะเกษ,26
อินโดนีเซีย,บุรีรัมย์,21
อินโดนีเซีย,ขอนแก่น,20
อินโดนีเซีย,ร้อยเอ็ด,19
อินโดนีเซีย,สกลนคร,18
อินโดนีเซีย,เชียงใหม่,18
อินโดนีเซีย,เพชรบูรณ์,16
อินโดนีเซีย,สมุทรปราการ,16
อินโดนีเซีย,ชัยภูมิ,15
อินโดนีเซีย,ปทุมธานี,15
อินโดนีเซีย,หนองบัวลำภู,13
อินโดนีเซีย,พิจิตร,13
อินโดนีเซีย,กาฬสินธุ์,12
อินโดนีเซีย,สุรินทร์,12
อินโดนีเซีย,เชียงราย,11
อินโดนีเซีย,นครสวรรค์,11
อินโดนีเซีย,พิษณุโลก,10
อินโดนีเซีย,นนทบุรี,10
อินโดนีเซีย,ชลบุรี,9
อินโดนีเซีย,สุโขทัย,8
อินโดนีเซีย,กำแพงเพชร,8
อินโดนีเซีย,นครพนม,8
อินโดนีเซีย,สระแก้ว,7
อินโดนีเซีย,ปราจีนบุรี,7
อินโดนีเซีย,สุพรรณบุรี,7
อินโดนีเซีย,กาญจนบุรี,7
อินโดนีเซีย,ยโสธร,5
อินโดนีเซีย,นครศรีธรรมราช,5
อินโดนีเซีย,อำนาจเจริญ,4
อินโดนีเซีย,หนองคาย,4
อินโดนีเซีย,ตาก,3
อินโดนีเซีย,ราชบุรี,3
อินโดนีเซีย,อ่างทอง,3
อินโดนีเซีย,สมุทรสาคร,3
อินโดนีเซีย,บึงกาฬ,3
อินโดนีเซีย,อุตรดิตถ์,3
อินโดนีเซีย,ระยอง,3
อินโดนีเซีย,ฉะเชิงเทรา,3
อินโดนีเซีย,ภูเก็ต,2
อินโดนีเซีย,ลำปาง,2
อินโดนีเซีย,ชุมพร,2
อินโดนีเซีย,น่าน,1
อินโดนีเซีย,เพชรบุรี,1
อินโดนีเซีย,สระบุรี,1
อินโดนีเซีย,ระนอง,1
อินโดนีเซีย,ชัยนาท,1
อินโดนีเซีย,สงขลา,1
อินโดนีเซีย,เลย,1
อินโดนีเซีย,กระบี่,1
อินโดนีเซีย,ประจวบคีรีขันธ์,1
อินโดนีเซีย,พังงา,44
อินโดนีเซีย,พระนครศรีอยุธยา,36
อินโดนีเซีย,ราชบุรี,22
อินโดนีเซีย,สงขลา,21
อินโดนีเซีย,ปทุมธานี,21
อินโดนีเซีย,อุดรธานี,17
อินโดนีเซีย,กรุงเทพมหานคร,17
อินโดนีเซีย,นครปฐม,15
อินโดนีเซีย,ภูเก็ต,15
อินโดนีเซีย,นครราชสีมา,14
อินโดนีเซีย,กาญจนบุรี,13
อินโดนีเซีย,ยะลา,10
อินโดนีเซีย,บุรีรัมย์,10
อินโดนีเซีย,มหาสารคาม,9
อินโดนีเซีย,ปัตตานี,9
อินโดนีเซีย,อุบลราชธานี,9
อินโดนีเซีย,นครศรีธรรมราช,9
อินโดนีเซีย,ศรีสะเกษ,8
อินโดนีเซีย,ลำปาง,8
อินโดนีเซีย,เชียงราย,8
อินโดนีเซีย,สมุทรปราการ,7
อินโดนีเซีย,เพชรบูรณ์,7
อินโดนีเซีย,ขอนแก่น,7
อินโดนีเซีย,สกลนคร,6
อินโดนีเซีย,ชุมพร,5
อินโดนีเซีย,นราธิวาส,5
อินโดนีเซีย,เลย,5
อินโดนีเซีย,อ่างทอง,5
อินโดนีเซีย,พิจิตร,5
อินโดนีเซีย,สุพรรณบุรี,5
อินโดนีเซีย,ร้อยเอ็ด,4
อินโดนีเซีย,ประจวบคีรีขันธ์,4
อินโดนีเซีย,พิษณุโลก,4
อินโดนีเซีย,สมุทรสงคราม,4
อินโดนีเซีย,กำแพงเพชร,4
อินโดนีเซีย,ชัยนาท,3
อินโดนีเซีย,นนทบุรี,3
อินโดนีเซีย,ลพบุรี,3
อินโดนีเซีย,สุราษฎร์ธานี,3
อินโดนีเซีย,พัทลุง,3
อินโดนีเซีย,ชัยภูมิ,3
อินโดนีเซีย,สระแก้ว,2
อินโดนีเซีย,ระยอง,2
อินโดนีเซีย,เชียงใหม่,2
อินโดนีเซีย,กาฬสินธุ์,2
อินโดนีเซีย,หนองคาย,2
อินโดนีเซีย,อุทัยธานี,1
อินโดนีเซีย,ยโสธร,1
อินโดนีเซีย,อุตรดิตถ์,1
อินโดนีเซีย,แพร่,1
อินโดนีเซีย,อำนาจเจริญ,1
อินโดนีเซีย,ตรัง,1
อินโดนีเซีย,สุรินทร์,1
อินโดนีเซีย,หนองบัวลำภู,1
อินโดนีเซีย,ลำพูน,1
สวิตเซอร์แลนด์,พังงา,44
สวิตเซอร์แลนด์,พระนครศรีอยุธยา,36
สวิตเซอร์แลนด์,ราชบุรี,22
สวิตเซอร์แลนด์,สงขลา,21
สวิตเซอร์แลนด์,ปทุมธานี,21
สวิตเซอร์แลนด์,อุดรธานี,17
สวิตเซอร์แลนด์,กรุงเทพมหานคร,17
สวิตเซอร์แลนด์,นครปฐม,15
สวิตเซอร์แลนด์,ภูเก็ต,15
สวิตเซอร์แลนด์,นครราชสีมา,14
สวิตเซอร์แลนด์,กาญจนบุรี,13
สวิตเซอร์แลนด์,ยะลา,10
สวิตเซอร์แลนด์,บุรีรัมย์,10
สวิตเซอร์แลนด์,มหาสารคาม,9
สวิตเซอร์แลนด์,ปัตตานี,9
สวิตเซอร์แลนด์,อุบลราชธานี,9
สวิตเซอร์แลนด์,นครศรีธรรมราช,9
สวิตเซอร์แลนด์,ศรีสะเกษ,8
สวิตเซอร์แลนด์,ลำปาง,8
สวิตเซอร์แลนด์,นครพนม,8
สวิตเซอร์แลนด์,เชียงราย,8
สวิตเซอร์แลนด์,ชลบุรี,8
สวิตเซอร์แลนด์,สมุทรปราการ,7
สวิตเซอร์แลนด์,เพชรบูรณ์,7
สวิตเซอร์แลนด์,ขอนแก่น,7
สวิตเซอร์แลนด์,สกลนคร,6
สวิตเซอร์แลนด์,ชุมพร,5
สวิตเซอร์แลนด์,นราธิวาส,5
สวิตเซอร์แลนด์,เลย,5
สวิตเซอร์แลนด์,อ่างทอง,5
สวิตเซอร์แลนด์,พิจิตร,5
สวิตเซอร์แลนด์,สุพรรณบุรี,5
สวิตเซอร์แลนด์,ร้อยเอ็ด,4
สวิตเซอร์แลนด์,ประจวบคีรีขันธ์,4
สวิตเซอร์แลนด์,พิษณุโลก,4
สวิตเซอร์แลนด์,สมุทรสงคราม,4
สวิตเซอร์แลนด์,กำแพงเพชร,4
สวิตเซอร์แลนด์,นครสวรรค์,4
สวิตเซอร์แลนด์,ชัยนาท,3
สวิตเซอร์แลนด์,นนทบุรี,3
สวิตเซอร์แลนด์,ลพบุรี,3
สวิตเซอร์แลนด์,สุราษฎร์ธานี,3
สวิตเซอร์แลนด์,ตาก,3
สวิตเซอร์แลนด์,พัทลุง,3
สวิตเซอร์แลนด์,ชัยภูมิ,3
สวิตเซอร์แลนด์,สระแก้ว,2
สวิตเซอร์แลนด์,สมุทรสาคร,2
สวิตเซอร์แลนด์,ระยอง,2
สวิตเซอร์แลนด์,เชียงใหม่,2
สวิตเซอร์แลนด์,กาฬสินธุ์,2
สวิตเซอร์แลนด์,สิงห์บุรี,2
สวิตเซอร์แลนด์,หนองคาย,2
สวิตเซอร์แลนด์,อุทัยธานี,1
สวิตเซอร์แลนด์,ยโสธร,1
สวิตเซอร์แลนด์,อุตรดิตถ์,1
สวิตเซอร์แลนด์,แพร่,1
สวิตเซอร์แลนด์,อำนาจเจริญ,1
สวิตเซอร์แลนด์,สระบุรี,1
สวิตเซอร์แลนด์,นครนายก,1
สวิตเซอร์แลนด์,ตรัง,1
สวิตเซอร์แลนด์,จันทบุรี,1
สวิตเซอร์แลนด์,ฉะเชิงเทรา,1
สวิตเซอร์แลนด์,สุรินทร์,1
สวิตเซอร์แลนด์,น่าน,1
สวิตเซอร์แลนด์,หนองบัวลำภู,1
สวิตเซอร์แลนด์,ลำพูน,1
มาเก๊า,นครราชสีมา,33
มาเก๊า,กรุงเทพมหานคร,31
มาเก๊า,อุดรธานี,24
มาเก๊า,ขอนแก่น,23
มาเก๊า,บุรีรัมย์,20
มาเก๊า,สุรินทร์,16
มาเก๊า,นนทบุรี,14
มาเก๊า,ชลบุรี,14
มาเก๊า,อุบลราชธานี,12
มาเก๊า,สกลนคร,12
มาเก๊า,เชียงใหม่,11
มาเก๊า,นครสวรรค์,11
มาเก๊า,ลำปาง,11
มาเก๊า,ชัยภูมิ,9
มาเก๊า,กาฬสินธุ์,9
มาเก๊า,เชียงราย,9
มาเก๊า,ร้อยเอ็ด,8
มาเก๊า,สุโขทัย,8
มาเก๊า,เพชรบูรณ์,8
มาเก๊า,สมุทรปราการ,8
มาเก๊า,มหาสารคาม,7
มาเก๊า,พระนครศรีอยุธยา,6
มาเก๊า,ฉะเชิงเทรา,6
มาเก๊า,กำแพงเพชร,6
มาเก๊า,หนองคาย,6
มาเก๊า,พิษณุโลก,6
มาเก๊า,ชัยนาท,6
มาเก๊า,นครพนม,6
มาเก๊า,ระยอง,5
มาเก๊า,สงขลา,5
มาเก๊า,พิจิตร,4
มาเก๊า,ปัตตานี,4
มาเก๊า,เพชรบุรี,4
มาเก๊า,นราธิวาส,4
มาเก๊า,สมุทรสาคร,4
มาเก๊า,อำนาจเจริญ,4
มาเก๊า,ปทุมธานี,4
มาเก๊า,บึงกาฬ,4
มาเก๊า,หนองบัวลำภู,4
มาเก๊า,สระแก้ว,4
มาเก๊า,ราชบุรี,3
มาเก๊า,ตาก,3
มาเก๊า,นครปฐม,3
มาเก๊า,สระบุรี,3
มาเก๊า,ประจวบคีรีขันธ์,3
มาเก๊า,ภูเก็ต,3
มาเก๊า,ศรีสะเกษ,3
มาเก๊า,แพร่,3
มาเก๊า,นครนายก,3
มาเก๊า,สุพรรณบุรี,2
มาเก๊า,ลพบุรี,2
มาเก๊า,ยะลา,2
มาเก๊า,ปราจีนบุรี,2
มาเก๊า,น่าน,2
มาเก๊า,นครศรีธรรมราช,2
มาเก๊า,สุราษฎร์ธานี,2
มาเก๊า,ยโสธร,2
มาเก๊า,เลย,2
มาเก๊า,อุทัยธานี,2
มาเก๊า,จันทบุรี,2
มาเก๊า,อ่างทอง,2
มาเก๊า,พังงา,2
มาเก๊า,ลำพูน,2
มาเก๊า,สตูล,1
มาเก๊า,สมุทรสงคราม,1
มาเก๊า,สิงห์บุรี,1
มาเก๊า,พัทลุง,1
มาเก๊า,อุตรดิตถ์,1
มาเก๊า,ตรัง,1
กรีซ,กรุงเทพมหานคร,56
กรีซ,เชียงใหม่,35
กรีซ,เชียงราย,22
กรีซ,อุดรธานี,18
กรีซ,นครพนม,14
กรีซ,ปทุมธานี,11
กรีซ,อุบลราชธานี,11
กรีซ,นครราชสีมา,10
กรีซ,นนทบุรี,10
กรีซ,ขอนแก่น,9
กรีซ,สมุทรปราการ,9
กรีซ,ภูเก็ต,9
กรีซ,สกลนคร,8
กรีซ,ลำปาง,7
กรีซ,นครศรีธรรมราช,6
กรีซ,บุรีรัมย์,6
กรีซ,ร้อยเอ็ด,6
กรีซ,หนองบัวลำภู,5
กรีซ,มหาสารคาม,5
กรีซ,แพร่,4
กรีซ,พะเยา,4
กรีซ,สุราษฎร์ธานี,4
กรีซ,น่าน,4
กรีซ,ชัยภูมิ,4
กรีซ,สมุทรสาคร,4
กรีซ,สุพรรณบุรี,4
กรีซ,หนองคาย,4
กรีซ,พระนครศรีอยุธยา,3
กรีซ,ชลบุรี,3
กรีซ,ลำพูน,3
กรีซ,สงขลา,3
กรีซ,จันทบุรี,3
กรีซ,ประจวบคีรีขันธ์,3
กรีซ,มุกดาหาร,3
กรีซ,ศรีสะเกษ,3
กรีซ,อุตรดิตถ์,3
กรีซ,ตาก,3
กรีซ,ตรัง,3
กรีซ,สุรินทร์,3
กรีซ,กาฬสินธุ์,3
กรีซ,เพชรบูรณ์,2
กรีซ,ปราจีนบุรี,2
กรีซ,นครสวรรค์,2
กรีซ,อำนาจเจริญ,2
กรีซ,ระยอง,2
กรีซ,พิจิตร,2
กรีซ,นครปฐม,2
กรีซ,สุโขทัย,2
กรีซ,บึงกาฬ,2
กรีซ,ราชบุรี,2
กรีซ,นครนายก,1
กรีซ,กำแพงเพชร,1
กรีซ,อ่างทอง,1
กรีซ,สระแก้ว,1
กรีซ,ตราด,1
กรีซ,เพชรบุรี,1
กรีซ,เลย,1
กรีซ,พังงา,1
กรีซ,กาญจนบุรี,1
กรีซ,ฉะเชิงเทรา,1
กรีซ,กระบี่,1
กรีซ,พิษณุโลก,1
กรีซ,พัทลุง,1
อินเดีย,อุดรธานี,38
อินเดีย,เชียงราย,26
อินเดีย,ขอนแก่น,26
อินเดีย,นครราชสีมา,24
อินเดีย,สกลนคร,19
อินเดีย,สุโขทัย,14
อินเดีย,ลำปาง,13
อินเดีย,บุรีรัมย์,11
อินเดีย,อำนาจเจริญ,9
อินเดีย,สุรินทร์,8
อินเดีย,นครสวรรค์,8
อินเดีย,นครพนม,8
อินเดีย,หนองคาย,7
อินเดีย,กรุงเทพมหานคร,7
อินเดีย,กาฬสินธุ์,7
อินเดีย,อุบลราชธานี,7
อินเดีย,มุกดาหาร,7
อินเดีย,ตาก,7
อินเดีย,ปทุมธานี,6
อินเดีย,ชลบุรี,6
อินเดีย,ชัยภูมิ,6
อินเดีย,พะเยา,6
อินเดีย,บึงกาฬ,4
อินเดีย,หนองบัวลำภู,4
อินเดีย,ปราจีนบุรี,3
อินเดีย,พระนครศรีอยุธยา,3
อินเดีย,ร้อยเอ็ด,3
อินเดีย,เชียงใหม่,3
อินเดีย,กำแพงเพชร,3
อินเดีย,ระยอง,3
อินเดีย,ฉะเชิงเทรา,2
อินเดีย,น่าน,2
อินเดีย,มหาสารคาม,2
อินเดีย,ลำพูน,2
อินเดีย,ศรีสะเกษ,2
อินเดีย,นนทบุรี,2
อินเดีย,อ่างทอง,2
อินเดีย,สุพรรณบุรี,2
อินเดีย,ราชบุรี,2
อินเดีย,อุตรดิตถ์,1
อินเดีย,แพร่,1
อินเดีย,สมุทรปราการ,1
อินเดีย,จันทบุรี,1
อินเดีย,นครนายก,1
อินเดีย,พิจิตร,1
อินเดีย,เพชรบูรณ์,1
อินเดีย,แม่ฮ่องสอน,1
อินเดีย,นครปฐม,1
อินเดีย,สระบุรี,1
อินเดีย,ยะลา,1
อินเดีย,ตรัง,1
อินเดีย,สมุทรสาคร,1
เยอรมนี,กรุงเทพมหานคร,36
เยอรมนี,นครราชสีมา,20
เยอรมนี,อุดรธานี,14
เยอรมนี,สงขลา,12
เยอรมนี,สมุทรปราการ,12
เยอรมนี,ชลบุรี,11
เยอรมนี,พิจิตร,10
เยอรมนี,กำแพงเพชร,9
เยอรมนี,สกลนคร,8
เยอรมนี,อุบลราชธานี,6
เยอรมนี,ร้อยเอ็ด,6
เยอรมนี,เชียงใหม่,6
เยอรมนี,นนทบุรี,6
เยอรมนี,พระนครศรีอยุธยา,6
เยอรมนี,นครปฐม,6
เยอรมนี,นครพนม,6
เยอรมนี,สระบุรี,6
เยอรมนี,ขอนแก่น,6
เยอรมนี,กาฬสินธุ์,5
เยอรมนี,พิษณุโลก,5
เยอรมนี,สุราษฎร์ธานี,5
เยอรมนี,ศรีสะเกษ,5
เยอรมนี,นครสวรรค์,5
เยอรมนี,สมุทรสาคร,5
เยอรมนี,เพชรบูรณ์,5
เยอรมนี,ราชบุรี,4
เยอรมนี,พะเยา,4
เยอรมนี,ปทุมธานี,4
เยอรมนี,สระแก้ว,4
เยอรมนี,เชียงราย,4
เยอรมนี,จันทบุรี,3
เยอรมนี,ฉะเชิงเทรา,3
เยอรมนี,สุโขทัย,3
เยอรมนี,เพชรบุรี,3
เยอรมนี,ระยอง,3
เยอรมนี,พัทลุง,3
เยอรมนี,นครศรีธรรมราช,3
เยอรมนี,กาญจนบุรี,3
เยอรมนี,บึงกาฬ,2
เยอรมนี,บุรีรัมย์,2
เยอรมนี,เลย,2
เยอรมนี,สมุทรสงคราม,2
เยอรมนี,ชัยนาท,2
เยอรมนี,ชุมพร,2
เยอรมนี,หนองคาย,2
เยอรมนี,ปราจีนบุรี,2
เยอรมนี,ลพบุรี,2
เยอรมนี,ประจวบคีรีขันธ์,2
เยอรมนี,ภูเก็ต,2
เยอรมนี,แพร่,2
เยอรมนี,น่าน,1
เยอรมนี,ตรัง,1
เยอรมนี,อ่างทอง,1
เยอรมนี,สตูล,1
เยอรมนี,หนองบัวลำภู,1
เยอรมนี,อุตรดิตถ์,1
เยอรมนี,ระนอง,1
เยอรมนี,มุกดาหาร,1
เยอรมนี,ยะลา,1
เยอรมนี,มหาสารคาม,1
เยอรมนี,สุรินทร์,1
เยอรมนี,กรุงเทพมหานคร,39
เยอรมนี,นครราชสีมา,17
เยอรมนี,บุรีรัมย์,14
เยอรมนี,ขอนแก่น,11
เยอรมนี,ลพบุรี,9
เยอรมนี,นนทบุรี,7
เยอรมนี,สุรินทร์,7
เยอรมนี,ประจวบคีรีขันธ์,6
เยอรมนี,ศรีสะเกษ,6
เยอรมนี,ชลบุรี,6
แอลจีเรีย,กรุงเทพมหานคร,39
แอลจีเรีย,นครราชสีมา,17
แอลจีเรีย,บุรีรัมย์,14
แอลจีเรีย,ขอนแก่น,11
แอลจีเรีย,ลพบุรี,9
แอลจีเรีย,นนทบุรี,7
แอลจีเรีย,สุรินทร์,7
แอลจีเรีย,ชลบุรี,6
แอลจีเรีย,สมุทรปราการ,6
แอลจีเรีย,ประจวบคีรีขันธ์,6
แอลจีเรีย,ศรีสะเกษ,6
แอลจีเรีย,สุราษฎร์ธานี,5
แอลจีเรีย,อุดรธานี,5
แอลจีเรีย,ร้อยเอ็ด,5
แอลจีเรีย,มหาสารคาม,5
แอลจีเรีย,อุบลราชธานี,5
แอลจีเรีย,เชียงราย,4
แอลจีเรีย,นครพนม,4
แอลจีเรีย,พะเยา,4
แอลจีเรีย,พระนครศรีอยุธยา,3
แอลจีเรีย,นครสวรรค์,3
แอลจีเรีย,เชียงใหม่,3
แอลจีเรีย,กาญจนบุรี,3
แอลจีเรีย,ตาก,3
แอลจีเรีย,สกลนคร,3
แอลจีเรีย,ปทุมธานี,3
แอลจีเรีย,หนองบัวลำภู,3
แอลจีเรีย,นครศรีธรรมราช,2
แอลจีเรีย,ระยอง,2
แอลจีเรีย,ชัยภูมิ,2
แอลจีเรีย,สุโขทัย,2
แอลจีเรีย,สมุทรสงคราม,2
แอลจีเรีย,หนองคาย,2
แอลจีเรีย,กำแพงเพชร,2
แอลจีเรีย,อุทัยธานี,2
แอลจีเรีย,ราชบุรี,2
แอลจีเรีย,พัทลุง,1
แอลจีเรีย,ยะลา,1
แอลจีเรีย,สระบุรี,1
แอลจีเรีย,แพร่,1
แอลจีเรีย,ตรัง,1
แอลจีเรีย,เพชรบุรี,1
แอลจีเรีย,สงขลา,1
แอลจีเรีย,เพชรบูรณ์,1
แอลจีเรีย,เลย,1
แอลจีเรีย,อุตรดิตถ์,1
แอลจีเรีย,ลำปาง,1
แอลจีเรีย,สมุทรสาคร,1
แอลจีเรีย,อำนาจเจริญ,1
แอลจีเรีย,ตราด,1
แอลจีเรีย,ลำพูน,1
แอลจีเรีย,ระนอง,1
แอลจีเรีย,ชัยนาท,1
แอลจีเรีย,สุพรรณบุรี,1
แอลจีเรีย,กระบี่,1
แอลจีเรีย,พิจิตร,1
แอลจีเรีย,นครปฐม,1
แอลจีเรีย,ชุมพร,1
แอลจีเรีย,น่าน,1
แอลจีเรีย,ยโสธร,1
แอลจีเรีย,นครนายก,1
แอลจีเรีย,อ่างทอง,1
แอลจีเรีย,จันทบุรี,1
แอลจีเรีย,กรุงเทพมหานคร,36
แอลจีเรีย,นครราชสีมา,20
แอลจีเรีย,อุดรธานี,14
แอลจีเรีย,สงขลา,12
แอลจีเรีย,สมุทรปราการ,12
แอลจีเรีย,ชลบุรี,11
แอลจีเรีย,พิจิตร,10
แอลจีเรีย,กำแพงเพชร,9
แอลจีเรีย,สกลนคร,8
แอลจีเรีย,อุบลราชธานี,6
แอลจีเรีย,ร้อยเอ็ด,6
แอลจีเรีย,เชียงใหม่,6
แอลจีเรีย,นนทบุรี,6
แอลจีเรีย,พระนครศรีอยุธยา,6
แอลจีเรีย,นครปฐม,6
แอลจีเรีย,นครพนม,6
แอลจีเรีย,สระบุรี,6
แอลจีเรีย,ขอนแก่น,6
แอลจีเรีย,กาฬสินธุ์,5
แอลจีเรีย,พิษณุโลก,5
แอลจีเรีย,ศรีสะเกษ,5
แอลจีเรีย,นครสวรรค์,5
แอลจีเรีย,สมุทรสาคร,5
แอลจีเรีย,เพชรบูรณ์,5
แอลจีเรีย,ราชบุรี,4
แอลจีเรีย,ปทุมธานี,4
แอลจีเรีย,สระแก้ว,4
แอลจีเรีย,จันทบุรี,3
แอลจีเรีย,ฉะเชิงเทรา,3
แอลจีเรีย,สุโขทัย,3
แอลจีเรีย,เพชรบุรี,3
แอลจีเรีย,ระยอง,3
แอลจีเรีย,พัทลุง,3
แอลจีเรีย,นครศรีธรรมราช,3
แอลจีเรีย,บึงกาฬ,2
แอลจีเรีย,บุรีรัมย์,2
แอลจีเรีย,เลย,2
แอลจีเรีย,ชัยนาท,2
แอลจีเรีย,ชุมพร,2
แอลจีเรีย,ปราจีนบุรี,2
แอลจีเรีย,ลพบุรี,2
แอลจีเรีย,ประจวบคีรีขันธ์,2
แอลจีเรีย,ภูเก็ต,2
แอลจีเรีย,แพร่,2
แอลจีเรีย,สตูล,1
แอลจีเรีย,หนองบัวลำภู,1
แอลจีเรีย,มุกดาหาร,1
แอลจีเรีย,มหาสารคาม,1
แอลจีเรีย,สุรินทร์,1
คาซัคสถาน,สุโขทัย,80
คาซัคสถาน,ตาก,43
คาซัคสถาน,ลำปาง,35
คาซัคสถาน,นครราชสีมา,15
คาซัคสถาน,พิษณุโลก,6
คาซัคสถาน,หนองคาย,3
คาซัคสถาน,พิจิตร,3
คาซัคสถาน,นครสวรรค์,2
คาซัคสถาน,กำแพงเพชร,2
คาซัคสถาน,สุรินทร์,2
คาซัคสถาน,กรุงเทพมหานคร,35
คาซัคสถาน,นครราชสีมา,21
คาซัคสถาน,อุบลราชธานี,12
คาซัคสถาน,อุดรธานี,11
คาซัคสถาน,เชียงใหม่,10
คาซัคสถาน,มหาสารคาม,9
คาซัคสถาน,ชลบุรี,9
คาซัคสถาน,บุรีรัมย์,9
คาซัคสถาน,สุรินทร์,8
คาซัคสถาน,ขอนแก่น,7
คาซัคสถาน,สมุทรปราการ,6
คาซัคสถาน,นครพนม,6
คาซัคสถาน,ศรีสะเกษ,6
คาซัคสถาน,ภูเก็ต,4
คาซัคสถาน,ปทุมธานี,4
คาซัคสถาน,เชียงราย,4
คาซัคสถาน,สกลนคร,4
คาซัคสถาน,ชัยภูมิ,4
คาซัคสถาน,นนทบุรี,4
คาซัคสถาน,ลำปาง,3
คาซัคสถาน,พระนครศรีอยุธยา,3
คาซัคสถาน,ยโสธร,3
คาซัคสถาน,แพร่,3
คาซัคสถาน,นครปฐม,3
คาซัคสถาน,พิษณุโลก,3
คาซัคสถาน,เพชรบูรณ์,2
คาซัคสถาน,ร้อยเอ็ด,2
คาซัคสถาน,สระแก้ว,2
คาซัคสถาน,ตราด,2
คาซัคสถาน,นครศรีธรรมราช,2
คาซัคสถาน,พิจิตร,2
คาซัคสถาน,พะเยา,2
คาซัคสถาน,กาฬสินธุ์,2
คาซัคสถาน,ประจวบคีรีขันธ์,2
คาซัคสถาน,หนองบัวลำภู,2
คาซัคสถาน,บึงกาฬ,2
คาซัคสถาน,กาญจนบุรี,2
คาซัคสถาน,สุราษฎร์ธานี,1
คาซัคสถาน,น่าน,1
คาซัคสถาน,อำนาจเจริญ,1
คาซัคสถาน,สุโขทัย,1
คาซัคสถาน,เลย,1
คาซัคสถาน,อ่างทอง,1
คาซัคสถาน,กำแพงเพชร,1
คาซัคสถาน,อุตรดิตถ์,1
คาซัคสถาน,ราชบุรี,1
คาซัคสถาน,สระบุรี,1
คาซัคสถาน,เพชรบุรี,1
คาซัคสถาน,บึงกาฬ,1
คาซัคสถาน,ชัยนาท,1
คาซัคสถาน,นครพนม,1
คาซัคสถาน,แพร่,1
คาซัคสถาน,พะเยา,1
คาซัคสถาน,เพชรบูรณ์,1
คาซัคสถาน,ศรีสะเกษ,1
คาซัคสถาน,เชียงใหม่,1
คาซัคสถาน,ขอนแก่น,1
คาซัคสถาน,ชัยภูมิ,1
ฟิลิปปินส์,ลำปาง,15
ฟิลิปปินส์,อุดรธานี,12
ฟิลิปปินส์,บุรีรัมย์,11
ฟิลิปปินส์,หนองบัวลำภู,9
ฟิลิปปินส์,ขอนแก่น,9
ฟิลิปปินส์,อุบลราชธานี,9
ฟิลิปปินส์,นครราชสีมา,7
ฟิลิปปินส์,กรุงเทพมหานคร,6
ฟิลิปปินส์,มหาสารคาม,6
ฟิลิปปินส์,สกลนคร,6
ฟิลิปปินส์,กำแพงเพชร,5
ฟิลิปปินส์,สุโขทัย,5
ฟิลิปปินส์,ศรีสะเกษ,5
ฟิลิปปินส์,ระยอง,5
ฟิลิปปินส์,สุรินทร์,4
ฟิลิปปินส์,ตาก,4
ฟิลิปปินส์,ชัยภูมิ,4
ฟิลิปปินส์,กาญจนบุรี,4
ฟิลิปปินส์,พิษณุโลก,4
ฟิลิปปินส์,เชียงใหม่,3
ฟิลิปปินส์,ปทุมธานี,3
ฟิลิปปินส์,ชัยนาท,2
ฟิลิปปินส์,ลพบุรี,2
ฟิลิปปินส์,นครสวรรค์,2
ฟิลิปปินส์,เพชรบูรณ์,2
ฟิลิปปินส์,นครพนม,2
ฟิลิปปินส์,น่าน,2
ฟิลิปปินส์,เชียงราย,2
ฟิลิปปินส์,พิจิตร,2
ฟิลิปปินส์,มุกดาหาร,2
ฟิลิปปินส์,สระบุรี,2
ฟิลิปปินส์,อำนาจเจริญ,2
ฟิลิปปินส์,สระแก้ว,2
ฟิลิปปินส์,อุทัยธานี,2
ฟิลิปปินส์,ตราด,2
ฟิลิปปินส์,ร้อยเอ็ด,2
ฟิลิปปินส์,สมุทรสาคร,2
ฟิลิปปินส์,ราชบุรี,1
ฟิลิปปินส์,ชุมพร,1
ฟิลิปปินส์,แพร่,1
ฟิลิปปินส์,สุพรรณบุรี,1
ฟิลิปปินส์,หนองคาย,1
ฟิลิปปินส์,ชลบุรี,1
ฟิลิปปินส์,กาฬสินธุ์,1
ฟิลิปปินส์,ภูเก็ต,1
ฟิลิปปินส์,เลย,1
ฟิลิปปินส์,นครปฐม,1
ฟิลิปปินส์,ฉะเชิงเทรา,1
ฟิลิปปินส์,อุตรดิตถ์,1
ฟิลิปปินส์,สมุทรปราการ,1
ฟิลิปปินส์,ปราจีนบุรี,1
ฟิลิปปินส์,อ่างทอง,1
ฟิลิปปินส์,สุราษฎร์ธานี,1
ฟิลิปปินส์,สุโขทัย,80
ฟิลิปปินส์,ตาก,43
ฟิลิปปินส์,ลำปาง,35
ฟิลิปปินส์,นครราชสีมา,15
ฟิลิปปินส์,พิษณุโลก,6
ฟิลิปปินส์,หนองคาย,3
ฟิลิปปินส์,พิจิตร,3
ฟิลิปปินส์,กำแพงเพชร,2
ฟิลิปปินส์,สุรินทร์,2
ฟิลิปปินส์,บึงกาฬ,1
ฟิลิปปินส์,ชัยนาท,1
ฟิลิปปินส์,นครพนม,1
ฟิลิปปินส์,พะเยา,1
ฟิลิปปินส์,เพชรบูรณ์,1
ฟิลิปปินส์,ศรีสะเกษ,1
ฟิลิปปินส์,เชียงใหม่,1
ฟิลิปปินส์,ขอนแก่น,1
ฟิลิปปินส์,ชัยภูมิ,1
ฟิลิปปินส์,กรุงเทพมหานคร,35
ฟิลิปปินส์,นครราชสีมา,21
ฟิลิปปินส์,อุบลราชธานี,12
ฟิลิปปินส์,อุดรธานี,11
ฟิลิปปินส์,เชียงใหม่,10
ฟิลิปปินส์,มหาสารคาม,9
ฟิลิปปินส์,ชลบุรี,9
ฟิลิปปินส์,บุรีรัมย์,9
ฟิลิปปินส์,สุรินทร์,8
ฟิลิปปินส์,ขอนแก่น,7
ฟิลิปปินส์,สมุทรปราการ,6
ฟิลิปปินส์,นครพนม,6
ฟิลิปปินส์,ศรีสะเกษ,6
ฟิลิปปินส์,ภูเก็ต,4
ฟิลิปปินส์,ปทุมธานี,4
ฟิลิปปินส์,เชียงราย,4
ฟิลิปปินส์,สกลนคร,4
ฟิลิปปินส์,นนทบุรี,4
ฟิลิปปินส์,ลำปาง,3
ฟิลิปปินส์,พระนครศรีอยุธยา,3
ฟิลิปปินส์,ยโสธร,3
ฟิลิปปินส์,แพร่,3
ฟิลิปปินส์,นครปฐม,3
ฟิลิปปินส์,พิษณุโลก,3
ฟิลิปปินส์,นครศรีธรรมราช,2
ฟิลิปปินส์,พะเยา,2
ฟิลิปปินส์,กาฬสินธุ์,2
ฟิลิปปินส์,ประจวบคีรีขันธ์,2
ฟิลิปปินส์,หนองบัวลำภู,2
ฟิลิปปินส์,บึงกาฬ,2
ฟิลิปปินส์,กาญจนบุรี,2
ฟิลิปปินส์,น่าน,1
ฟิลิปปินส์,อำนาจเจริญ,1
ฟิลิปปินส์,สุโขทัย,1
ฟิลิปปินส์,กำแพงเพชร,1
ฟิลิปปินส์,สระบุรี,1
ฟิลิปปินส์,เพชรบุรี,1
ไซปรัส,กรุงเทพมหานคร,56
ไซปรัส,เชียงใหม่,35
ไซปรัส,เชียงราย,22
ไซปรัส,อุดรธานี,18
ไซปรัส,นครพนม,14
ไซปรัส,ปทุมธานี,11
ไซปรัส,อุบลราชธานี,11
ไซปรัส,นครราชสีมา,10
ไซปรัส,นนทบุรี,10
ไซปรัส,ขอนแก่น,9
ไซปรัส,ระยอง,23
ไซปรัส,กรุงเทพมหานคร,17
ไซปรัส,ขอนแก่น,7
ไซปรัส,ลำปาง,7
ไซปรัส,น่าน,6
ไซปรัส,นครราชสีมา,6
ไซปรัส,หนองบัวลำภู,6
ไซปรัส,สมุทรปราการ,6
ไซปรัส,มหาสารคาม,5
ไซปรัส,นนทบุรี,5
ไซปรัส,กาฬสินธุ์,5
ไซปรัส,พระนครศรีอยุธยา,4
ไซปรัส,สุรินทร์,4
ไซปรัส,อุดรธานี,4
ไซปรัส,ชลบุรี,4
ไซปรัส,ปทุมธานี,3
ไซปรัส,สระบุรี,3
ไซปรัส,อุบลราชธานี,3
ไซปรัส,แพร่,3
ไซปรัส,สุโขทัย,3
ไซปรัส,พิษณุโลก,3
ไซปรัส,อุตรดิตถ์,3
ไซปรัส,เชียงใหม่,3
ไซปรัส,สระแก้ว,3
ไซปรัส,เลย,2
ไซปรัส,นครศรีธรรมราช,2
ไซปรัส,ตาก,2
ไซปรัส,กาญจนบุรี,2
ไซปรัส,ตราด,2
ไซปรัส,นครพนม,2
ไซปรัส,สกลนคร,2
ไซปรัส,บุรีรัมย์,2
ไซปรัส,ปราจีนบุรี,2
ไซปรัส,สงขลา,2
ไซปรัส,สุพรรณบุรี,2
ไซปรัส,นครสวรรค์,2
ไซปรัส,หนองคาย,1
ไซปรัส,ศรีสะเกษ,1
ไซปรัส,อำนาจเจริญ,1
ไซปรัส,พัทลุง,1
ไซปรัส,ราชบุรี,1
ไซปรัส,นครปฐม,1
ไซปรัส,เพชรบูรณ์,1
ไซปรัส,สตูล,1
ไซปรัส,ชัยนาท,1
ไซปรัส,นครนายก,1
ไซปรัส,ยโสธร,1
ไซปรัส,ชุมพร,1
ไซปรัส,บึงกาฬ,1
ไซปรัส,ลพบุรี,1
ไซปรัส,พะเยา,1
ไซปรัส,ลำพูน,1
ไซปรัส,นราธิวาส,1
ไซปรัส,สุราษฎร์ธานี,1
ไซปรัส,กำแพงเพชร,1
เวียดนาม,ลำปาง,15
เวียดนาม,อุดรธานี,12
เวียดนาม,บุรีรัมย์,11
เวียดนาม,หนองบัวลำภู,9
เวียดนาม,ขอนแก่น,9
เวียดนาม,อุบลราชธานี,9
เวียดนาม,นครราชสีมา,7
เวียดนาม,กรุงเทพมหานคร,6
เวียดนาม,มหาสารคาม,6
เวียดนาม,สกลนคร,6
เวียดนาม,กำแพงเพชร,5
เวียดนาม,สุโขทัย,5
เวียดนาม,ศรีสะเกษ,5
เวียดนาม,ระยอง,5
เวียดนาม,สุรินทร์,4
เวียดนาม,ตาก,4
เวียดนาม,ชัยภูมิ,4
เวียดนาม,กาญจนบุรี,4
เวียดนาม,พิษณุโลก,4
เวียดนาม,เชียงใหม่,3
เวียดนาม,ปทุมธานี,3
เวียดนาม,ชัยนาท,2
เวียดนาม,ลพบุรี,2
เวียดนาม,นครสวรรค์,2
เวียดนาม,เพชรบูรณ์,2
เวียดนาม,นครพนม,2
เวียดนาม,น่าน,2
เวียดนาม,เชียงราย,2
เวียดนาม,พิจิตร,2
เวียดนาม,มุกดาหาร,2
เวียดนาม,สระบุรี,2
เวียดนาม,อำนาจเจริญ,2
เวียดนาม,สระแก้ว,2
เวียดนาม,อุทัยธานี,2
เวียดนาม,ตราด,2
เวียดนาม,ร้อยเอ็ด,2
เวียดนาม,สมุทรสาคร,2
เวียดนาม,ราชบุรี,1
เวียดนาม,ชุมพร,1
เวียดนาม,แพร่,1
เวียดนาม,สุพรรณบุรี,1
เวียดนาม,หนองคาย,1
เวียดนาม,ชลบุรี,1
เวียดนาม,กาฬสินธุ์,1
เวียดนาม,ภูเก็ต,1
เวียดนาม,เลย,1
เวียดนาม,นครปฐม,1
เวียดนาม,ฉะเชิงเทรา,1
เวียดนาม,อุตรดิตถ์,1
เวียดนาม,สมุทรปราการ,1
เวียดนาม,ปราจีนบุรี,1
เวียดนาม,อ่างทอง,1
เวียดนาม,สุราษฎร์ธานี,1
เวียดนาม,กรุงเทพมหานคร,15
เวียดนาม,อุบลราชธานี,12
เวียดนาม,นครราชสีมา,12
เวียดนาม,ภูเก็ต,7
เวียดนาม,ร้อยเอ็ด,6
เวียดนาม,บุรีรัมย์,6
เวียดนาม,ปราจีนบุรี,5
เวียดนาม,สุรินทร์,5
เวียดนาม,สมุทรปราการ,5
เวียดนาม,ปทุมธานี,5
โครเอเชีย,ลำปาง,19
โครเอเชีย,ตาก,13
โครเอเชีย,สกลนคร,9
โครเอเชีย,กำแพงเพชร,9
โครเอเชีย,นครสวรรค์,8
โครเอเชีย,นครราชสีมา,8
โครเอเชีย,ระยอง,7
โครเอเชีย,สุโขทัย,6
โครเอเชีย,ร้อยเอ็ด,6
โครเอเชีย,ชลบุรี,5
โครเอเชีย,เลย,5
โครเอเชีย,กรุงเทพมหานคร,4
โครเอเชีย,ขอนแก่น,4
โครเอเชีย,เพชรบูรณ์,3
โครเอเชีย,อุดรธานี,3
โครเอเชีย,แพร่,3
โครเอเชีย,ปทุมธานี,3
โครเอเชีย,พิษณุโลก,3
โครเอเชีย,สระแก้ว,2
โครเอเชีย,กาฬสินธุ์,2
โครเอเชีย,มหาสารคาม,2
โครเอเชีย,หนองคาย,2
โครเอเชีย,ฉะเชิงเทรา,2
โครเอเชีย,ศรีสะเกษ,2
โครเอเชีย,ลำพูน,2
โครเอเชีย,พิจิตร,2
โครเอเชีย,ชัยภูมิ,2
โครเอเชีย,สระบุรี,1
โครเอเชีย,หนองบัวลำภู,1
โครเอเชีย,สุพรรณบุรี,1
โครเอเชีย,ราชบุรี,1
โครเอเชีย,อุทัยธานี,1
โครเอเชีย,เชียงใหม่,1
โครเอเชีย,อ่างทอง,1
โครเอเชีย,น่าน,1
โครเอเชีย,อุตรดิตถ์,1
โครเอเชีย,สุรินทร์,1
โครเอเชีย,สมุทรปราการ,1
โครเอเชีย,เพชรบุรี,1
โครเอเชีย,สงขลา,16
โครเอเชีย,กรุงเทพมหานคร,12
โครเอเชีย,ระยอง,8
โครเอเชีย,สมุทรปราการ,8
โครเอเชีย,สกลนคร,5
โครเอเชีย,มหาสารคาม,5
โครเอเชีย,สมุทรสาคร,5
โครเอเชีย,กำแพงเพชร,5
โครเอเชีย,สุโขทัย,4
โครเอเชีย,อุบลราชธานี,4
โครเอเชีย,บุรีรัมย์,4
โครเอเชีย,นนทบุรี,4
โครเอเชีย,สุรินทร์,3
โครเอเชีย,หนองบัวลำภู,3
โครเอเชีย,เชียงราย,3
โครเอเชีย,ลำปาง,3
โครเอเชีย,ขอนแก่น,2
โครเอเชีย,ชัยนาท,2
โครเอเชีย,ชลบุรี,2
โครเอเชีย,สุพรรณบุรี,2
โครเอเชีย,อำนาจเจริญ,2
โครเอเชีย,นครสวรรค์,2
โครเอเชีย,สตูล,2
โครเอเชีย,ตราด,2
โครเอเชีย,พัทลุง,2
โครเอเชีย,จันทบุรี,2
โครเอเชีย,พิษณุโลก,2
โครเอเชีย,เพชรบุรี,2
โครเอเชีย,เลย,2
โครเอเชีย,ฉะเชิงเทรา,1
โครเอเชีย,นครพนม,1
โครเอเชีย,พังงา,1
โครเอเชีย,สุราษฎร์ธานี,1
โครเอเชีย,มุกดาหาร,1
โครเอเชีย,นครนายก,1
โครเอเชีย,ปทุมธานี,1
โครเอเชีย,ตาก,1
โครเอเชีย,ปราจีนบุรี,1
โครเอเชีย,ศรีสะเกษ,1
โครเอเชีย,ร้อยเอ็ด,1
โครเอเชีย,นครปฐม,1
โครเอเชีย,นครศรีธรรมราช,1
โครเอเชีย,แพร่,1
นอร์เวย์,บุรีรัมย์,25
นอร์เวย์,นครราชสีมา,12
นอร์เวย์,สกลนคร,8
นอร์เวย์,กรุงเทพมหานคร,7
นอร์เวย์,ปทุมธานี,6
นอร์เวย์,ขอนแก่น,6
นอร์เวย์,ชัยภูมิ,5
นอร์เวย์,สุรินทร์,5
นอร์เวย์,อุบลราชธานี,4
นอร์เวย์,นครปฐม,4
นอร์เวย์,ร้อยเอ็ด,3
นอร์เวย์,นครสวรรค์,3
นอร์เวย์,เชียงราย,3
นอร์เวย์,อุดรธานี,3
นอร์เวย์,ศรีสะเกษ,3
นอร์เวย์,มุกดาหาร,3
นอร์เวย์,ปราจีนบุรี,3
นอร์เวย์,ภูเก็ต,2
นอร์เวย์,เพชรบูรณ์,2
นอร์เวย์,สมุทรปราการ,2
นอร์เวย์,ลำปาง,2
นอร์เวย์,กาญจนบุรี,2
นอร์เวย์,อุทัยธานี,2
นอร์เวย์,ชลบุรี,2
นอร์เวย์,เพชรบุรี,2
นอร์เวย์,นนทบุรี,2
นอร์เวย์,สระบุรี,2
นอร์เวย์,มหาสารคาม,2
นอร์เวย์,สุโขทัย,2
นอร์เวย์,ยโสธร,1
นอร์เวย์,ราชบุรี,1
นอร์เวย์,อ่างทอง,1
นอร์เวย์,นครพนม,1
นอร์เวย์,ระนอง,1
นอร์เวย์,ตาก,1
นอร์เวย์,หนองคาย,1
นอร์เวย์,พระนครศรีอยุธยา,1
นอร์เวย์,สิงห์บุรี,1
นอร์เวย์,เชียงใหม่,1
นอร์เวย์,เลย,1
นอร์เวย์,พะเยา,1
นอร์เวย์,หนองบัวลำภู,1
นอร์เวย์,กำแพงเพชร,1
นอร์เวย์,ระยอง,1
นอร์เวย์,ฉะเชิงเทรา,1
นอร์เวย์,พิจิตร,1
นอร์เวย์,สุราษฎร์ธานี,1
นอร์เวย์,กาฬสินธุ์,1
นอร์เวย์,แพร่,1
ตุรกี,นครราชสีมา,50
ตุรกี,เชียงราย,17
ตุรกี,ศรีสะเกษ,10
ตุรกี,กำแพงเพชร,7
ตุรกี,อุบลราชธานี,6
ตุรกี,นครสวรรค์,5
ตุรกี,กรุงเทพมหานคร,5
ตุรกี,ภูเก็ต,4
ตุรกี,ขอนแก่น,4
ตุรกี,บุรีรัมย์,3
ตุรกี,หนองบัวลำภู,3
ตุรกี,เชียงใหม่,2
ตุรกี,นนทบุรี,2
ตุรกี,ลำปาง,2
ตุรกี,ระยอง,2
ตุรกี,เพชรบูรณ์,2
ตุรกี,สกลนคร,2
ตุรกี,ตาก,2
ตุรกี,ชลบุรี,1
ตุรกี,นครปฐม,1
ตุรกี,มุกดาหาร,1
ตุรกี,กระบี่,1
ตุรกี,สมุทรปราการ,1
ตุรกี,ชัยภูมิ,1
ตุรกี,สุราษฎร์ธานี,1
ตุรกี,ปทุมธานี,1
ตุรกี,กาญจนบุรี,1
ตุรกี,เลย,1
ตุรกี,สุรินทร์,1
ตุรกี,สงขลา,1
ตุรกี,พิษณุโลก,1
ตุรกี,บึงกาฬ,1
ตุรกี,ราชบุรี,1
ตุรกี,สมุทรสาคร,1
ตุรกี,กาฬสินธุ์,1
สเปน,นครราชสีมา,50
สเปน,เชียงราย,17
สเปน,ศรีสะเกษ,10
สเปน,กำแพงเพชร,7
สเปน,อุบลราชธานี,6
สเปน,นครสวรรค์,5
สเปน,กรุงเทพมหานคร,5
สเปน,ภูเก็ต,4
สเปน,ขอนแก่น,4
สเปน,บุรีรัมย์,3
สเปน,หนองบัวลำภู,3
สเปน,เชียงใหม่,2
สเปน,นนทบุรี,2
สเปน,ลำปาง,2
สเปน,ระยอง,2
สเปน,เพชรบูรณ์,2
สเปน,สกลนคร,2
สเปน,ตาก,2
สเปน,ชลบุรี,1
สเปน,นครปฐม,1
สเปน,มุกดาหาร,1
สเปน,กระบี่,1
สเปน,สมุทรปราการ,1
สเปน,ชัยภูมิ,1
สเปน,สุราษฎร์ธานี,1
สเปน,ปทุมธานี,1
สเปน,กาญจนบุรี,1
สเปน,เลย,1
สเปน,สุรินทร์,1
สเปน,สงขลา,1
สเปน,พิษณุโลก,1
สเปน,บึงกาฬ,1
สเปน,ราชบุรี,1
สเปน,สมุทรสาคร,1
สเปน,กาฬสินธุ์,1
สเปน,อุบลราชธานี,31
สเปน,นครราชสีมา,11
สเปน,กรุงเทพมหานคร,10
สเปน,บุรีรัมย์,7
สเปน,ยโสธร,5
สเปน,สกลนคร,5
สเปน,กาฬสินธุ์,5
สเปน,ศรีสะเกษ,5
สเปน,ปทุมธานี,4
สเปน,อุดรธานี,3
สเปน,นครพนม,3
สเปน,ขอนแก่น,3
สเปน,สุรินทร์,3
สเปน,จันทบุรี,2
สเปน,กำแพงเพชร,2
สเปน,มหาสารคาม,2
สเปน,สมุทรปราการ,2
สเปน,พิษณุโลก,2
สเปน,ตรัง,2
สเปน,ชลบุรี,2
สเปน,ฉะเชิงเทรา,1
สเปน,นนทบุรี,1
สเปน,สระแก้ว,1
สเปน,น่าน,1
สเปน,ลำปาง,1
สเปน,พะเยา,1
สเปน,เพชรบูรณ์,1
สเปน,ประจวบคีรีขันธ์,1
สเปน,เชียงราย,1
สเปน,พิจิตร,1
สเปน,หนองบัวลำภู,1
สเปน,อำนาจเจริญ,1
สเปน,เพชรบุรี,1
สเปน,พระนครศรีอยุธยา,1
สเปน,ชุมพร,1
สเปน,อุตรดิตถ์,1
สเปน,ระยอง,1
สเปน,บุรีรัมย์,25
สเปน,นครราชสีมา,12
สเปน,สกลนคร,8
สเปน,กรุงเทพมหานคร,7
สเปน,ปทุมธานี,6
สเปน,ขอนแก่น,6
สเปน,ชัยภูมิ,5
สเปน,สุรินทร์,5
สเปน,นครปฐม,4
สเปน,อุบลราชธานี,4
สเปน,ร้อยเอ็ด,3
สเปน,นครสวรรค์,3
สเปน,เชียงราย,3
สเปน,ศรีสะเกษ,3
สเปน,มุกดาหาร,3
สเปน,ปราจีนบุรี,3
สเปน,ภูเก็ต,2
สเปน,กาญจนบุรี,2
สเปน,อุทัยธานี,2
สเปน,เพชรบุรี,2
สเปน,สระบุรี,2
สเปน,สุโขทัย,2
สเปน,ยโสธร,1
สเปน,อ่างทอง,1
สเปน,นครพนม,1
สเปน,ระนอง,1
สเปน,ตาก,1
สเปน,หนองคาย,1
สเปน,สิงห์บุรี,1
สเปน,เชียงใหม่,1
สเปน,กำแพงเพชร,1
สเปน,แพร่,1
เนเธอร์แลนด์,อุบลราชธานี,31
เนเธอร์แลนด์,นครราชสีมา,11
เนเธอร์แลนด์,กรุงเทพมหานคร,10
เนเธอร์แลนด์,บุรีรัมย์,7
เนเธอร์แลนด์,ยโสธร,5
เนเธอร์แลนด์,สกลนคร,5
เนเธอร์แลนด์,กาฬสินธุ์,5
เนเธอร์แลนด์,ศรีสะเกษ,5
เนเธอร์แลนด์,ปทุมธานี,4
เนเธอร์แลนด์,อุดรธานี,3
เนเธอร์แลนด์,นครพนม,3
เนเธอร์แลนด์,ขอนแก่น,3
เนเธอร์แลนด์,สุรินทร์,3
เนเธอร์แลนด์,จันทบุรี,2
เนเธอร์แลนด์,กำแพงเพชร,2
เนเธอร์แลนด์,มหาสารคาม,2
เนเธอร์แลนด์,สมุทรปราการ,2
เนเธอร์แลนด์,พิษณุโลก,2
เนเธอร์แลนด์,ตาก,2
เนเธอร์แลนด์,เชียงใหม่,2
เนเธอร์แลนด์,ตรัง,2
เนเธอร์แลนด์,ชลบุรี,2
เนเธอร์แลนด์,ฉะเชิงเทรา,1
เนเธอร์แลนด์,นนทบุรี,1
เนเธอร์แลนด์,บึงกาฬ,1
เนเธอร์แลนด์,สระแก้ว,1
เนเธอร์แลนด์,น่าน,1
เนเธอร์แลนด์,ลำปาง,1
เนเธอร์แลนด์,กาญจนบุรี,1
เนเธอร์แลนด์,พะเยา,1
เนเธอร์แลนด์,เพชรบูรณ์,1
เนเธอร์แลนด์,ประจวบคีรีขันธ์,1
เนเธอร์แลนด์,เชียงราย,1
เนเธอร์แลนด์,สุราษฎร์ธานี,1
เนเธอร์แลนด์,พิจิตร,1
เนเธอร์แลนด์,นครปฐม,1
เนเธอร์แลนด์,ชัยภูมิ,1
เนเธอร์แลนด์,หนองบัวลำภู,1
เนเธอร์แลนด์,อำนาจเจริญ,1
เนเธอร์แลนด์,เพชรบุรี,1
เนเธอร์แลนด์,พระนครศรีอยุธยา,1
เนเธอร์แลนด์,ชุมพร,1
เนเธอร์แลนด์,อุตรดิตถ์,1
เนเธอร์แลนด์,สงขลา,1
เนเธอร์แลนด์,ระยอง,1
เนเธอร์แลนด์,อุดรธานี,29
เนเธอร์แลนด์,บุรีรัมย์,18
เนเธอร์แลนด์,ชัยภูมิ,14
เนเธอร์แลนด์,หนองบัวลำภู,12
เนเธอร์แลนด์,ขอนแก่น,9
เนเธอร์แลนด์,กรุงเทพมหานคร,6
เนเธอร์แลนด์,แพร่,5
เนเธอร์แลนด์,นครราชสีมา,4
เนเธอร์แลนด์,มหาสารคาม,3
เนเธอร์แลนด์,ลำปาง,3
เนเธอร์แลนด์,เชียงใหม่,3
เนเธอร์แลนด์,นนทบุรี,2
เนเธอร์แลนด์,สกลนคร,2
เนเธอร์แลนด์,ปทุมธานี,2
เนเธอร์แลนด์,สุโขทัย,1
เนเธอร์แลนด์,แม่ฮ่องสอน,1
เนเธอร์แลนด์,สิงห์บุรี,1
เนเธอร์แลนด์,ศรีสะเกษ,1
เนเธอร์แลนด์,สุรินทร์,1
เนเธอร์แลนด์,กาฬสินธุ์,1
เนเธอร์แลนด์,ยโสธร,1
เนเธอร์แลนด์,อุทัยธานี,1
เนเธอร์แลนด์,จันทบุรี,1
เนเธอร์แลนด์,ร้อยเอ็ด,1
โอมาน,ลำปาง,30
โอมาน,สุโขทัย,19
โอมาน,อุดรธานี,6
โอมาน,ขอนแก่น,6
โอมาน,ชลบุรี,5
โอมาน,กำแพงเพชร,5
โอมาน,ตาก,4
โอมาน,นครราชสีมา,4
โอมาน,อุบลราชธานี,3
โอมาน,ระยอง,3
โอมาน,เลย,3
โอมาน,บุรีรัมย์,3
โอมาน,ศรีสะเกษ,3
โอมาน,มหาสารคาม,2
โอมาน,หนองคาย,2
โอมาน,พิษณุโลก,2
โอมาน,สมุทรปราการ,2
โอมาน,ปทุมธานี,2
โอมาน,นนทบุรี,2
โอมาน,ลพบุรี,2
โอมาน,เชียงใหม่,2
โอมาน,สกลนคร,2
โอมาน,แพร่,1
โอมาน,นครสวรรค์,1
โอมาน,กรุงเทพมหานคร,1
โอมาน,ราชบุรี,1
โอมาน,หนองบัวลำภู,1
โอมาน,อุตรดิตถ์,1
โอมาน,ลำพูน,1
โอมาน,สมุทรสาคร,1
โอมาน,เชียงราย,1
โอมาน,ชัยภูมิ,1
โอมาน,สุพรรณบุรี,1
โอมาน,ยโสธร,1
โอมาน,จันทบุรี,1
โอมาน,เพชรบูรณ์,1
โอมาน,ร้อยเอ็ด,1
โอมาน,อุดรธานี,29
โอมาน,บุรีรัมย์,18
โอมาน,ชัยภูมิ,14
โอมาน,หนองบัวลำภู,12
โอมาน,ขอนแก่น,9
โอมาน,กรุงเทพมหานคร,6
โอมาน,แพร่,5
โอมาน,มหาสารคาม,3
โอมาน,ลำปาง,3
โอมาน,เชียงใหม่,3
โอมาน,ตรัง,2
โอมาน,ชลบุรี,2
โอมาน,สุโขทัย,1
โอมาน,แม่ฮ่องสอน,1
โอมาน,สิงห์บุรี,1
โอมาน,กาญจนบุรี,1
โอมาน,สงขลา,1
โอมาน,อำนาจเจริญ,1
โอมาน,ศรีสะเกษ,1
โอมาน,สุรินทร์,1
โอมาน,กาฬสินธุ์,1
โอมาน,อุทัยธานี,1
โอมาน,สระแก้ว,1
โอมาน,เพชรบุรี,1
บังกลาเทศ,เชียงราย,7
บังกลาเทศ,นครราชสีมา,7
บังกลาเทศ,เชียงใหม่,6
บังกลาเทศ,หนองบัวลำภู,6
บังกลาเทศ,อุบลราชธานี,6
บังกลาเทศ,นครพนม,6
บังกลาเทศ,ขอนแก่น,5
บังกลาเทศ,กรุงเทพมหานคร,5
บังกลาเทศ,ชลบุรี,4
บังกลาเทศ,พิจิตร,4
บังกลาเทศ,บึงกาฬ,3
บังกลาเทศ,ศรีสะเกษ,3
บังกลาเทศ,มหาสารคาม,3
บังกลาเทศ,ตาก,3
บังกลาเทศ,นครสวรรค์,3
บังกลาเทศ,น่าน,3
บังกลาเทศ,เลย,3
บังกลาเทศ,ชัยภูมิ,3
บังกลาเทศ,กำแพงเพชร,2
บังกลาเทศ,อุดรธานี,2
บังกลาเทศ,นครศรีธรรมราช,2
บังกลาเทศ,ยโสธร,2
บังกลาเทศ,สุรินทร์,2
บังกลาเทศ,สระบุรี,2
บังกลาเทศ,กาฬสินธุ์,2
บังกลาเทศ,พิษณุโลก,2
บังกลาเทศ,สกลนคร,2
บังกลาเทศ,อำนาจเจริญ,2
บังกลาเทศ,สุพรรณบุรี,2
บังกลาเทศ,สุโขทัย,2
บังกลาเทศ,สมุทรสาคร,2
บังกลาเทศ,แพร่,1
บังกลาเทศ,มุกดาหาร,1
บังกลาเทศ,สงขลา,1
บังกลาเทศ,ระยอง,1
บังกลาเทศ,ปทุมธานี,1
บังกลาเทศ,สิงห์บุรี,1
บังกลาเทศ,พระนครศรีอยุธยา,1
บังกลาเทศ,นราธิวาส,1
บังกลาเทศ,หนองคาย,1
บังกลาเทศ,ลพบุรี,1
บังกลาเทศ,พัทลุง,1
บังกลาเทศ,สระแก้ว,1
บังกลาเทศ,ภูเก็ต,1
บังกลาเทศ,ร้อยเอ็ด,1
บังกลาเทศ,ลำพูน,1
บังกลาเทศ,พะเยา,1
เดนมาร์ก,กรุงเทพมหานคร,18
เดนมาร์ก,ปทุมธานี,12
เดนมาร์ก,นนทบุรี,7
เดนมาร์ก,ขอนแก่น,6
เดนมาร์ก,อุบลราชธานี,5
เดนมาร์ก,พิษณุโลก,5
เดนมาร์ก,น่าน,5
เดนมาร์ก,กาฬสินธุ์,5
เดนมาร์ก,อุดรธานี,4
เดนมาร์ก,กาญจนบุรี,4
เดนมาร์ก,นครพนม,4
เดนมาร์ก,อุตรดิตถ์,3
เดนมาร์ก,พระนครศรีอยุธยา,3
เดนมาร์ก,พิจิตร,2
เดนมาร์ก,ลพบุรี,2
เดนมาร์ก,สกลนคร,2
เดนมาร์ก,สมุทรปราการ,2
เดนมาร์ก,นครราชสีมา,2
เดนมาร์ก,สุโขทัย,2
เดนมาร์ก,กำแพงเพชร,2
เดนมาร์ก,นครศรีธรรมราช,2
เดนมาร์ก,มหาสารคาม,2
เดนมาร์ก,สระบุรี,1
เดนมาร์ก,เลย,1
เดนมาร์ก,หนองบัวลำภู,1
เดนมาร์ก,ฉะเชิงเทรา,1
เดนมาร์ก,อำนาจเจริญ,1
เดนมาร์ก,ลำปาง,1
เดนมาร์ก,ประจวบคีรีขันธ์,1
เดนมาร์ก,บุรีรัมย์,1
เดนมาร์ก,สุพรรณบุรี,1
เดนมาร์ก,สระแก้ว,1
เดนมาร์ก,แพร่,1
เดนมาร์ก,ราชบุรี,1
เดนมาร์ก,เพชรบูรณ์,1
เดนมาร์ก,กระบี่,1
เดนมาร์ก,เพชรบุรี,1
เดนมาร์ก,สงขลา,1
เดนมาร์ก,สุรินทร์,1
เดนมาร์ก,ปัตตานี,1
เดนมาร์ก,นครสวรรค์,1
เดนมาร์ก,ชัยภูมิ,1
เดนมาร์ก,ชลบุรี,1
อิตาลี,มหาสารคาม,19
อิตาลี,หนองบัวลำภู,10
อิตาลี,บึงกาฬ,8
อิตาลี,สกลนคร,7
อิตาลี,กรุงเทพมหานคร,7
อิตาลี,นครราชสีมา,6
อิตาลี,ศรีสะเกษ,5
อิตาลี,บุรีรัมย์,5
อิตาลี,ขอนแก่น,4
อิตาลี,อุบลราชธานี,4
อิตาลี,กำแพงเพชร,3
อิตาลี,สมุทรปราการ,3
อิตาลี,อุดรธานี,3
อิตาลี,หนองคาย,3
อิตาลี,สงขลา,3
อิตาลี,แพร่,2
อิตาลี,ปราจีนบุรี,2
อิตาลี,เชียงราย,2
อิตาลี,ชัยภูมิ,2
อิตาลี,เชียงใหม่,2
อิตาลี,นครศรีธรรมราช,1
อิตาลี,จันทบุรี,1
อิตาลี,เพชรบูรณ์,1
อิตาลี,กาฬสินธุ์,1
อิตาลี,ตราด,1
อิตาลี,กาญจนบุรี,1
อิตาลี,สุโขทัย,1
อิตาลี,ยโสธร,1
จอร์แดน,ขอนแก่น,10
จอร์แดน,ระยอง,9
จอร์แดน,กรุงเทพมหานคร,7
จอร์แดน,ชลบุรี,6
จอร์แดน,สุรินทร์,5
จอร์แดน,นนทบุรี,4
จอร์แดน,เชียงใหม่,4
จอร์แดน,ลำปาง,4
จอร์แดน,พิษณุโลก,3
จอร์แดน,ปราจีนบุรี,3
เมียนมา,อุดรธานี,30
เมียนมา,นครพนม,13
เมียนมา,สุรินทร์,10
เมียนมา,เชียงราย,7
เมียนมา,นครราชสีมา,6
เมียนมา,หนองบัวลำภู,5
เมียนมา,บุรีรัมย์,5
เมียนมา,ลำปาง,4
เมียนมา,เชียงใหม่,4
เมียนมา,ขอนแก่น,3
เมียนมา,สกลนคร,2
เมียนมา,สมุทรสาคร,1
เมียนมา,พิษณุโลก,1
เมียนมา,ภูเก็ต,1
เมียนมา,สระแก้ว,1
เมียนมา,หนองคาย,1
เมียนมา,กรุงเทพมหานคร,1
เมียนมา,แพร่,1
เมียนมา,ศรีสะเกษ,1
เมียนมา,มุกดาหาร,1
เมียนมา,ชัยภูมิ,1
เมียนมา,มหาสารคาม,1
เมียนมา,สุโขทัย,1
เมียนมา,ฉะเชิงเทรา,1
เมียนมา,ชลบุรี,1
เมียนมา,พะเยา,1
เมียนมา,ตาก,1
เมียนมา,ขอนแก่น,10
เมียนมา,ระยอง,9
เมียนมา,กรุงเทพมหานคร,7
เมียนมา,ชลบุรี,6
เมียนมา,สุรินทร์,5
เมียนมา,นนทบุรี,4
เมียนมา,เพชรบูรณ์,3
เมียนมา,บึงกาฬ,3
เมียนมา,สมุทรปราการ,3
เมียนมา,พิษณุโลก,3
เมียนมา,สกลนคร,3
เมียนมา,เชียงราย,3
เมียนมา,ปราจีนบุรี,3
เมียนมา,ปทุมธานี,3
เมียนมา,นครราชสีมา,2
เมียนมา,ภูเก็ต,2
เมียนมา,มุกดาหาร,2
เมียนมา,นครปฐม,2
เมียนมา,อุบลราชธานี,2
เมียนมา,บุรีรัมย์,2
เมียนมา,สระบุรี,2
เมียนมา,สุราษฎร์ธานี,1
เมียนมา,สงขลา,1
เมียนมา,พิจิตร,1
เมียนมา,ประจวบคีรีขันธ์,1
เมียนมา,กาญจนบุรี,1
เมียนมา,อุตรดิตถ์,1
เมียนมา,กำแพงเพชร,1
เมียนมา,สมุทรสงคราม,1
เมียนมา,ลำพูน,1
เมียนมา,นครศรีธรรมราช,1
เมียนมา,ลพบุรี,1
เมียนมา,พัทลุง,1
เมียนมา,ร้อยเอ็ด,1
เมียนมา,อุดรธานี,1
เมียนมา,ราชบุรี,1
ปานามา,มหาสารคาม,19
ปานามา,หนองบัวลำภู,10
ปานามา,บึงกาฬ,8
ปานามา,สกลนคร,7
ปานามา,กรุงเทพมหานคร,7
ปานามา,นครราชสีมา,6
ปานามา,ศรีสะเกษ,5
ปานามา,บุรีรัมย์,5
ปานามา,ขอนแก่น,4
ปานามา,อุบลราชธานี,4
ปานามา,กำแพงเพชร,3
ปานามา,สมุทรปราการ,3
ปานามา,อุดรธานี,3
ปานามา,หนองคาย,3
ปานามา,สงขลา,3
ปานามา,แพร่,2
ปานามา,ปราจีนบุรี,2
ปานามา,เชียงราย,2
ปานามา,ชัยภูมิ,2
ปานามา,เชียงใหม่,2
ปานามา,นครศรีธรรมราช,1
ปานามา,จันทบุรี,1
ปานามา,เพชรบูรณ์,1
ปานามา,กาฬสินธุ์,1
ปานามา,ตราด,1
ปานามา,กาญจนบุรี,1
ปานามา,สุโขทัย,1
ปานามา,ยโสธร,1
ปานามา,ฉะเชิงเทรา,19
ปานามา,สงขลา,16
ปานามา,ระยอง,13
ปานามา,กาญจนบุรี,6
ปานามา,นครศรีธรรมราช,4
ปานามา,นครราชสีมา,4
ปานามา,จันทบุรี,4
ปานามา,ปทุมธานี,3
ปานามา,ขอนแก่น,3
ปานามา,นราธิวาส,2
ปานามา,เลย,2
ปานามา,กำแพงเพชร,2
ปานามา,ร้อยเอ็ด,2
ปานามา,สระบุรี,1
ปานามา,ภูเก็ต,1
ปานามา,สระแก้ว,1
ปานามา,อุดรธานี,1
ปานามา,นครปฐม,1
ปานามา,ปราจีนบุรี,1
ปานามา,นครนายก,1
ปานามา,สิงห์บุรี,1
ปานามา,นครพนม,1
ปานามา,พิษณุโลก,1
ปานามา,หนองบัวลำภู,1
ปานามา,อุตรดิตถ์,1
ปานามา,บุรีรัมย์,1
ปานามา,พระนครศรีอยุธยา,1
ปานามา,สุรินทร์,1
ปานามา,ตาก,1
ปานามา,ชลบุรี,1
เกิร์นซีย์,กรุงเทพมหานคร,15
เกิร์นซีย์,ชลบุรี,8
เกิร์นซีย์,สงขลา,4
เกิร์นซีย์,ภูเก็ต,4
เกิร์นซีย์,นครราชสีมา,3
เกิร์นซีย์,นครปฐม,3
เกิร์นซีย์,นนทบุรี,3
เกิร์นซีย์,กาฬสินธุ์,3
เกิร์นซีย์,พะเยา,2
เกิร์นซีย์,ราชบุรี,2
เกิร์นซีย์,นครพนม,2
เกิร์นซีย์,สุรินทร์,2
เกิร์นซีย์,ร้อยเอ็ด,2
เกิร์นซีย์,กระบี่,2
เกิร์นซีย์,สมุทรปราการ,2
เกิร์นซีย์,กำแพงเพชร,2
เกิร์นซีย์,ปราจีนบุรี,2
เกิร์นซีย์,อุดรธานี,2
เกิร์นซีย์,พังงา,1
เกิร์นซีย์,กาญจนบุรี,1
เกิร์นซีย์,มหาสารคาม,1
เกิร์นซีย์,ชัยนาท,1
เกิร์นซีย์,ตราด,1
เกิร์นซีย์,เลย,1
เกิร์นซีย์,เชียงราย,1
เกิร์นซีย์,พิจิตร,1
เกิร์นซีย์,ฉะเชิงเทรา,1
เกิร์นซีย์,พิษณุโลก,1
เกิร์นซีย์,สระแก้ว,1
เกิร์นซีย์,สุราษฎร์ธานี,1
เกิร์นซีย์,บึงกาฬ,1
เกิร์นซีย์,ตาก,1
เกิร์นซีย์,สมุทรสงคราม,1
เกิร์นซีย์,นครศรีธรรมราช,1
เกิร์นซีย์,ลำปาง,1
เกิร์นซีย์,อุทัยธานี,1
เกิร์นซีย์,บุรีรัมย์,1
เกิร์นซีย์,นครสวรรค์,1
เกิร์นซีย์,สิงห์บุรี,1
เกิร์นซีย์,ระยอง,1
เกิร์นซีย์,หนองบัวลำภู,1
เกิร์นซีย์,ศรีสะเกษ,1
เกิร์นซีย์,แพร่,1
เกิร์นซีย์,ตรัง,1
เกิร์นซีย์,ขอนแก่น,1
เกิร์นซีย์,ชัยภูมิ,1
เกิร์นซีย์,ฉะเชิงเทรา,19
เกิร์นซีย์,สงขลา,16
เกิร์นซีย์,ระยอง,13
เกิร์นซีย์,กาญจนบุรี,6
เกิร์นซีย์,นครศรีธรรมราช,4
เกิร์นซีย์,นครราชสีมา,4
เกิร์นซีย์,จันทบุรี,4
เกิร์นซีย์,ปทุมธานี,3
เกิร์นซีย์,ขอนแก่น,3
เกิร์นซีย์,นราธิวาส,2
เกิร์นซีย์,เลย,2
เกิร์นซีย์,สระบุรี,1
เกิร์นซีย์,ภูเก็ต,1
เกิร์นซีย์,อุดรธานี,1
เกิร์นซีย์,นครปฐม,1
เกิร์นซีย์,ปราจีนบุรี,1
เกิร์นซีย์,นครนายก,1
เกิร์นซีย์,กาฬสินธุ์,1
เกิร์นซีย์,นครพนม,1
เกิร์นซีย์,อุตรดิตถ์,1
เกิร์นซีย์,พระนครศรีอยุธยา,1
เกิร์นซีย์,สุรินทร์,1
เกิร์นซีย์,ชลบุรี,1
จีน,กรุงเทพมหานคร,14
จีน,สมุทรปราการ,5
จีน,ขอนแก่น,5
จีน,เชียงใหม่,4
จีน,นครปฐม,4
จีน,เชียงราย,4
จีน,ชลบุรี,4
จีน,บุรีรัมย์,3
จีน,นครราชสีมา,3
จีน,สมุทรสาคร,2
จีน,อุดรธานี,2
จีน,ราชบุรี,2
จีน,ฉะเชิงเทรา,2
จีน,สุรินทร์,2
จีน,ปทุมธานี,2
จีน,ลำปาง,2
จีน,ประจวบคีรีขันธ์,2
จีน,ภูเก็ต,1
จีน,เพชรบูรณ์,1
จีน,ตรัง,1
จีน,พังงา,1
จีน,ระยอง,1
จีน,อุทัยธานี,1
จีน,สระบุรี,1
จีน,อุตรดิตถ์,1
จีน,สตูล,1
จีน,สุโขทัย,1
จีน,ร้อยเอ็ด,1
จีน,นครศรีธรรมราช,1
จีน,อุบลราชธานี,1
จีน,พิษณุโลก,1
จีน,สงขลา,1
จีน,สุราษฎร์ธานี,1
จีน,นนทบุรี,1
จีน,นราธิวาส,1
จีน,นครพนม,1
จีน,กำแพงเพชร,1
จีน,ลพบุรี,1
จีน,เพชรบุรี,1
จีน,กาฬสินธุ์,1
อิหร่าน,กรุงเทพมหานคร,14
อิหร่าน,สมุทรปราการ,5
อิหร่าน,ขอนแก่น,5
อิหร่าน,เชียงใหม่,4
อิหร่าน,นครปฐม,4
อิหร่าน,เชียงราย,4
อิหร่าน,ชลบุรี,4
อิหร่าน,บุรีรัมย์,3
อิหร่าน,นครราชสีมา,3
อิหร่าน,สมุทรสาคร,2
อิหร่าน,อุดรธานี,2
อิหร่าน,ราชบุรี,2
อิหร่าน,ฉะเชิงเทรา,2
อิหร่าน,สุรินทร์,2
อิหร่าน,ปทุมธานี,2
อิหร่าน,ลำปาง,2
อิหร่าน,ประจวบคีรีขันธ์,2
อิหร่าน,ภูเก็ต,1
อิหร่าน,เพชรบูรณ์,1
อิหร่าน,ตรัง,1
อิหร่าน,พังงา,1
อิหร่าน,ระยอง,1
อิหร่าน,อุทัยธานี,1
อิหร่าน,สระบุรี,1
อิหร่าน,อุตรดิตถ์,1
อิหร่าน,สตูล,1
อิหร่าน,สุโขทัย,1
อิหร่าน,ร้อยเอ็ด,1
อิหร่าน,นครศรีธรรมราช,1
อิหร่าน,อุบลราชธานี,1
อิหร่าน,พิษณุโลก,1
อิหร่าน,สงขลา,1
อิหร่าน,สุราษฎร์ธานี,1
อิหร่าน,นนทบุรี,1
อิหร่าน,นราธิวาส,1
อิหร่าน,นครพนม,1
อิหร่าน,กำแพงเพชร,1
อิหร่าน,ลพบุรี,1
อิหร่าน,เพชรบุรี,1
อิหร่าน,กาฬสินธุ์,1
ฝรั่งเศส,สุรินทร์,38
ฝรั่งเศส,บุรีรัมย์,17
ฝรั่งเศส,ชลบุรี,10
ฝรั่งเศส,พิจิตร,4
ฝรั่งเศส,กำแพงเพชร,2
ฝรั่งเศส,สมุทรสงคราม,2
ฝรั่งเศส,นนทบุรี,2
ฝรั่งเศส,ฉะเชิงเทรา,1
ฝรั่งเศส,อ่างทอง,1
ฝรั่งเศส,สกลนคร,1
มอลตา,กรุงเทพมหานคร,6
มอลตา,อุบลราชธานี,6
มอลตา,ชัยภูมิ,5
มอลตา,หนองคาย,5
มอลตา,ขอนแก่น,5
มอลตา,เชียงใหม่,4
มอลตา,พิษณุโลก,4
มอลตา,อุดรธานี,4
มอลตา,ร้อยเอ็ด,3
มอลตา,นครราชสีมา,3
มอลตา,เพชรบูรณ์,3
มอลตา,บุรีรัมย์,3
มอลตา,นนทบุรี,3
มอลตา,ราชบุรี,2
มอลตา,หนองบัวลำภู,2
มอลตา,สมุทรปราการ,2
มอลตา,ลำพูน,2
มอลตา,ชลบุรี,1
มอลตา,นครสวรรค์,1
มอลตา,มหาสารคาม,1
มอลตา,พัทลุง,1
มอลตา,สุพรรณบุรี,1
มอลตา,สกลนคร,1
มอลตา,พะเยา,1
มอลตา,เลย,1
มอลตา,ภูเก็ต,1
มอลตา,กาฬสินธุ์,1
มอลตา,ฉะเชิงเทรา,1
มอลตา,ยโสธร,1
มอลตา,แพร่,1
มอลตา,ตราด,1
มอลตา,ชัยนาท,1
มอลตา,พิจิตร,1
มอลตา,พระนครศรีอยุธยา,1
มอลตา,สุรินทร์,38
มอลตา,บุรีรัมย์,17
มอลตา,ชลบุรี,10
มอลตา,พิจิตร,4
มอลตา,กำแพงเพชร,2
มอลตา,สมุทรสงคราม,2
มอลตา,นนทบุรี,2
มอลตา,ศรีสะเกษ,1
มอลตา,อำนาจเจริญ,1
มอลตา,ลำปาง,1
มอลตา,อุดรธานี,1
มอลตา,อ่างทอง,1
มอลตา,เพชรบูรณ์,1
ยูเครน,กรุงเทพมหานคร,6
ยูเครน,อุบลราชธานี,6
ยูเครน,หนองคาย,5
ยูเครน,ขอนแก่น,5
ยูเครน,ชัยภูมิ,5
ยูเครน,อุดรธานี,4
ยูเครน,เชียงใหม่,4
ยูเครน,พิษณุโลก,4
ยูเครน,ร้อยเอ็ด,3
ยูเครน,นนทบุรี,3
ยูเครน,กรุงเทพมหานคร,10
ยูเครน,ระยอง,4
ยูเครน,หนองคาย,4
ยูเครน,สมุทรปราการ,4
ยูเครน,ขอนแก่น,4
ยูเครน,เชียงราย,3
ยูเครน,จันทบุรี,3
ยูเครน,แพร่,3
ยูเครน,ปทุมธานี,3
ยูเครน,ประจวบคีรีขันธ์,2
ยูเครน,ตาก,2
ยูเครน,พิษณุโลก,2
ยูเครน,เพชรบูรณ์,2
ยูเครน,สุรินทร์,2
ยูเครน,นครศรีธรรมราช,2
ยูเครน,ภูเก็ต,2
ยูเครน,อุบลราชธานี,2
ยูเครน,สุราษฎร์ธานี,2
ยูเครน,นครราชสีมา,2
ยูเครน,อุดรธานี,2
ยูเครน,กำแพงเพชร,1
ยูเครน,ร้อยเอ็ด,1
ยูเครน,นครสวรรค์,1
ยูเครน,สตูล,1
ยูเครน,สุพรรณบุรี,1
ยูเครน,ยะลา,1
ยูเครน,นครพนม,1
ยูเครน,ปราจีนบุรี,1
ยูเครน,ยโสธร,1
ยูเครน,นครปฐม,1
ยูเครน,เชียงใหม่,1
ยูเครน,หนองบัวลำภู,1
ยูเครน,ลำปาง,1
ยูเครน,ระนอง,1
ยูเครน,กาฬสินธุ์,1
ยูเครน,บึงกาฬ,1
ยูเครน,นนทบุรี,1
อุซเบกิสถาน,กรุงเทพมหานคร,8
อุซเบกิสถาน,นครราชสีมา,6
อุซเบกิสถาน,ขอนแก่น,6
อุซเบกิสถาน,กาฬสินธุ์,6
อุซเบกิสถาน,สกลนคร,4
อุซเบกิสถาน,ปทุมธานี,4
อุซเบกิสถาน,เชียงใหม่,4
อุซเบกิสถาน,นนทบุรี,3
อุซเบกิสถาน,สมุทรปราการ,3
อุซเบกิสถาน,อุดรธานี,3
อุซเบกิสถาน,พิจิตร,3
อุซเบกิสถาน,ชลบุรี,2
อุซเบกิสถาน,สุรินทร์,2
อุซเบกิสถาน,สุพรรณบุรี,2
อุซเบกิสถาน,พะเยา,2
อุซเบกิสถาน,เพชรบูรณ์,2
อุซเบกิสถาน,ศรีสะเกษ,2
อุซเบกิสถาน,นครพนม,2
อุซเบกิสถาน,ลพบุรี,2
อุซเบกิสถาน,มุกดาหาร,1
อุซเบกิสถาน,บุรีรัมย์,1
อุซเบกิสถาน,หนองบัวลำภู,1
อุซเบกิสถาน,พิษณุโลก,1
อุซเบกิสถาน,ชัยภูมิ,1
อุซเบกิสถาน,มหาสารคาม,1
อุซเบกิสถาน,อุบลราชธานี,1
อุซเบกิสถาน,กำแพงเพชร,1
อุซเบกิสถาน,อุตรดิตถ์,1
อุซเบกิสถาน,เชียงราย,1
สโลวีเนีย,กรุงเทพมหานคร,8
สโลวีเนีย,นครราชสีมา,6
สโลวีเนีย,ขอนแก่น,6
สโลวีเนีย,กาฬสินธุ์,6
สโลวีเนีย,สกลนคร,4
สโลวีเนีย,ปทุมธานี,4
สโลวีเนีย,เชียงใหม่,4
สโลวีเนีย,นนทบุรี,3
สโลวีเนีย,สมุทรปราการ,3
สโลวีเนีย,อุดรธานี,3
สโลวีเนีย,พิจิตร,3
สโลวีเนีย,ชลบุรี,2
สโลวีเนีย,สุรินทร์,2
สโลวีเนีย,สุพรรณบุรี,2
สโลวีเนีย,พะเยา,2
สโลวีเนีย,เพชรบูรณ์,2
สโลวีเนีย,ศรีสะเกษ,2
สโลวีเนีย,นครพนม,2
สโลวีเนีย,ลพบุรี,2
สโลวีเนีย,มุกดาหาร,1
สโลวีเนีย,บุรีรัมย์,1
สโลวีเนีย,หนองบัวลำภู,1
สโลวีเนีย,พิษณุโลก,1
สโลวีเนีย,ชัยภูมิ,1
สโลวีเนีย,มหาสารคาม,1
สโลวีเนีย,อุบลราชธานี,1
สโลวีเนีย,กำแพงเพชร,1
สโลวีเนีย,อุตรดิตถ์,1
สโลวีเนีย,เชียงราย,1
สโลวีเนีย,สุโขทัย,19
สโลวีเนีย,นครราชสีมา,18
สโลวีเนีย,ลำปาง,11
สโลวีเนีย,ตาก,6
สโลวีเนีย,พิษณุโลก,5
สโลวีเนีย,หนองคาย,3
สโลวีเนีย,อุดรธานี,2
สโลวีเนีย,ขอนแก่น,2
สโลวีเนีย,เลย,2
สโลวีเนีย,เชียงใหม่,1
สโลวีเนีย,น่าน,1
สโลวีเนีย,กรุงเทพมหานคร,1
สโลวีเนีย,แพร่,1
สโลวีเนีย,ปทุมธานี,1
มัลดีฟส์,ศรีสะเกษ,7
มัลดีฟส์,ขอนแก่น,5
มัลดีฟส์,นครราชสีมา,5
มัลดีฟส์,ชลบุรี,4
มัลดีฟส์,กาฬสินธุ์,4
มัลดีฟส์,บุรีรัมย์,4
มัลดีฟส์,เชียงราย,3
มัลดีฟส์,กรุงเทพมหานคร,3
มัลดีฟส์,พิษณุโลก,3
มัลดีฟส์,ร้อยเอ็ด,3
มัลดีฟส์,สกลนคร,2
มัลดีฟส์,สมุทรปราการ,2
มัลดีฟส์,เชียงใหม่,2
มัลดีฟส์,ปทุมธานี,2
มัลดีฟส์,นครสวรรค์,2
มัลดีฟส์,ยโสธร,1
มัลดีฟส์,ฉะเชิงเทรา,1
มัลดีฟส์,นครศรีธรรมราช,1
มัลดีฟส์,หนองคาย,1
มัลดีฟส์,จันทบุรี,1
มัลดีฟส์,ชุมพร,1
มัลดีฟส์,อุบลราชธานี,1
มัลดีฟส์,น่าน,1
มัลดีฟส์,อุดรธานี,1
มัลดีฟส์,หนองบัวลำภู,1
มัลดีฟส์,อำนาจเจริญ,1
มัลดีฟส์,ระยอง,1
มัลดีฟส์,แม่ฮ่องสอน,1
มัลดีฟส์,พิจิตร,1
มัลดีฟส์,สงขลา,1
มัลดีฟส์,สุรินทร์,1
มัลดีฟส์,นครพนม,1
มัลดีฟส์,ภูเก็ต,1
มัลดีฟส์,ลำปาง,1
กัมพูชา,กรุงเทพมหานคร,9
กัมพูชา,เชียงใหม่,8
กัมพูชา,นครศรีธรรมราช,3
กัมพูชา,สมุทรปราการ,3
กัมพูชา,อุดรธานี,3
กัมพูชา,นครราชสีมา,3
กัมพูชา,ปทุมธานี,2
กัมพูชา,ชลบุรี,2
กัมพูชา,นครนายก,2
กัมพูชา,น่าน,2
กัมพูชา,สุรินทร์,2
กัมพูชา,กาฬสินธุ์,2
กัมพูชา,ลำพูน,2
กัมพูชา,ภูเก็ต,2
กัมพูชา,เชียงราย,2
กัมพูชา,นครปฐม,2
กัมพูชา,นครสวรรค์,1
กัมพูชา,ประจวบคีรีขันธ์,1
กัมพูชา,อุบลราชธานี,1
กัมพูชา,กำแพงเพชร,1
กัมพูชา,หนองคาย,1
กัมพูชา,มหาสารคาม,1
กัมพูชา,ชุมพร,1
กัมพูชา,ระยอง,1
กัมพูชา,ลำปาง,1
กัมพูชา,ขอนแก่น,1
กัมพูชา,สระบุรี,1
กัมพูชา,จันทบุรี,1
กัมพูชา,นนทบุรี,1
กัมพูชา,พะเยา,1
กัมพูชา,สงขลา,1
กัมพูชา,ชัยภูมิ,1
กัมพูชา,พิจิตร,1
กัมพูชา,ศรีสะเกษ,7
กัมพูชา,ขอนแก่น,5
กัมพูชา,นครราชสีมา,5
กัมพูชา,ชลบุรี,4
กัมพูชา,กาฬสินธุ์,4
กัมพูชา,บุรีรัมย์,4
กัมพูชา,เชียงราย,3
กัมพูชา,กรุงเทพมหานคร,3
กัมพูชา,พิษณุโลก,3
กัมพูชา,ร้อยเอ็ด,3
กัมพูชา,สกลนคร,2
กัมพูชา,สมุทรปราการ,2
กัมพูชา,เชียงใหม่,2
กัมพูชา,นครสวรรค์,2
กัมพูชา,ยโสธร,1
กัมพูชา,ฉะเชิงเทรา,1
กัมพูชา,นครศรีธรรมราช,1
กัมพูชา,น่าน,1
กัมพูชา,อุดรธานี,1
กัมพูชา,หนองบัวลำภู,1
กัมพูชา,อำนาจเจริญ,1
กัมพูชา,แม่ฮ่องสอน,1
กัมพูชา,สุรินทร์,1
กัมพูชา,นครพนม,1
กัมพูชา,ภูเก็ต,1
ซูดานใต้,ฉะเชิงเทรา,9
ซูดานใต้,ลพบุรี,6
ซูดานใต้,กรุงเทพมหานคร,5
ซูดานใต้,เชียงใหม่,3
ซูดานใต้,บุรีรัมย์,3
ซูดานใต้,พระนครศรีอยุธยา,3
ซูดานใต้,สุโขทัย,3
ซูดานใต้,ชลบุรี,2
ซูดานใต้,นครนายก,2
ซูดานใต้,ลำปาง,2
ซูดานใต้,สุรินทร์,2
ซูดานใต้,ปทุมธานี,2
ซูดานใต้,นครราชสีมา,2
ซูดานใต้,สระบุรี,2
ซูดานใต้,ระยอง,2
ซูดานใต้,ศรีสะเกษ,1
ซูดานใต้,ประจวบคีรีขันธ์,1
ซูดานใต้,เลย,1
ซูดานใต้,สระแก้ว,1
ซูดานใต้,เพชรบูรณ์,1
ซูดานใต้,สมุทรปราการ,1
ซูดานใต้,มหาสารคาม,1
ซูดานใต้,ลำพูน,1
ซูดานใต้,กำแพงเพชร,1
ซูดานใต้,หนองบัวลำภู,1
ซูดานใต้,หนองคาย,1
ซูดานใต้,สงขลา,1
ซูดานใต้,อ่างทอง,1
ซูดานใต้,นครสวรรค์,1
ซูดานใต้,นครราชสีมา,10
ซูดานใต้,หนองบัวลำภู,5
ซูดานใต้,นครสวรรค์,5
ซูดานใต้,ชัยภูมิ,4
ซูดานใต้,ตาก,3
ซูดานใต้,กรุงเทพมหานคร,3
ซูดานใต้,สุรินทร์,3
ซูดานใต้,อุดรธานี,3
ซูดานใต้,สระแก้ว,2
สโลวาเกีย,นครราชสีมา,10
สโลวาเกีย,นครสวรรค์,5
สโลวาเกีย,หนองบัวลำภู,5
สโลวาเกีย,ชัยภูมิ,4
สโลวาเกีย,อุดรธานี,3
สโลวาเกีย,กรุงเทพมหานคร,3
สโลวาเกีย,สุรินทร์,3
สโลวาเกีย,ตาก,3
สโลวาเกีย,บุรีรัมย์,3
สโลวาเกีย,สระแก้ว,2
สโลวาเกีย,ขอนแก่น,2
สโลวาเกีย,ลพบุรี,2
สโลวาเกีย,พระนครศรีอยุธยา,2
สโลวาเกีย,เพชรบูรณ์,1
สโลวาเกีย,สกลนคร,1
สโลวาเกีย,สงขลา,1
สโลวาเกีย,แพร่,1
สโลวาเกีย,สุโขทัย,1
สโลวาเกีย,ลำปาง,1
สโลวาเกีย,พิษณุโลก,1
สโลวาเกีย,เลย,1
สโลวาเกีย,สุพรรณบุรี,1
สโลวาเกีย,อุทัยธานี,1
โมร็อกโก,อุดรธานี,8
โมร็อกโก,ขอนแก่น,7
โมร็อกโก,นครราชสีมา,4
โมร็อกโก,ร้อยเอ็ด,3
โมร็อกโก,อุบลราชธานี,3
โมร็อกโก,กรุงเทพมหานคร,3
โมร็อกโก,สงขลา,3
โมร็อกโก,สมุทรปราการ,2
โมร็อกโก,เชียงใหม่,2
โมร็อกโก,สุรินทร์,2
โมร็อกโก,บุรีรัมย์,2
โมร็อกโก,พิษณุโลก,2
โมร็อกโก,ยโสธร,1
โมร็อกโก,มหาสารคาม,1
โมร็อกโก,ฉะเชิงเทรา,1
โมร็อกโก,หนองบัวลำภู,1
โมร็อกโก,ลพบุรี,1
โมร็อกโก,เลย,1
โมร็อกโก,สระแก้ว,1
โมร็อกโก,เชียงราย,1
โมร็อกโก,ชัยภูมิ,1
โมร็อกโก,นนทบุรี,1
โมร็อกโก,สุโขทัย,1
โมร็อกโก,นครพนม,1
โมร็อกโก,ตรัง,1
โมร็อกโก,กำแพงเพชร,1
โมร็อกโก,ศรีสะเกษ,1
โมร็อกโก,ภูเก็ต,1
สหราชอาณาจักร,นครราชสีมา,5
สหราชอาณาจักร,บุรีรัมย์,5
สหราชอาณาจักร,กรุงเทพมหานคร,4
สหราชอาณาจักร,มหาสารคาม,3
สหราชอาณาจักร,เชียงราย,2
สหราชอาณาจักร,อุบลราชธานี,2
สหราชอาณาจักร,ปราจีนบุรี,2
สหราชอาณาจักร,นครสวรรค์,2
สหราชอาณาจักร,นนทบุรี,2
สหราชอาณาจักร,สมุทรสาคร,2
สหราชอาณาจักร,พะเยา,2
สหราชอาณาจักร,อุดรธานี,2
สหราชอาณาจักร,หนองคาย,2
สหราชอาณาจักร,กาญจนบุรี,1
สหราชอาณาจักร,เชียงใหม่,1
สหราชอาณาจักร,นครปฐม,1
สหราชอาณาจักร,พระนครศรีอยุธยา,1
สหราชอาณาจักร,สระแก้ว,1
สหราชอาณาจักร,ฉะเชิงเทรา,1
สหราชอาณาจักร,สุพรรณบุรี,1
สหราชอาณาจักร,ขอนแก่น,1
สหราชอาณาจักร,แพร่,1
สหราชอาณาจักร,ภูเก็ต,1
สหราชอาณาจักร,พังงา,1
สหราชอาณาจักร,ศรีสะเกษ,1
สหราชอาณาจักร,พิษณุโลก,1
สหราชอาณาจักร,ชลบุรี,1
สหราชอาณาจักร,สุรินทร์,1
สหราชอาณาจักร,จันทบุรี,1
สหราชอาณาจักร,กาฬสินธุ์,1
โมซัมบิก,กรุงเทพมหานคร,13
โมซัมบิก,อุดรธานี,4
โมซัมบิก,เชียงราย,3
โมซัมบิก,นครราชสีมา,3
โมซัมบิก,ศรีสะเกษ,2
โมซัมบิก,สุราษฎร์ธานี,2
โมซัมบิก,สุพรรณบุรี,2
โมซัมบิก,เพชรบูรณ์,2
โมซัมบิก,ภูเก็ต,2
โมซัมบิก,สมุทรปราการ,2
โมซัมบิก,เลย,1
โมซัมบิก,พิษณุโลก,1
โมซัมบิก,สระบุรี,1
โมซัมบิก,ลพบุรี,1
โมซัมบิก,ขอนแก่น,1
โมซัมบิก,แม่ฮ่องสอน,1
โมซัมบิก,สมุทรสงคราม,1
โมซัมบิก,กาญจนบุรี,1
โมซัมบิก,มหาสารคาม,1
โมซัมบิก,บุรีรัมย์,1
โมซัมบิก,ชลบุรี,1
โมซัมบิก,เชียงใหม่,1
โมซัมบิก,ยโสธร,1
เซอร์เบีย,กรุงเทพมหานคร,13
เซอร์เบีย,อุดรธานี,4
เซอร์เบีย,เชียงราย,3
เซอร์เบีย,นครราชสีมา,3
เซอร์เบีย,ศรีสะเกษ,2
เซอร์เบีย,สุราษฎร์ธานี,2
เซอร์เบีย,สุพรรณบุรี,2
เซอร์เบีย,เพชรบูรณ์,2
เซอร์เบีย,ภูเก็ต,2
เซอร์เบีย,สมุทรปราการ,2
เซอร์เบีย,เลย,1
เซอร์เบีย,พิษณุโลก,1
เซอร์เบีย,สระบุรี,1
เซอร์เบีย,ลพบุรี,1
เซอร์เบีย,ขอนแก่น,1
เซอร์เบีย,แม่ฮ่องสอน,1
เซอร์เบีย,สมุทรสงคราม,1
เซอร์เบีย,กาญจนบุรี,1
เซอร์เบีย,มหาสารคาม,1
เซอร์เบีย,บุรีรัมย์,1
เซอร์เบีย,ชลบุรี,1
เซอร์เบีย,เชียงใหม่,1
เซอร์เบีย,ยโสธร,1
เซอร์เบีย,ลำปาง,9
เซอร์เบีย,ตาก,5
เซอร์เบีย,นครสวรรค์,3
เซอร์เบีย,กำแพงเพชร,3
เซอร์เบีย,ระยอง,2
เซอร์เบีย,เชียงใหม่,2
เซอร์เบีย,สุโขทัย,2
เซอร์เบีย,ลำพูน,1
เซอร์เบีย,อุตรดิตถ์,1
เซอร์เบีย,ตราด,1
เซอร์เบีย,ร้อยเอ็ด,1
เซอร์เบีย,หนองคาย,1
เซอร์เบีย,เชียงราย,1
เซอร์เบีย,หนองบัวลำภู,1
เซอร์เบีย,สิงห์บุรี,1
เซอร์เบีย,นครพนม,1
เซอร์เบีย,บึงกาฬ,1
เซอร์เบีย,นครราชสีมา,1
เซอร์เบีย,สมุทรปราการ,1
เซอร์เบีย,อุดรธานี,1
เซอร์เบีย,น่าน,1
เซอร์เบีย,กรุงเทพมหานคร,1
กรีนแลนด์,สุรินทร์,7
กรีนแลนด์,บุรีรัมย์,3
กรีนแลนด์,เชียงใหม่,3
กรีนแลนด์,ชลบุรี,3
กรีนแลนด์,ชัยภูมิ,3
กรีนแลนด์,อุบลราชธานี,2
กรีนแลนด์,นครราชสีมา,2
กรีนแลนด์,ร้อยเอ็ด,2
กรีนแลนด์,ยโสธร,2
กรีนแลนด์,นนทบุรี,2
กรีนแลนด์,ลำปาง,9
กรีนแลนด์,ตาก,5
กรีนแลนด์,นครสวรรค์,3
กรีนแลนด์,กำแพงเพชร,3
กรีนแลนด์,ระยอง,2
กรีนแลนด์,เชียงใหม่,2
กรีนแลนด์,สุโขทัย,2
กรีนแลนด์,ลำพูน,1
กรีนแลนด์,อุตรดิตถ์,1
กรีนแลนด์,ตราด,1
กรีนแลนด์,ร้อยเอ็ด,1
กรีนแลนด์,หนองคาย,1
กรีนแลนด์,เชียงราย,1
กรีนแลนด์,ยโสธร,1
กรีนแลนด์,หนองบัวลำภู,1
กรีนแลนด์,สิงห์บุรี,1
กรีนแลนด์,นครพนม,1
กรีนแลนด์,บึงกาฬ,1
กรีนแลนด์,เลย,1
กรีนแลนด์,กาญจนบุรี,1
กรีนแลนด์,ขอนแก่น,1
กรีนแลนด์,ชลบุรี,1
กรีนแลนด์,นครราชสีมา,1
กรีนแลนด์,สมุทรปราการ,1
กรีนแลนด์,อุดรธานี,1
กรีนแลนด์,น่าน,1
กรีนแลนด์,กรุงเทพมหานคร,1
ปาปัวนิวกินี,สุรินทร์,7
ปาปัวนิวกินี,บุรีรัมย์,3
ปาปัวนิวกินี,ชลบุรี,3
ปาปัวนิวกินี,ชัยภูมิ,3
ปาปัวนิวกินี,เชียงใหม่,3
ปาปัวนิวกินี,ยโสธร,2
ปาปัวนิวกินี,อุบลราชธานี,2
ปาปัวนิวกินี,นครราชสีมา,2
ปาปัวนิวกินี,นนทบุรี,2
ปาปัวนิวกินี,ร้อยเอ็ด,2
ปาปัวนิวกินี,เพชรบูรณ์,1
ปาปัวนิวกินี,สระแก้ว,1
ปาปัวนิวกินี,อุดรธานี,1
ปาปัวนิวกินี,กรุงเทพมหานคร,1
ปาปัวนิวกินี,ลำปาง,1
ปาปัวนิวกินี,สกลนคร,1
ปาปัวนิวกินี,ประจวบคีรีขันธ์,1
ปาปัวนิวกินี,ภูเก็ต,1
ปาปัวนิวกินี,กำแพงเพชร,1
ปาปัวนิวกินี,ลำพูน,1
ปาปัวนิวกินี,ปทุมธานี,1
ปาปัวนิวกินี,ขอนแก่น,1
ปาปัวนิวกินี,ศรีสะเกษ,1
ปาปัวนิวกินี,กาฬสินธุ์,1
ปาปัวนิวกินี,สมุทรสาคร,1
ปาปัวนิวกินี,ชลบุรี,8
ปาปัวนิวกินี,หนองคาย,6
ปาปัวนิวกินี,กรุงเทพมหานคร,3
ปาปัวนิวกินี,นครสวรรค์,3
ปาปัวนิวกินี,อุดรธานี,3
ปาปัวนิวกินี,นนทบุรี,3
ปาปัวนิวกินี,สระบุรี,2
ปาปัวนิวกินี,บุรีรัมย์,2
ปาปัวนิวกินี,สุโขทัย,2
ปาปัวนิวกินี,เพชรบุรี,1
ปาปัวนิวกินี,สุรินทร์,1
ปาปัวนิวกินี,นครราชสีมา,1
ปาปัวนิวกินี,หนองบัวลำภู,1
ปาปัวนิวกินี,เชียงราย,1
ปาปัวนิวกินี,สมุทรปราการ,1
ไนจีเรีย,ชลบุรี,8
ไนจีเรีย,หนองคาย,6
ไนจีเรีย,กรุงเทพมหานคร,3
ไนจีเรีย,นนทบุรี,3
ไนจีเรีย,นครสวรรค์,3
ไนจีเรีย,อุดรธานี,3
ไนจีเรีย,สระบุรี,2
ไนจีเรีย,บุรีรัมย์,2
ไนจีเรีย,สุโขทัย,2
ไนจีเรีย,อุบลราชธานี,2
ไนจีเรีย,นครราชสีมา,6
ไนจีเรีย,กรุงเทพมหานคร,5
ไนจีเรีย,สุรินทร์,5
ไนจีเรีย,สระแก้ว,4
ไนจีเรีย,พิษณุโลก,2
ไนจีเรีย,เชียงราย,1
ไนจีเรีย,ฉะเชิงเทรา,1
ไนจีเรีย,ขอนแก่น,1
ไนจีเรีย,เพชรบุรี,1
ไนจีเรีย,ศรีสะเกษ,1
ไนจีเรีย,ปทุมธานี,1
ไนจีเรีย,หนองบัวลำภู,1
ไนจีเรีย,ประจวบคีรีขันธ์,1
ไนจีเรีย,สมุทรปราการ,1
ไนจีเรีย,สงขลา,1
ไนจีเรีย,อุบลราชธานี,1
ไนจีเรีย,สกลนคร,1
ไนจีเรีย,เพชรบูรณ์,1
ไนจีเรีย,พระนครศรีอยุธยา,1
ไนจีเรีย,บึงกาฬ,1
ไนจีเรีย,ลำปาง,1
ไนจีเรีย,ชลบุรี,1
ไนจีเรีย,มหาสารคาม,1
ไนจีเรีย,ยโสธร,1
อียิปต์,ชลบุรี,8
อียิปต์,หนองคาย,6
อียิปต์,กรุงเทพมหานคร,3
อียิปต์,นครสวรรค์,3
อียิปต์,อุดรธานี,3
อียิปต์,นนทบุรี,3
อียิปต์,สระบุรี,2
อียิปต์,บุรีรัมย์,2
อียิปต์,อุบลราชธานี,2
อียิปต์,สุโขทัย,2
อียิปต์,เพชรบุรี,1
อียิปต์,สุรินทร์,1
อียิปต์,นครราชสีมา,1
อียิปต์,หนองบัวลำภู,1
อียิปต์,เชียงราย,1
อียิปต์,ปทุมธานี,1
อียิปต์,สมุทรปราการ,1
เบอร์มิวดา,ชัยภูมิ,8
เบอร์มิวดา,นครราชสีมา,4
เบอร์มิวดา,สกลนคร,3
เบอร์มิวดา,ขอนแก่น,3
เบอร์มิวดา,นครพนม,2
เบอร์มิวดา,ลำปาง,2
เบอร์มิวดา,บุรีรัมย์,2
เบอร์มิวดา,อุดรธานี,2
เบอร์มิวดา,กรุงเทพมหานคร,2
เบอร์มิวดา,ปทุมธานี,1
เบอร์มิวดา,มุกดาหาร,1
เบอร์มิวดา,พิจิตร,1
เบอร์มิวดา,ชลบุรี,1
เบอร์มิวดา,ปราจีนบุรี,1
เบอร์มิวดา,เลย,1
เบอร์มิวดา,หนองคาย,1
เบอร์มิวดา,เชียงใหม่,1
เบอร์มิวดา,ร้อยเอ็ด,1
เบอร์มิวดา,ราชบุรี,1
เบอร์มิวดา,สมุทรสาคร,1
เบอร์มิวดา,สุรินทร์,1
เบอร์มิวดา,นครราชสีมา,6
เบอร์มิวดา,สุรินทร์,5
เบอร์มิวดา,กรุงเทพมหานคร,5
เบอร์มิวดา,สระแก้ว,4
เบอร์มิวดา,พิษณุโลก,2
เบอร์มิวดา,หนองบัวลำภู,1
เบอร์มิวดา,เชียงราย,1
เบอร์มิวดา,ประจวบคีรีขันธ์,1
เบอร์มิวดา,สมุทรปราการ,1
เบอร์มิวดา,สงขลา,1
เบอร์มิวดา,ขอนแก่น,1
เบอร์มิวดา,ฉะเชิงเทรา,1
เบอร์มิวดา,อุบลราชธานี,1
เบอร์มิวดา,สกลนคร,1
เบอร์มิวดา,เพชรบูรณ์,1
เบอร์มิวดา,พระนครศรีอยุธยา,1
เบอร์มิวดา,บึงกาฬ,1
เบอร์มิวดา,ลำปาง,1
เบอร์มิวดา,มหาสารคาม,1
เบอร์มิวดา,เพชรบุรี,1
เบอร์มิวดา,ศรีสะเกษ,1
เบอร์มิวดา,ยโสธร,1
หมู่เกาะนอร์เทิร์นมาเรียนา,ชัยภูมิ,8
หมู่เกาะนอร์เทิร์นมาเรียนา,นครราชสีมา,4
หมู่เกาะนอร์เทิร์นมาเรียนา,สกลนคร,3
หมู่เกาะนอร์เทิร์นมาเรียนา,ขอนแก่น,3
หมู่เกาะนอร์เทิร์นมาเรียนา,นครพนม,2
หมู่เกาะนอร์เทิร์นมาเรียนา,ลำปาง,2
หมู่เกาะนอร์เทิร์นมาเรียนา,บุรีรัมย์,2
หมู่เกาะนอร์เทิร์นมาเรียนา,อุดรธานี,2
หมู่เกาะนอร์เทิร์นมาเรียนา,กรุงเทพมหานคร,2
หมู่เกาะนอร์เทิร์นมาเรียนา,ปทุมธานี,1
หมู่เกาะนอร์เทิร์นมาเรียนา,มุกดาหาร,1
หมู่เกาะนอร์เทิร์นมาเรียนา,พิจิตร,1
หมู่เกาะนอร์เทิร์นมาเรียนา,ชลบุรี,1
หมู่เกาะนอร์เทิร์นมาเรียนา,ปราจีนบุรี,1
หมู่เกาะนอร์เทิร์นมาเรียนา,เลย,1
หมู่เกาะนอร์เทิร์นมาเรียนา,หนองคาย,1
หมู่เกาะนอร์เทิร์นมาเรียนา,เชียงใหม่,1
หมู่เกาะนอร์เทิร์นมาเรียนา,ร้อยเอ็ด,1
หมู่เกาะนอร์เทิร์นมาเรียนา,ราชบุรี,1
หมู่เกาะนอร์เทิร์นมาเรียนา,สมุทรสาคร,1
หมู่เกาะนอร์เทิร์นมาเรียนา,สุรินทร์,1
หมู่เกาะนอร์เทิร์นมาเรียนา,กรุงเทพมหานคร,4
หมู่เกาะนอร์เทิร์นมาเรียนา,เพชรบุรี,4
หมู่เกาะนอร์เทิร์นมาเรียนา,สมุทรปราการ,3
หมู่เกาะนอร์เทิร์นมาเรียนา,พระนครศรีอยุธยา,3
หมู่เกาะนอร์เทิร์นมาเรียนา,อุดรธานี,3
หมู่เกาะนอร์เทิร์นมาเรียนา,ปทุมธานี,2
หมู่เกาะนอร์เทิร์นมาเรียนา,นครราชสีมา,2
หมู่เกาะนอร์เทิร์นมาเรียนา,กระบี่,2
หมู่เกาะนอร์เทิร์นมาเรียนา,ขอนแก่น,1
หมู่เกาะนอร์เทิร์นมาเรียนา,ฉะเชิงเทรา,1
หมู่เกาะนอร์เทิร์นมาเรียนา,นนทบุรี,1
หมู่เกาะนอร์เทิร์นมาเรียนา,กาฬสินธุ์,1
หมู่เกาะนอร์เทิร์นมาเรียนา,อุบลราชธานี,1
หมู่เกาะนอร์เทิร์นมาเรียนา,จันทบุรี,1
หมู่เกาะนอร์เทิร์นมาเรียนา,ลพบุรี,1
หมู่เกาะนอร์เทิร์นมาเรียนา,พิษณุโลก,1
หมู่เกาะนอร์เทิร์นมาเรียนา,ตาก,1
หมู่เกาะนอร์เทิร์นมาเรียนา,ประจวบคีรีขันธ์,1
หมู่เกาะนอร์เทิร์นมาเรียนา,ชุมพร,1
หมู่เกาะนอร์เทิร์นมาเรียนา,พะเยา,1
หมู่เกาะนอร์เทิร์นมาเรียนา,ยโสธร,1
บัลแกเรีย,นครราชสีมา,4
บัลแกเรีย,อุดรธานี,3
บัลแกเรีย,มหาสารคาม,3
บัลแกเรีย,ชัยภูมิ,3
บัลแกเรีย,กรุงเทพมหานคร,2
บัลแกเรีย,ขอนแก่น,2
บัลแกเรีย,นครปฐม,2
บัลแกเรีย,สุรินทร์,2
บัลแกเรีย,บุรีรัมย์,1
บัลแกเรีย,นนทบุรี,1
บัลแกเรีย,สุโขทัย,1
บัลแกเรีย,เชียงใหม่,1
บัลแกเรีย,อุตรดิตถ์,1
บัลแกเรีย,เลย,1
บัลแกเรีย,จันทบุรี,1
บัลแกเรีย,สมุทรปราการ,1
บัลแกเรีย,พะเยา,1
บัลแกเรีย,นครนายก,1
บัลแกเรีย,หนองคาย,1
เลบานอน,นครปฐม,4
เลบานอน,สกลนคร,3
เลบานอน,อุดรธานี,3
เลบานอน,ร้อยเอ็ด,3
เลบานอน,ราชบุรี,2
เลบานอน,นครราชสีมา,2
เลบานอน,ยโสธร,2
เลบานอน,พระนครศรีอยุธยา,2
เลบานอน,กาฬสินธุ์,1
เลบานอน,นครพนม,1
เลบานอน,กรุงเทพมหานคร,1
เลบานอน,อุบลราชธานี,1
เลบานอน,ฉะเชิงเทรา,1
เลบานอน,ชัยภูมิ,1
เลบานอน,บึงกาฬ,1
เลบานอน,นครราชสีมา,4
เลบานอน,ชัยภูมิ,3
เลบานอน,มหาสารคาม,3
เลบานอน,กรุงเทพมหานคร,2
เลบานอน,ขอนแก่น,2
เลบานอน,นครปฐม,2
เลบานอน,สุรินทร์,2
เลบานอน,สุโขทัย,1
เลบานอน,นครนายก,1
โคลอมเบีย,อุบลราชธานี,4
โคลอมเบีย,สกลนคร,4
โคลอมเบีย,มหาสารคาม,3
โคลอมเบีย,กรุงเทพมหานคร,2
โคลอมเบีย,นครราชสีมา,2
โคลอมเบีย,อุดรธานี,2
โคลอมเบีย,สระบุรี,1
โคลอมเบีย,มุกดาหาร,1
โคลอมเบีย,กาญจนบุรี,1
โคลอมเบีย,บุรีรัมย์,1
โคลอมเบีย,กำแพงเพชร,1
โคลอมเบีย,นครปฐม,1
โคลอมเบีย,ภูเก็ต,1
โคลอมเบีย,สุรินทร์,1
โคลอมเบีย,เลย,1
โคลอมเบีย,ชัยภูมิ,1
โคลอมเบีย,นครปฐม,4
โคลอมเบีย,อุดรธานี,3
โคลอมเบีย,สกลนคร,3
โคลอมเบีย,ร้อยเอ็ด,3
โคลอมเบีย,ยโสธร,2
โคลอมเบีย,ราชบุรี,2
โคลอมเบีย,พระนครศรีอยุธยา,2
โคลอมเบีย,กรุงเทพมหานคร,1
โคลอมเบีย,อุบลราชธานี,1
โคลอมเบีย,ฉะเชิงเทรา,1
โคลอมเบีย,กาฬสินธุ์,1
โคลอมเบีย,นครพนม,1
โคลอมเบีย,บึงกาฬ,1
ออสเตรเลีย,นครราชสีมา,5
ออสเตรเลีย,อุบลราชธานี,2
ออสเตรเลีย,กาฬสินธุ์,2
ออสเตรเลีย,เชียงราย,2
ออสเตรเลีย,ลำปาง,2
ออสเตรเลีย,ปทุมธานี,2
ออสเตรเลีย,กาญจนบุรี,1
ออสเตรเลีย,สมุทรปราการ,1
ออสเตรเลีย,สุรินทร์,1
ออสเตรเลีย,ฉะเชิงเทรา,1
ออสเตรเลีย,ชลบุรี,1
ออสเตรเลีย,อำนาจเจริญ,1
ออสเตรเลีย,กรุงเทพมหานคร,1
ออสเตรเลีย,นครนายก,1
ออสเตรเลีย,อุดรธานี,1
ออสเตรเลีย,บุรีรัมย์,1
ออสเตรเลีย,แพร่,1
เซเชลส์,นครราชสีมา,5
เซเชลส์,อุบลราชธานี,2
เซเชลส์,กาฬสินธุ์,2
เซเชลส์,เชียงราย,2
เซเชลส์,ลำปาง,2
เซเชลส์,ปทุมธานี,2
เซเชลส์,กาญจนบุรี,1
เซเชลส์,สมุทรปราการ,1
เซเชลส์,สุรินทร์,1
เซเชลส์,ฉะเชิงเทรา,1
เซเชลส์,ชลบุรี,1
เซเชลส์,อำนาจเจริญ,1
เซเชลส์,กรุงเทพมหานคร,1
เซเชลส์,นครนายก,1
เซเชลส์,อุดรธานี,1
เซเชลส์,บุรีรัมย์,1
เซเชลส์,แพร่,1
เซเชลส์,สงขลา,6
เซเชลส์,กรุงเทพมหานคร,5
เซเชลส์,ขอนแก่น,2
เซเชลส์,ภูเก็ต,1
เซเชลส์,นครศรีธรรมราช,1
เซเชลส์,หนองคาย,1
เซเชลส์,ระยอง,1
เซเชลส์,ตาก,1
เซเชลส์,พะเยา,1
เซเชลส์,อุบลราชธานี,4
เซเชลส์,สกลนคร,4
เซเชลส์,มหาสารคาม,3
เซเชลส์,กรุงเทพมหานคร,2
เซเชลส์,นครราชสีมา,2
เซเชลส์,อุดรธานี,2
เซเชลส์,สระบุรี,1
เซเชลส์,มุกดาหาร,1
เซเชลส์,กำแพงเพชร,1
เซเชลส์,นครปฐม,1
เซเชลส์,เลย,1
เซเชลส์,ชัยภูมิ,1
เซเชลส์,สมุทรสาคร,1
เซเชลส์,หนองบัวลำภู,1
เซเชลส์,ศรีสะเกษ,1
เซเชลส์,นนทบุรี,1
หมู่เกาะเคย์แมน,นครสวรรค์,3
หมู่เกาะเคย์แมน,อุดรธานี,3
หมู่เกาะเคย์แมน,เพชรบูรณ์,3
หมู่เกาะเคย์แมน,ลำปาง,3
หมู่เกาะเคย์แมน,บุรีรัมย์,2
หมู่เกาะเคย์แมน,นครราชสีมา,2
หมู่เกาะเคย์แมน,อุบลราชธานี,1
หมู่เกาะเคย์แมน,เชียงราย,1
หมู่เกาะเคย์แมน,กรุงเทพมหานคร,1
หมู่เกาะเคย์แมน,สระแก้ว,1
หมู่เกาะเคย์แมน,สกลนคร,1
หมู่เกาะเคย์แมน,สมุทรสาคร,1
หมู่เกาะเคย์แมน,เพชรบุรี,1
หมู่เกาะเคย์แมน,ราชบุรี,1
หมู่เกาะเคย์แมน,สุพรรณบุรี,1
หมู่เกาะเคย์แมน,สงขลา,6
หมู่เกาะเคย์แมน,กรุงเทพมหานคร,5
หมู่เกาะเคย์แมน,ขอนแก่น,2
หมู่เกาะเคย์แมน,กาฬสินธุ์,2
หมู่เกาะเคย์แมน,ภูเก็ต,1
หมู่เกาะเคย์แมน,สุรินทร์,1
หมู่เกาะเคย์แมน,นครศรีธรรมราช,1
หมู่เกาะเคย์แมน,หนองคาย,1
หมู่เกาะเคย์แมน,หนองบัวลำภู,1
หมู่เกาะเคย์แมน,ศรีสะเกษ,1
หมู่เกาะเคย์แมน,ระยอง,1
หมู่เกาะเคย์แมน,ตาก,1
หมู่เกาะเคย์แมน,พะเยา,1
หมู่เกาะเคย์แมน,นนทบุรี,1
ศรีลังกา,เชียงใหม่,4
ศรีลังกา,กรุงเทพมหานคร,4
ศรีลังกา,นครปฐม,2
ศรีลังกา,นครราชสีมา,2
ศรีลังกา,สมุทรปราการ,2
ศรีลังกา,ศรีสะเกษ,1
ศรีลังกา,หนองคาย,1
ศรีลังกา,บุรีรัมย์,1
ศรีลังกา,สกลนคร,1
ศรีลังกา,แม่ฮ่องสอน,1
ศรีลังกา,สุราษฎร์ธานี,1
ศรีลังกา,อุบลราชธานี,1
ศรีลังกา,ยโสธร,1
ศรีลังกา,อำนาจเจริญ,1
ศรีลังกา,ปทุมธานี,1
โรมาเนีย,เพชรบูรณ์,3
โรมาเนีย,นครสวรรค์,3
โรมาเนีย,อุดรธานี,3
โรมาเนีย,ลำปาง,3
โรมาเนีย,บุรีรัมย์,2
โรมาเนีย,นครราชสีมา,2
โรมาเนีย,อุบลราชธานี,1
โรมาเนีย,กรุงเทพมหานคร,1
โรมาเนีย,สมุทรสาคร,1
โรมาเนีย,เพชรบุรี,1
โรมาเนีย,ชัยภูมิ,9
โรมาเนีย,สกลนคร,3
โรมาเนีย,ขอนแก่น,2
โรมาเนีย,สมุทรสาคร,2
โรมาเนีย,นครราชสีมา,1
โรมาเนีย,หนองคาย,1
โรมาเนีย,ลำปาง,1
โรมาเนีย,ภูเก็ต,1
โรมาเนีย,ชลบุรี,1
เอสวาตินี,ลำปาง,19
เอสวาตินี,ชัยภูมิ,9
เอสวาตินี,สกลนคร,3
เอสวาตินี,ขอนแก่น,2
เอสวาตินี,สมุทรสาคร,2
เอสวาตินี,นครราชสีมา,1
เอสวาตินี,หนองคาย,1
เอสวาตินี,ลำปาง,1
เอสวาตินี,ภูเก็ต,1
เอสวาตินี,ชลบุรี,1
เอสวาตินี,บุรีรัมย์,5
เอสวาตินี,ชลบุรี,3
เอสวาตินี,นครราชสีมา,2
เอสวาตินี,นครสวรรค์,1
เอสวาตินี,ยโสธร,1
เอสวาตินี,สมุทรปราการ,1
เอสวาตินี,ร้อยเอ็ด,1
เอสวาตินี,ปทุมธานี,1
เอสวาตินี,ขอนแก่น,1
เอสวาตินี,สุรินทร์,1
เอสวาตินี,เชียงใหม่,1
เอสวาตินี,นครปฐม,1
เอสวาตินี,กรุงเทพมหานคร,1
โมนาโก,บุรีรัมย์,5
โมนาโก,ชลบุรี,3
โมนาโก,นครราชสีมา,2
โมนาโก,สมุทรปราการ,1
โมนาโก,นครสวรรค์,1
โมนาโก,ร้อยเอ็ด,1
โมนาโก,สุรินทร์,1
โมนาโก,เชียงใหม่,1
โมนาโก,นครปฐม,1
โมนาโก,กรุงเทพมหานคร,1
โมนาโก,ลำปาง,2
โมนาโก,พิษณุโลก,2
โมนาโก,นครสวรรค์,2
โมนาโก,ขอนแก่น,2
โมนาโก,อุดรธานี,2
โมนาโก,ระยอง,2
โมนาโก,กาฬสินธุ์,1
โมนาโก,อุบลราชธานี,1
โมนาโก,กำแพงเพชร,1
โมนาโก,สงขลา,1
โมนาโก,ตาก,1
โมนาโก,บึงกาฬ,1
มาดากัสการ์,สมุทรปราการ,2
มาดากัสการ์,สงขลา,2
มาดากัสการ์,นครปฐม,2
มาดากัสการ์,เชียงราย,1
มาดากัสการ์,กรุงเทพมหานคร,1
มาดากัสการ์,นครสวรรค์,1
มาดากัสการ์,เชียงใหม่,1
มาดากัสการ์,สมุทรสงคราม,1
มาดากัสการ์,อุบลราชธานี,1
มาดากัสการ์,นครนายก,1
มาดากัสการ์,นนทบุรี,1
มาดากัสการ์,ตรัง,1
มาดากัสการ์,ฉะเชิงเทรา,1
มาดากัสการ์,ระยอง,1
มาดากัสการ์,นครสวรรค์,2
มาดากัสการ์,อุดรธานี,2
มาดากัสการ์,พิษณุโลก,2
มาดากัสการ์,ขอนแก่น,2
มาดากัสการ์,ลำปาง,2
มาดากัสการ์,ระยอง,2
มาดากัสการ์,ตาก,1
มาดากัสการ์,กาฬสินธุ์,1
มาดากัสการ์,บึงกาฬ,1
มาดากัสการ์,กำแพงเพชร,1
มาดากัสการ์,สงขลา,1
เอสโตเนีย,สมุทรปราการ,2
เอสโตเนีย,สงขลา,2
เอสโตเนีย,นครปฐม,2
เอสโตเนีย,เชียงราย,1
เอสโตเนีย,กรุงเทพมหานคร,1
เอสโตเนีย,นครสวรรค์,1
เอสโตเนีย,เชียงใหม่,1
เอสโตเนีย,สมุทรสงคราม,1
เอสโตเนีย,อุบลราชธานี,1
เอสโตเนีย,นครนายก,1
เอสโตเนีย,นนทบุรี,1
เอสโตเนีย,ตรัง,1
เอสโตเนีย,ฉะเชิงเทรา,1
เอสโตเนีย,ระยอง,1
เอสโตเนีย,กำแพงเพชร,3
เอสโตเนีย,กาฬสินธุ์,2
เอสโตเนีย,ศรีสะเกษ,1
เอสโตเนีย,ชัยภูมิ,1
เอสโตเนีย,บึงกาฬ,1
เอสโตเนีย,ชลบุรี,1
เอสโตเนีย,สระแก้ว,1
เอสโตเนีย,เลย,1
เอสโตเนีย,ตราด,1
เอสโตเนีย,ลำปาง,1
เอสโตเนีย,นครราชสีมา,1
หมู่เกาะเติกส์และเคคอส,กำแพงเพชร,3
หมู่เกาะเติกส์และเคคอส,กาฬสินธุ์,2
หมู่เกาะเติกส์และเคคอส,ศรีสะเกษ,1
หมู่เกาะเติกส์และเคคอส,ชัยภูมิ,1
หมู่เกาะเติกส์และเคคอส,บึงกาฬ,1
หมู่เกาะเติกส์และเคคอส,ชลบุรี,1
หมู่เกาะเติกส์และเคคอส,สระแก้ว,1
หมู่เกาะเติกส์และเคคอส,เลย,1
หมู่เกาะเติกส์และเคคอส,ตราด,1
หมู่เกาะเติกส์และเคคอส,ลำปาง,1
หมู่เกาะเติกส์และเคคอส,กรุงเทพมหานคร,1
หมู่เกาะเติกส์และเคคอส,นครราชสีมา,1
หมู่เกาะเติกส์และเคคอส,ฉะเชิงเทรา,1
หมู่เกาะเติกส์และเคคอส,อุบลราชธานี,3
หมู่เกาะเติกส์และเคคอส,เชียงใหม่,1
หมู่เกาะเติกส์และเคคอส,สมุทรปราการ,1
หมู่เกาะเติกส์และเคคอส,ลพบุรี,1
หมู่เกาะเติกส์และเคคอส,ขอนแก่น,1
หมู่เกาะเติกส์และเคคอส,สุพรรณบุรี,1
หมู่เกาะเติกส์และเคคอส,สกลนคร,1
หมู่เกาะเติกส์และเคคอส,ปทุมธานี,1
หมู่เกาะเติกส์และเคคอส,นครปฐม,1
หมู่เกาะเติกส์และเคคอส,พระนครศรีอยุธยา,1
หมู่เกาะเติกส์และเคคอส,กำแพงเพชร,1
เคนยา,กรุงเทพมหานคร,5
เคนยา,ภูเก็ต,4
เคนยา,กำแพงเพชร,2
เคนยา,ประจวบคีรีขันธ์,2
เคนยา,ปทุมธานี,1
เคนยา,นนทบุรี,1
เคนยา,กาญจนบุรี,1
กานา,อุบลราชธานี,3
กานา,กรุงเทพมหานคร,1
กานา,เชียงใหม่,1
กานา,ศรีสะเกษ,1
กานา,สมุทรปราการ,1
กานา,ลพบุรี,1
กานา,นครปฐม,1
กานา,ชัยภูมิ,1
กานา,พระนครศรีอยุธยา,1
กานา,กำแพงเพชร,1
กานา,ขอนแก่น,1
กานา,สุพรรณบุรี,1
กานา,สกลนคร,1
กานา,ปทุมธานี,1
กานา,สุรินทร์,4
กานา,เพชรบูรณ์,4
กานา,อ่างทอง,1
กานา,นนทบุรี,1
กานา,นครราชสีมา,1
กานา,บุรีรัมย์,1
เบลเยียม,สุพรรณบุรี,3
เบลเยียม,พิจิตร,2
เบลเยียม,เพชรบูรณ์,1
เบลเยียม,แพร่,1
เบลเยียม,ศรีสะเกษ,1
เบลเยียม,สกลนคร,1
เบลเยียม,มหาสารคาม,1
เบลเยียม,อุดรธานี,1
เบลเยียม,ชลบุรี,1
เบลเยียม,ขอนแก่น,1
เบลเยียม,กรุงเทพมหานคร,1
เอธิโอเปีย,นครราชสีมา,3
เอธิโอเปีย,นครสวรรค์,3
เอธิโอเปีย,อุดรธานี,2
เอธิโอเปีย,ตาก,2
เอธิโอเปีย,อ่างทอง,1
เอธิโอเปีย,แพร่,1
เอธิโอเปีย,ชลบุรี,1
ไอซ์แลนด์,เพชรบูรณ์,5
ไอซ์แลนด์,นครสวรรค์,2
ไอซ์แลนด์,เชียงใหม่,1
ไอซ์แลนด์,ขอนแก่น,1
ไอซ์แลนด์,สระบุรี,1
ไอซ์แลนด์,อุตรดิตถ์,1
ไอซ์แลนด์,บุรีรัมย์,1
ไอซ์แลนด์,ชลบุรี,1
เม็กซิโก,ร้อยเอ็ด,4
เม็กซิโก,ศรีสะเกษ,2
เม็กซิโก,นครสวรรค์,1
เม็กซิโก,ยโสธร,1
เม็กซิโก,อุบลราชธานี,1
เม็กซิโก,สระบุรี,1
เม็กซิโก,แพร่,1
เม็กซิโก,กรุงเทพมหานคร,1
เบลารุส,ภูเก็ต,3
เบลารุส,กรุงเทพมหานคร,2
เบลารุส,นครสวรรค์,1
เบลารุส,ขอนแก่น,1
เบลารุส,อุดรธานี,1
เบลารุส,ตาก,1
เบลารุส,สมุทรปราการ,1
เบลารุส,กระบี่,1
เบลารุส,เชียงใหม่,1
ซูดาน,นครราชสีมา,3
ซูดาน,นครสวรรค์,3
ซูดาน,อุดรธานี,2
ซูดาน,ตาก,2
ซูดาน,อ่างทอง,1
ซูดาน,แพร่,1
ซูดาน,ชลบุรี,1
ซูดาน,ชัยภูมิ,2
ซูดาน,นครราชสีมา,2
ซูดาน,ปทุมธานี,2
ซูดาน,สมุทรสาคร,1
ซูดาน,บุรีรัมย์,1
ซูดาน,สุโขทัย,1
ซูดาน,ยโสธร,1
ไลบีเรีย,ชัยภูมิ,2
ไลบีเรีย,นครราชสีมา,2
ไลบีเรีย,ปทุมธานี,2
ไลบีเรีย,สมุทรสาคร,1
ไลบีเรีย,บุรีรัมย์,1
ไลบีเรีย,สุโขทัย,1
ไลบีเรีย,อ่างทอง,1
ไลบีเรีย,ยโสธร,1
บราซิล,กรุงเทพมหานคร,3
บราซิล,สมุทรปราการ,2
บราซิล,สกลนคร,1
บราซิล,สงขลา,1
บราซิล,เลย,1
บราซิล,นครราชสีมา,1
บราซิล,พัทลุง,1
บราซิล,สุรินทร์,4
บราซิล,เพชรบูรณ์,4
บราซิล,กำแพงเพชร,1
บราซิล,อ่างทอง,1
บราซิล,นนทบุรี,1
บราซิล,บุรีรัมย์,1
บราซิล,ชัยภูมิ,1
อาเซอร์ไบจาน,กรุงเทพมหานคร,2
อาเซอร์ไบจาน,กาฬสินธุ์,1
อาเซอร์ไบจาน,บุรีรัมย์,1
อาเซอร์ไบจาน,ศรีสะเกษ,1
อาเซอร์ไบจาน,ขอนแก่น,1
อาเซอร์ไบจาน,นครสวรรค์,1
อาเซอร์ไบจาน,อุดรธานี,1
อาเซอร์ไบจาน,สุรินทร์,1
อาเซอร์ไบจาน,นครราชสีมา,3
อาเซอร์ไบจาน,นครสวรรค์,3
อาเซอร์ไบจาน,อุดรธานี,2
อาเซอร์ไบจาน,ตาก,2
อาเซอร์ไบจาน,อ่างทอง,1
อาเซอร์ไบจาน,แพร่,1
อาเซอร์ไบจาน,ชลบุรี,1
ตรินิแดดและโตเบโก,กรุงเทพมหานคร,2
ตรินิแดดและโตเบโก,กาฬสินธุ์,1
ตรินิแดดและโตเบโก,บุรีรัมย์,1
ตรินิแดดและโตเบโก,ศรีสะเกษ,1
ตรินิแดดและโตเบโก,ขอนแก่น,1
ตรินิแดดและโตเบโก,นครสวรรค์,1
ตรินิแดดและโตเบโก,อุดรธานี,1
ตรินิแดดและโตเบโก,สุรินทร์,1
ตรินิแดดและโตเบโก,ชัยภูมิ,2
ตรินิแดดและโตเบโก,นครราชสีมา,2
ตรินิแดดและโตเบโก,ปทุมธานี,2
ตรินิแดดและโตเบโก,สมุทรสาคร,1
ตรินิแดดและโตเบโก,สุโขทัย,1
ตรินิแดดและโตเบโก,อ่างทอง,1
ตรินิแดดและโตเบโก,ยโสธร,1
ตรินิแดดและโตเบโก,นครราชสีมา,3
ตรินิแดดและโตเบโก,นครสวรรค์,3
ตรินิแดดและโตเบโก,อุดรธานี,2
ตรินิแดดและโตเบโก,ตาก,2
ตรินิแดดและโตเบโก,แพร่,1
ตรินิแดดและโตเบโก,ชลบุรี,1
ตรินิแดดและโตเบโก,กำแพงเพชร,1
ตรินิแดดและโตเบโก,ปราจีนบุรี,1
ตรินิแดดและโตเบโก,ลพบุรี,1
ตรินิแดดและโตเบโก,เชียงราย,1
ตรินิแดดและโตเบโก,ชัยภูมิ,1
ตรินิแดดและโตเบโก,ร้อยเอ็ด,1
ตรินิแดดและโตเบโก,กรุงเทพมหานคร,1
ตรินิแดดและโตเบโก,เชียงใหม่,1
มอลโดวา,ระยอง,2
มอลโดวา,จันทบุรี,1
มอลโดวา,สมุทรปราการ,1
มอลโดวา,ขอนแก่น,1
มอลโดวา,ศรีสะเกษ,1
มอลโดวา,ชลบุรี,1
มอลโดวา,ชัยภูมิ,1
มอลโดวา,พิจิตร,1
มอลโดวา,กำแพงเพชร,1
มอลโดวา,ปราจีนบุรี,1
มอลโดวา,ยโสธร,1
มอลโดวา,ลพบุรี,1
มอลโดวา,เชียงราย,1
มอลโดวา,ร้อยเอ็ด,1
มอลโดวา,กรุงเทพมหานคร,1
มอลโดวา,เชียงใหม่,1
เปรู,สุรินทร์,4
เปรู,เพชรบูรณ์,4
เปรู,กำแพงเพชร,1
เปรู,อ่างทอง,1
เปรู,นนทบุรี,1
เปรู,นครราชสีมา,1
เปรู,บุรีรัมย์,1
เปรู,ชัยภูมิ,1
แองโกลา,กรุงเทพมหานคร,2
แองโกลา,เพชรบูรณ์,1
แองโกลา,สุพรรณบุรี,1
แองโกลา,ระยอง,1
แองโกลา,พระนครศรีอยุธยา,1
แองโกลา,ตาก,1
แองโกลา,นนทบุรี,1
ลิเบีย,กรุงเทพมหานคร,3
ลิเบีย,นครสวรรค์,2
ลิเบีย,พิษณุโลก,1
ลิเบีย,นนทบุรี,1
ลิเบีย,กรุงเทพมหานคร,2
ลิเบีย,เพชรบูรณ์,1
ลิเบีย,สุพรรณบุรี,1
ลิเบีย,ระยอง,1
ลิเบีย,พระนครศรีอยุธยา,1
ลิเบีย,ตาก,1
หมู่เกาะมาร์แชลล์,เพชรบูรณ์,2
หมู่เกาะมาร์แชลล์,อ่างทอง,2
หมู่เกาะมาร์แชลล์,อุตรดิตถ์,1
หมู่เกาะมาร์แชลล์,พระนครศรีอยุธยา,1
หมู่เกาะมาร์แชลล์,นครราชสีมา,1
ออสเตรีย,อุบลราชธานี,2
ออสเตรีย,ศรีสะเกษ,1
ออสเตรีย,เลย,1
ออสเตรีย,แพร่,1
ออสเตรีย,เชียงใหม่,1
แทนซาเนีย,พัทลุง,3
แทนซาเนีย,ยะลา,1
แทนซาเนีย,มหาสารคาม,1
แทนซาเนีย,หนองบัวลำภู,1
เซอร์เบียและมอนเตเนโกร,นนทบุรี,1
เซอร์เบียและมอนเตเนโกร,นครราชสีมา,1
เซอร์เบียและมอนเตเนโกร,สมุทรปราการ,1
เซอร์เบียและมอนเตเนโกร,บึงกาฬ,1
เซอร์เบียและมอนเตเนโกร,สุโขทัย,1
คอซอวอ,ปทุมธานี,3
คอซอวอ,ร้อยเอ็ด,1
อิรัก,เพชรบุรี,1
อิรัก,อุบลราชธานี,1
อิรัก,ขอนแก่น,1
อิรัก,ปทุมธานี,1
ดีอาร์คองโก,หนองคาย,1
ดีอาร์คองโก,พิษณุโลก,1
ดีอาร์คองโก,สกลนคร,1
ดีอาร์คองโก,สุโขทัย,1
แอลเบเนีย,กำแพงเพชร,2
แอลเบเนีย,อุตรดิตถ์,1
แอลเบเนีย,ปทุมธานี,1
สกอตแลนด์,อุบลราชธานี,4
ปากีสถาน,อุบลราชธานี,4
ปากีสถาน,นครราชสีมา,1
ปากีสถาน,กรุงเทพมหานคร,1
ปากีสถาน,ร้อยเอ็ด,1
ปากีสถาน,อุตรดิตถ์,1
เกาหลีเหนือ,สกลนคร,2
เกาหลีเหนือ,เชียงใหม่,1
เกาหลีเหนือ,ร้อยเอ็ด,1
เกาหลีเหนือ,แพร่,1
เกาหลีเหนือ,ขอนแก่น,1
เกาหลีเหนือ,บุรีรัมย์,1
มาซิโดเนียเหนือ,แพร่,1
มาซิโดเนียเหนือ,ขอนแก่น,1
มาซิโดเนียเหนือ,บุรีรัมย์,1
ลิทัวเนีย,อุบลราชธานี,2
ลิทัวเนีย,แพร่,1
ลิทัวเนีย,ขอนแก่น,1
ลิทัวเนีย,บุรีรัมย์,1
มองโกเลีย,อุดรธานี,1
มองโกเลีย,กรุงเทพมหานคร,1
มองโกเลีย,ปทุมธานี,1
มอริเชียส,ปทุมธานี,2
ไอล์ออฟแมน,กรุงเทพมหานคร,1
ไอล์ออฟแมน,ภูเก็ต,1
ไอร์แลนด์เหนือ,กรุงเทพมหานคร,1
ไอร์แลนด์เหนือ,นนทบุรี,1
รวันดา,นครราชสีมา,1
รวันดา,อุดรธานี,1
ฟิจิ,อุบลราชธานี,1
ฟิจิ,นครราชสีมา,1
ฟิจิ,อุดรธานี,1
จิบูติ,ลำปาง,1
จิบูติ,อุบลราชธานี,1
หมู่เกาะเวอร์จินของสหรัฐฯ,กรุงเทพมหานคร,1
หมู่เกาะเวอร์จินของสหรัฐฯ,นนทบุรี,1
นิวแคลิโดเนีย,นนทบุรี,1
ตองกา,นนทบุรี,1
เปอร์โตริโก,นนทบุรี,1
คองโก,อุดรธานี,1
ยูกันดา,กรุงเทพมหานคร,1
ยูกันดา,มหาสารคาม,1
ชิลี,ชุมพร,1
ฮ่องกง,อุดรธานี,35547
ฮ่องกง,นครราชสีมา,19573
ฮ่องกง,เชียงราย,13794
ฮ่องกง,ขอนแก่น,12580
ฮ่องกง,สกลนคร,11455
ฮ่องกง,นครพนม,11369
ฮ่องกง,บุรีรัมย์,11290
ฮ่องกง,ชัยภูมิ,10995
ฮ่องกง,หนองคาย,9488
ฮ่องกง,หนองบัวลำภู,8610
ฮ่องกง,อุบลราชธานี,7779
ฮ่องกง,ลำปาง,5492
ฮ่องกง,สุรินทร์,5445
ฮ่องกง,มหาสารคาม,5429
ฮ่องกง,สุโขทัย,4367
ฮ่องกง,กรุงเทพมหานคร,4359
ฮ่องกง,เชียงใหม่,4153
ฮ่องกง,บึงกาฬ,3737
ฮ่องกง,ตาก,3624
ฮ่องกง,ศรีสะเกษ,3338
ฮ่องกง,กาฬสินธุ์,3305
ฮ่องกง,ร้อยเอ็ด,3122
ฮ่องกง,ปัตตานี,2816
ฮ่องกง,กำแพงเพชร,2769
ฮ่องกง,พะเยา,2627
ฮ่องกง,เพชรบูรณ์,2402
ฮ่องกง,ชลบุรี,2331
ฮ่องกง,พิษณุโลก,2225
ฮ่องกง,น่าน,2169
ฮ่องกง,สงขลา,2139
ฮ่องกง,สตูล,1999
ฮ่องกง,เลย,1898
ฮ่องกง,นครสวรรค์,1645
ฮ่องกง,สมุทรปราการ,1530
ฮ่องกง,อุตรดิตถ์,1468
ฮ่องกง,ระยอง,1412
ฮ่องกง,ปทุมธานี,1368
ฮ่องกง,ยโสธร,1306
ฮ่องกง,มุกดาหาร,1167
ฮ่องกง,ลำพูน,1152
ฮ่องกง,สระแก้ว,1108
ฮ่องกง,อำนาจเจริญ,1085
ฮ่องกง,แพร่,1018
ฮ่องกง,นนทบุรี,949
ฮ่องกง,พิจิตร,915
ฮ่องกง,พระนครศรีอยุธยา,778
ฮ่องกง,ฉะเชิงเทรา,768
ฮ่องกง,ยะลา,732
ฮ่องกง,ตรัง,649
ฮ่องกง,นราธิวาส,649
ฮ่องกง,ปราจีนบุรี,621
ฮ่องกง,กาญจนบุรี,583
ฮ่องกง,ลพบุรี,548
ฮ่องกง,นครปฐม,536
ฮ่องกง,สระบุรี,525
ฮ่องกง,นครศรีธรรมราช,490
ฮ่องกง,สุพรรณบุรี,458
ฮ่องกง,สมุทรสาคร,416
ฮ่องกง,ราชบุรี,373
ฮ่องกง,อุทัยธานี,361
ฮ่องกง,แม่ฮ่องสอน,345
ฮ่องกง,ภูเก็ต,336
ฮ่องกง,ประจวบคีรีขันธ์,335
ฮ่องกง,ชัยนาท,301
ฮ่องกง,จันทบุรี,239
ฮ่องกง,อ่างทอง,239
ฮ่องกง,สุราษฎร์ธานี,231
ฮ่องกง,พัทลุง,207
ฮ่องกง,เพชรบุรี,186
ฮ่องกง,สิงห์บุรี,177
ฮ่องกง,ชุมพร,167
ฮ่องกง,นครนายก,166
ฮ่องกง,กระบี่,121
ฮ่องกง,ตราด,116
ฮ่องกง,พังงา,111
ฮ่องกง,สมุทรสงคราม,73
ฮ่องกง,ระนอง,72
โปรตุเกส,กรุงเทพมหานคร,567
โปรตุเกส,นครราชสีมา,294
โปรตุเกส,อุดรธานี,232
โปรตุเกส,บุรีรัมย์,141
โปรตุเกส,ขอนแก่น,122
โปรตุเกส,สกลนคร,107
โปรตุเกส,หนองคาย,106
โปรตุเกส,มหาสารคาม,98
โปรตุเกส,นนทบุรี,95
โปรตุเกส,ปทุมธานี,95
โปรตุเกส,สมุทรปราการ,94
โปรตุเกส,เชียงราย,80
โปรตุเกส,อุบลราชธานี,77
โปรตุเกส,เชียงใหม่,74
โปรตุเกส,ร้อยเอ็ด,70
โปรตุเกส,ชลบุรี,62
โปรตุเกส,ศรีสะเกษ,59
โปรตุเกส,กาฬสินธุ์,58
โปรตุเกส,ชัยภูมิ,53
โปรตุเกส,หนองบัวลำภู,49
โปรตุเกส,สุโขทัย,48
โปรตุเกส,กำแพงเพชร,48
โปรตุเกส,นครพนม,47
โปรตุเกส,สุรินทร์,46
โปรตุเกส,พิษณุโลก,45
โปรตุเกส,นครปฐม,40
โปรตุเกส,นครสวรรค์,40
โปรตุเกส,เพชรบูรณ์,36
โปรตุเกส,ลำปาง,35
โปรตุเกส,ยโสธร,34
โปรตุเกส,อุตรดิตถ์,34
โปรตุเกส,พระนครศรีอยุธยา,29
โปรตุเกส,ฉะเชิงเทรา,27
โปรตุเกส,ลพบุรี,27
โปรตุเกส,ภูเก็ต,27
โปรตุเกส,กาญจนบุรี,25
โปรตุเกส,พิจิตร,25
โปรตุเกส,พะเยา,24
โปรตุเกส,ราชบุรี,22
โปรตุเกส,แพร่,22
โปรตุเกส,นครศรีธรรมราช,21
โปรตุเกส,สงขลา,21
โปรตุเกส,เลย,21
โปรตุเกส,มุกดาหาร,21
โปรตุเกส,บึงกาฬ,20
โปรตุเกส,อำนาจเจริญ,20
โปรตุเกส,ปราจีนบุรี,20
โปรตุเกส,สมุทรสาคร,19
โปรตุเกส,สระแก้ว,19
โปรตุเกส,ระยอง,18
โปรตุเกส,สุพรรณบุรี,17
โปรตุเกส,ตาก,17
โปรตุเกส,สระบุรี,16
โปรตุเกส,จันทบุรี,12
โปรตุเกส,สุราษฎร์ธานี,12
โปรตุเกส,น่าน,12
โปรตุเกส,ตรัง,12
โปรตุเกส,ลำพูน,10
โปรตุเกส,ประจวบคีรีขันธ์,8
โปรตุเกส,ชัยนาท,8
โปรตุเกส,นครนายก,8
โปรตุเกส,เพชรบุรี,8
โปรตุเกส,อุทัยธานี,8
โปรตุเกส,อ่างทอง,6
โปรตุเกส,สตูล,5
โปรตุเกส,ตราด,5
โปรตุเกส,ระนอง,5
โปรตุเกส,พัทลุง,4
โปรตุเกส,กระบี่,4
โปรตุเกส,สมุทรสงคราม,4
โปรตุเกส,สิงห์บุรี,3
โปรตุเกส,ชุมพร,3
โปรตุเกส,นราธิวาส,3
โปรตุเกส,แม่ฮ่องสอน,3
โปรตุเกส,ปัตตานี,2
โปรตุเกส,พังงา,2
โปรตุเกส,ยะลา,2
โปรตุเกส,อุดรธานี,879
โปรตุเกส,นครราชสีมา,324
โปรตุเกส,ชัยภูมิ,279
โปรตุเกส,ขอนแก่น,239
โปรตุเกส,บุรีรัมย์,158
โปรตุเกส,นครพนม,141
โปรตุเกส,หนองคาย,139
โปรตุเกส,สกลนคร,124
โปรตุเกส,หนองบัวลำภู,114
โปรตุเกส,สุโขทัย,97
โปรตุเกส,ลำปาง,83
โปรตุเกส,เชียงราย,81
โปรตุเกส,มหาสารคาม,75
โปรตุเกส,สุรินทร์,49
โปรตุเกส,อุบลราชธานี,49
โปรตุเกส,เชียงใหม่,39
โปรตุเกส,บึงกาฬ,36
โปรตุเกส,กาฬสินธุ์,32
โปรตุเกส,อุตรดิตถ์,32
โปรตุเกส,ร้อยเอ็ด,30
โปรตุเกส,พะเยา,28
โปรตุเกส,กรุงเทพมหานคร,23
โปรตุเกส,พิษณุโลก,22
โปรตุเกส,ศรีสะเกษ,20
โปรตุเกส,ตาก,20
โปรตุเกส,กำแพงเพชร,17
โปรตุเกส,เพชรบูรณ์,16
โปรตุเกส,ชลบุรี,14
โปรตุเกส,อำนาจเจริญ,14
โปรตุเกส,สมุทรปราการ,13
โปรตุเกส,ปทุมธานี,12
โปรตุเกส,เลย,11
โปรตุเกส,นครสวรรค์,11
โปรตุเกส,มุกดาหาร,9
โปรตุเกส,พระนครศรีอยุธยา,7
โปรตุเกส,ลำพูน,6
โปรตุเกส,แพร่,6
โปรตุเกส,สระแก้ว,6
โปรตุเกส,น่าน,6
โปรตุเกส,สมุทรสาคร,6
โปรตุเกส,กาญจนบุรี,5
โปรตุเกส,ยโสธร,5
โปรตุเกส,นนทบุรี,5
โปรตุเกส,พิจิตร,5
โปรตุเกส,ปราจีนบุรี,5
โปรตุเกส,แม่ฮ่องสอน,4
โปรตุเกส,สระบุรี,4
โปรตุเกส,สิงห์บุรี,4
โปรตุเกส,ระยอง,3
โปรตุเกส,ตราด,3
โปรตุเกส,ฉะเชิงเทรา,3
โปรตุเกส,ลพบุรี,3
โปรตุเกส,นครปฐม,3
โปรตุเกส,ประจวบคีรีขันธ์,3
โปรตุเกส,จันทบุรี,3
โปรตุเกส,สงขลา,2
โปรตุเกส,ภูเก็ต,2
โปรตุเกส,พัทลุง,1
โปรตุเกส,ชุมพร,1
โปรตุเกส,อุทัยธานี,1
โปรตุเกส,ราชบุรี,1
โปรตุเกส,สุพรรณบุรี,1
สวีเดน,อุดรธานี,879
สวีเดน,นครราชสีมา,324
สวีเดน,ชัยภูมิ,279
สวีเดน,ขอนแก่น,239
สวีเดน,บุรีรัมย์,158
สวีเดน,นครพนม,141
สวีเดน,หนองคาย,139
สวีเดน,สกลนคร,124
สวีเดน,หนองบัวลำภู,114
สวีเดน,สุโขทัย,97
สวีเดน,ลำปาง,83
สวีเดน,เชียงราย,81
สวีเดน,มหาสารคาม,75
สวีเดน,สุรินทร์,49
สวีเดน,อุบลราชธานี,49
สวีเดน,เชียงใหม่,39
สวีเดน,บึงกาฬ,36
สวีเดน,กาฬสินธุ์,32
สวีเดน,อุตรดิตถ์,32
สวีเดน,ร้อยเอ็ด,30
สวีเดน,พะเยา,28
สวีเดน,กรุงเทพมหานคร,23
สวีเดน,พิษณุโลก,22
สวีเดน,ศรีสะเกษ,20
สวีเดน,ตาก,20
สวีเดน,กำแพงเพชร,17
สวีเดน,เพชรบูรณ์,16
สวีเดน,ชลบุรี,14
สวีเดน,อำนาจเจริญ,14
สวีเดน,สมุทรปราการ,13
สวีเดน,ปทุมธานี,12
สวีเดน,เลย,11
สวีเดน,นครสวรรค์,11
สวีเดน,มุกดาหาร,9
สวีเดน,พระนครศรีอยุธยา,7
สวีเดน,ลำพูน,6
สวีเดน,แพร่,6
สวีเดน,สระแก้ว,6
สวีเดน,น่าน,6
สวีเดน,สมุทรสาคร,6
สวีเดน,กาญจนบุรี,5
สวีเดน,ยโสธร,5
สวีเดน,นนทบุรี,5
สวีเดน,พิจิตร,5
สวีเดน,ปราจีนบุรี,5
สวีเดน,แม่ฮ่องสอน,4
สวีเดน,สระบุรี,4
สวีเดน,สิงห์บุรี,4
สวีเดน,กระบี่,4
สวีเดน,ระยอง,3
สวีเดน,ตราด,3
สวีเดน,ฉะเชิงเทรา,3
สวีเดน,ลพบุรี,3
สวีเดน,นครปฐม,3
สวีเดน,ประจวบคีรีขันธ์,3
สวีเดน,จันทบุรี,3
สวีเดน,สงขลา,2
สวีเดน,ภูเก็ต,2
สวีเดน,พัทลุง,1
สวีเดน,ชุมพร,1
สวีเดน,อุทัยธานี,1
สวีเดน,ราชบุรี,1
สวีเดน,สุพรรณบุรี,1
สวีเดน,กรุงเทพมหานคร,567
สวีเดน,นครราชสีมา,294
สวีเดน,อุดรธานี,232
สวีเดน,บุรีรัมย์,141
สวีเดน,ขอนแก่น,122
สวีเดน,สกลนคร,107
สวีเดน,หนองคาย,106
สวีเดน,มหาสารคาม,98
สวีเดน,นนทบุรี,95
สวีเดน,ปทุมธานี,95
สวีเดน,สมุทรปราการ,94
สวีเดน,เชียงราย,80
สวีเดน,อุบลราชธานี,77
สวีเดน,เชียงใหม่,74
สวีเดน,ร้อยเอ็ด,70
สวีเดน,ชลบุรี,62
สวีเดน,ศรีสะเกษ,59
สวีเดน,กาฬสินธุ์,58
สวีเดน,ชัยภูมิ,53
สวีเดน,หนองบัวลำภู,49
สวีเดน,สุโขทัย,48
สวีเดน,กำแพงเพชร,48
สวีเดน,นครพนม,47
สวีเดน,สุรินทร์,46
สวีเดน,พิษณุโลก,45
สวีเดน,นครปฐม,40
สวีเดน,นครสวรรค์,40
สวีเดน,เพชรบูรณ์,36
สวีเดน,ลำปาง,35
สวีเดน,ยโสธร,34
สวีเดน,อุตรดิตถ์,34
สวีเดน,พระนครศรีอยุธยา,29
สวีเดน,ฉะเชิงเทรา,27
สวีเดน,ลพบุรี,27
สวีเดน,ภูเก็ต,27
สวีเดน,กาญจนบุรี,25
สวีเดน,พิจิตร,25
สวีเดน,พะเยา,24
สวีเดน,ราชบุรี,22
สวีเดน,แพร่,22
สวีเดน,นครศรีธรรมราช,21
สวีเดน,สงขลา,21
สวีเดน,เลย,21
สวีเดน,มุกดาหาร,21
สวีเดน,บึงกาฬ,20
สวีเดน,อำนาจเจริญ,20
สวีเดน,ปราจีนบุรี,20
สวีเดน,สมุทรสาคร,19
สวีเดน,สระแก้ว,19
สวีเดน,ระยอง,18
สวีเดน,สุพรรณบุรี,17
สวีเดน,ตาก,17
สวีเดน,สระบุรี,16
สวีเดน,จันทบุรี,12
สวีเดน,สุราษฎร์ธานี,12
สวีเดน,น่าน,12
สวีเดน,ตรัง,12
สวีเดน,ลำพูน,10
สวีเดน,ประจวบคีรีขันธ์,8
สวีเดน,ชัยนาท,8
สวีเดน,นครนายก,8
สวีเดน,เพชรบุรี,8
สวีเดน,อุทัยธานี,8
สวีเดน,อ่างทอง,6
สวีเดน,สตูล,5
สวีเดน,ตราด,5
สวีเดน,ระนอง,5
สวีเดน,พัทลุง,4
สวีเดน,สมุทรสงคราม,4
สวีเดน,สิงห์บุรี,3
สวีเดน,ชุมพร,3
สวีเดน,นราธิวาส,3
สวีเดน,แม่ฮ่องสอน,3
สวีเดน,ปัตตานี,2
สวีเดน,พังงา,2
สวีเดน,ยะลา,2
สวีเดน,ชัยภูมิ,828
สวีเดน,อุดรธานี,294
สวีเดน,บุรีรัมย์,259
สวีเดน,นครราชสีมา,255
สวีเดน,ขอนแก่น,206
สวีเดน,มหาสารคาม,165
สวีเดน,สุรินทร์,108
สวีเดน,กาฬสินธุ์,90
สวีเดน,อุบลราชธานี,86
สวีเดน,หนองบัวลำภู,83
ฮังการี,ชัยภูมิ,828
ฮังการี,อุดรธานี,294
ฮังการี,บุรีรัมย์,259
ฮังการี,นครราชสีมา,255
ฮังการี,ขอนแก่น,206
ฮังการี,มหาสารคาม,165
ฮังการี,สุรินทร์,108
ฮังการี,กาฬสินธุ์,90
ฮังการี,อุบลราชธานี,86
ฮังการี,หนองบัวลำภู,83
ฮังการี,ศรีสะเกษ,69
ฮังการี,เชียงราย,61
ฮังการี,ร้อยเอ็ด,52
ฮังการี,สกลนคร,35
ฮังการี,บึงกาฬ,33
ฮังการี,หนองคาย,29
ฮังการี,เพชรบูรณ์,26
ฮังการี,กรุงเทพมหานคร,23
ฮังการี,อำนาจเจริญ,20
ฮังการี,กำแพงเพชร,18
ฮังการี,ยโสธร,18
ฮังการี,เลย,17
ฮังการี,นครพนม,17
ฮังการี,นครสวรรค์,16
ฮังการี,ชลบุรี,16
ฮังการี,ลำปาง,14
ฮังการี,กาญจนบุรี,12
ฮังการี,ปทุมธานี,11
ฮังการี,พิษณุโลก,10
ฮังการี,สระแก้ว,10
ฮังการี,พิจิตร,9
ฮังการี,นนทบุรี,7
ฮังการี,พะเยา,5
ฮังการี,ตาก,5
ฮังการี,สุโขทัย,5
ฮังการี,เชียงใหม่,5
ฮังการี,ปราจีนบุรี,5
ฮังการี,ระยอง,4
ฮังการี,อุทัยธานี,4
ฮังการี,ลพบุรี,4
ฮังการี,สมุทรปราการ,4
ฮังการี,พระนครศรีอยุธยา,4
ฮังการี,ชุมพร,3
ฮังการี,ตรัง,3
ฮังการี,ฉะเชิงเทรา,3
ฮังการี,มุกดาหาร,2
ฮังการี,อ่างทอง,2
ฮังการี,สระบุรี,2
ฮังการี,สุพรรณบุรี,2
ฮังการี,สุราษฎร์ธานี,2
ฮังการี,นครศรีธรรมราช,2
ฮังการี,น่าน,2
ฮังการี,กระบี่,2
ฮังการี,อุตรดิตถ์,2
ฮังการี,ประจวบคีรีขันธ์,1
ฮังการี,พังงา,1
ฮังการี,ยะลา,1
ฮังการี,ราชบุรี,1
ฮังการี,แพร่,1
ฮังการี,เพชรบุรี,1
ฮังการี,สงขลา,1
ฟินแลนด์,ชัยภูมิ,989
ฟินแลนด์,นครราชสีมา,395
ฟินแลนด์,อุดรธานี,190
ฟินแลนด์,ขอนแก่น,152
ฟินแลนด์,บุรีรัมย์,131
ฟินแลนด์,มหาสารคาม,95
ฟินแลนด์,นครพนม,85
ฟินแลนด์,พิษณุโลก,69
ฟินแลนด์,สกลนคร,60
ฟินแลนด์,อุบลราชธานี,54
ฟินแลนด์,เชียงราย,51
ฟินแลนด์,หนองบัวลำภู,42
ฟินแลนด์,หนองคาย,38
ฟินแลนด์,ร้อยเอ็ด,28
ฟินแลนด์,ลำปาง,28
ฟินแลนด์,กรุงเทพมหานคร,26
ฟินแลนด์,สุโขทัย,26
ฟินแลนด์,สุรินทร์,25
ฟินแลนด์,ศรีสะเกษ,24
ฟินแลนด์,กาฬสินธุ์,24
ฟินแลนด์,ชลบุรี,19
ฟินแลนด์,อุตรดิตถ์,18
ฟินแลนด์,เพชรบูรณ์,18
ฟินแลนด์,บึงกาฬ,17
ฟินแลนด์,เลย,16
ฟินแลนด์,เชียงใหม่,16
ฟินแลนด์,กำแพงเพชร,14
ฟินแลนด์,นครสวรรค์,13
ฟินแลนด์,นนทบุรี,11
ฟินแลนด์,ยโสธร,9
ฟินแลนด์,ระยอง,9
ฟินแลนด์,สระแก้ว,8
ฟินแลนด์,ปทุมธานี,8
ฟินแลนด์,สมุทรปราการ,7
ฟินแลนด์,พิจิตร,7
ฟินแลนด์,พะเยา,7
ฟินแลนด์,อำนาจเจริญ,6
ฟินแลนด์,ตาก,5
ฟินแลนด์,น่าน,5
ฟินแลนด์,พระนครศรีอยุธยา,4
ฟินแลนด์,มุกดาหาร,4
ฟินแลนด์,ตรัง,3
ฟินแลนด์,ฉะเชิงเทรา,3
ฟินแลนด์,จันทบุรี,3
ฟินแลนด์,นครปฐม,3
ฟินแลนด์,ปราจีนบุรี,3
ฟินแลนด์,สมุทรสาคร,3
ฟินแลนด์,ชุมพร,3
ฟินแลนด์,สุพรรณบุรี,3
ฟินแลนด์,สงขลา,3
ฟินแลนด์,อ่างทอง,2
ฟินแลนด์,ราชบุรี,2
ฟินแลนด์,ลำพูน,2
ฟินแลนด์,แม่ฮ่องสอน,2
ฟินแลนด์,สระบุรี,2
ฟินแลนด์,แพร่,2
ฟินแลนด์,นครศรีธรรมราช,1
ฟินแลนด์,สุราษฎร์ธานี,1
ฟินแลนด์,พัทลุง,1
ฟินแลนด์,ประจวบคีรีขันธ์,1
ฟินแลนด์,ลพบุรี,1
ฟินแลนด์,สิงห์บุรี,1
ฟินแลนด์,กาญจนบุรี,1
ฟินแลนด์,ระนอง,1
ฟินแลนด์,กระบี่,1
ฟินแลนด์,เพชรบุรี,1
ฟินแลนด์,ชัยภูมิ,828
ฟินแลนด์,อุดรธานี,294
ฟินแลนด์,บุรีรัมย์,259
ฟินแลนด์,นครราชสีมา,255
ฟินแลนด์,ขอนแก่น,206
ฟินแลนด์,มหาสารคาม,165
ฟินแลนด์,สุรินทร์,108
ฟินแลนด์,กาฬสินธุ์,90
ฟินแลนด์,อุบลราชธานี,86
ฟินแลนด์,หนองบัวลำภู,83
ฟินแลนด์,ศรีสะเกษ,69
ฟินแลนด์,เชียงราย,61
ฟินแลนด์,ร้อยเอ็ด,52
ฟินแลนด์,สกลนคร,35
ฟินแลนด์,บึงกาฬ,33
ฟินแลนด์,หนองคาย,29
ฟินแลนด์,เพชรบูรณ์,26
ฟินแลนด์,กรุงเทพมหานคร,23
ฟินแลนด์,อำนาจเจริญ,20
ฟินแลนด์,กำแพงเพชร,18
ฟินแลนด์,ยโสธร,18
ฟินแลนด์,เลย,17
ฟินแลนด์,นครพนม,17
ฟินแลนด์,นครสวรรค์,16
ฟินแลนด์,ชลบุรี,16
ฟินแลนด์,ลำปาง,14
ฟินแลนด์,กาญจนบุรี,12
ฟินแลนด์,ปทุมธานี,11
ฟินแลนด์,พิษณุโลก,10
ฟินแลนด์,สระแก้ว,10
ฟินแลนด์,พิจิตร,9
ฟินแลนด์,นนทบุรี,7
ฟินแลนด์,พะเยา,5
ฟินแลนด์,สุโขทัย,5
ฟินแลนด์,เชียงใหม่,5
ฟินแลนด์,ปราจีนบุรี,5
ฟินแลนด์,ระยอง,4
ฟินแลนด์,อุทัยธานี,4
ฟินแลนด์,ลพบุรี,4
ฟินแลนด์,สมุทรปราการ,4
ฟินแลนด์,มุกดาหาร,2
ฟินแลนด์,สุพรรณบุรี,2
ฟินแลนด์,สุราษฎร์ธานี,2
ฟินแลนด์,นครศรีธรรมราช,2
ฟินแลนด์,น่าน,2
ฟินแลนด์,กระบี่,2
ฟินแลนด์,อุตรดิตถ์,2
ฟินแลนด์,พังงา,1
ฟินแลนด์,ยะลา,1
ฟินแลนด์,ราชบุรี,1
ฟินแลนด์,แพร่,1
ฟินแลนด์,สงขลา,1
ฟินแลนด์,อุดรธานี,343
ฟินแลนด์,นครราชสีมา,186
ฟินแลนด์,ขอนแก่น,112
ฟินแลนด์,บุรีรัมย์,104
ฟินแลนด์,กรุงเทพมหานคร,102
ฟินแลนด์,อุบลราชธานี,73
ฟินแลนด์,สุรินทร์,57
ฟินแลนด์,ศรีสะเกษ,55
ฟินแลนด์,ชัยภูมิ,55
ฟินแลนด์,สกลนคร,52
ฟินแลนด์,เชียงราย,52
ฟินแลนด์,ร้อยเอ็ด,49
ฟินแลนด์,หนองคาย,46
ฟินแลนด์,ลำปาง,46
ฟินแลนด์,นครสวรรค์,44
ฟินแลนด์,ชลบุรี,43
ฟินแลนด์,เพชรบูรณ์,42
ฟินแลนด์,หนองบัวลำภู,41
ฟินแลนด์,กาฬสินธุ์,39
ฟินแลนด์,ปทุมธานี,38
ฟินแลนด์,พิษณุโลก,37
ฟินแลนด์,เชียงใหม่,36
ฟินแลนด์,มหาสารคาม,35
ฟินแลนด์,สมุทรปราการ,31
ฟินแลนด์,นครพนม,31
ฟินแลนด์,สุโขทัย,29
ฟินแลนด์,บึงกาฬ,28
ฟินแลนด์,ตาก,26
ฟินแลนด์,กำแพงเพชร,25
ฟินแลนด์,พระนครศรีอยุธยา,21
ฟินแลนด์,ลำพูน,20
ฟินแลนด์,พะเยา,19
ฟินแลนด์,สระแก้ว,19
ฟินแลนด์,นนทบุรี,16
ฟินแลนด์,ยโสธร,15
ฟินแลนด์,ระยอง,13
ฟินแลนด์,สระบุรี,13
ฟินแลนด์,ฉะเชิงเทรา,13
ฟินแลนด์,อุตรดิตถ์,12
ฟินแลนด์,สมุทรสาคร,11
ฟินแลนด์,อำนาจเจริญ,11
ฟินแลนด์,อุทัยธานี,10
ฟินแลนด์,เลย,9
ฟินแลนด์,สงขลา,9
ฟินแลนด์,ประจวบคีรีขันธ์,9
ฟินแลนด์,ปราจีนบุรี,9
ฟินแลนด์,นครปฐม,9
ฟินแลนด์,สุพรรณบุรี,9
ฟินแลนด์,น่าน,9
ฟินแลนด์,พิจิตร,8
ฟินแลนด์,ราชบุรี,8
ฟินแลนด์,มุกดาหาร,8
ฟินแลนด์,ลพบุรี,7
ฟินแลนด์,แพร่,7
ฟินแลนด์,นครศรีธรรมราช,7
ฟินแลนด์,กาญจนบุรี,7
ฟินแลนด์,ภูเก็ต,7
ฟินแลนด์,จันทบุรี,5
ฟินแลนด์,สุราษฎร์ธานี,5
ฟินแลนด์,ชัยนาท,4
ฟินแลนด์,ตราด,4
ฟินแลนด์,สิงห์บุรี,4
ฟินแลนด์,อ่างทอง,3
ฟินแลนด์,กระบี่,3
ฟินแลนด์,เพชรบุรี,3
ฟินแลนด์,นครนายก,3
ฟินแลนด์,พังงา,2
ฟินแลนด์,ชุมพร,2
ฟินแลนด์,ตรัง,1
ฟินแลนด์,แม่ฮ่องสอน,1
ยูเออี,ชัยภูมิ,650
ยูเออี,ขอนแก่น,267
ยูเออี,นครราชสีมา,155
ยูเออี,อุดรธานี,152
ยูเออี,หนองบัวลำภู,120
ยูเออี,อุบลราชธานี,116
ยูเออี,กรุงเทพมหานคร,59
ยูเออี,ร้อยเอ็ด,53
ยูเออี,บุรีรัมย์,48
ยูเออี,หนองคาย,39
ยูเออี,ชัยภูมิ,989
ยูเออี,นครราชสีมา,395
ยูเออี,อุดรธานี,190
ยูเออี,ขอนแก่น,152
ยูเออี,บุรีรัมย์,131
ยูเออี,มหาสารคาม,95
ยูเออี,นครพนม,85
ยูเออี,พิษณุโลก,69
ยูเออี,สกลนคร,60
ยูเออี,อุบลราชธานี,54
ยูเออี,เชียงราย,51
ยูเออี,หนองบัวลำภู,42
ยูเออี,หนองคาย,38
ยูเออี,ร้อยเอ็ด,28
ยูเออี,ลำปาง,28
ยูเออี,กรุงเทพมหานคร,26
ยูเออี,สุโขทัย,26
ยูเออี,สุรินทร์,25
ยูเออี,ศรีสะเกษ,24
ยูเออี,กาฬสินธุ์,24
ยูเออี,ชลบุรี,19
ยูเออี,อุตรดิตถ์,18
ยูเออี,เพชรบูรณ์,18
ยูเออี,บึงกาฬ,17
ยูเออี,เลย,16
ยูเออี,เชียงใหม่,16
ยูเออี,กำแพงเพชร,14
ยูเออี,นครสวรรค์,13
ยูเออี,นนทบุรี,11
ยูเออี,ยโสธร,9
ยูเออี,ระยอง,9
ยูเออี,สระแก้ว,8
ยูเออี,ปทุมธานี,8
ยูเออี,สมุทรปราการ,7
ยูเออี,พิจิตร,7
ยูเออี,พะเยา,7
ยูเออี,อำนาจเจริญ,6
ยูเออี,ตาก,5
ยูเออี,น่าน,5
ยูเออี,พระนครศรีอยุธยา,4
ยูเออี,มุกดาหาร,4
ยูเออี,ตรัง,3
ยูเออี,ฉะเชิงเทรา,3
ยูเออี,จันทบุรี,3
ยูเออี,นครปฐม,3
ยูเออี,ปราจีนบุรี,3
ยูเออี,สมุทรสาคร,3
ยูเออี,ชุมพร,3
ยูเออี,สุพรรณบุรี,3
ยูเออี,สงขลา,3
ยูเออี,อ่างทอง,2
ยูเออี,ราชบุรี,2
ยูเออี,ลำพูน,2
ยูเออี,แม่ฮ่องสอน,2
ยูเออี,สระบุรี,2
ยูเออี,แพร่,2
ยูเออี,นครศรีธรรมราช,1
ยูเออี,สุราษฎร์ธานี,1
ยูเออี,พัทลุง,1
ยูเออี,ประจวบคีรีขันธ์,1
ยูเออี,ลพบุรี,1
ยูเออี,สิงห์บุรี,1
ยูเออี,กาญจนบุรี,1
ยูเออี,ระนอง,1
ยูเออี,กระบี่,1
ยูเออี,เพชรบุรี,1
ยูเออี,ชัยภูมิ,828
ยูเออี,อุดรธานี,294
ยูเออี,บุรีรัมย์,259
ยูเออี,นครราชสีมา,255
ยูเออี,ขอนแก่น,206
ยูเออี,มหาสารคาม,165
ยูเออี,สุรินทร์,108
ยูเออี,กาฬสินธุ์,90
ยูเออี,อุบลราชธานี,86
ยูเออี,หนองบัวลำภู,83
ยูเออี,ศรีสะเกษ,69
ยูเออี,เชียงราย,61
ยูเออี,ร้อยเอ็ด,52
ยูเออี,สกลนคร,35
ยูเออี,บึงกาฬ,33
ยูเออี,หนองคาย,29
ยูเออี,เพชรบูรณ์,26
ยูเออี,กรุงเทพมหานคร,23
ยูเออี,อำนาจเจริญ,20
ยูเออี,กำแพงเพชร,18
ยูเออี,ยโสธร,18
ยูเออี,เลย,17
ยูเออี,นครพนม,17
ยูเออี,นครสวรรค์,16
ยูเออี,ชลบุรี,16
ยูเออี,ลำปาง,14
ยูเออี,กาญจนบุรี,12
ยูเออี,ปทุมธานี,11
ยูเออี,พิษณุโลก,10
ยูเออี,สระแก้ว,10
ยูเออี,พิจิตร,9
ยูเออี,นนทบุรี,7
ยูเออี,พะเยา,5
ยูเออี,สุโขทัย,5
ยูเออี,เชียงใหม่,5
ยูเออี,ปราจีนบุรี,5
ยูเออี,ระยอง,4
ยูเออี,อุทัยธานี,4
ยูเออี,ลพบุรี,4
ยูเออี,สมุทรปราการ,4
ยูเออี,มุกดาหาร,2
ยูเออี,สุพรรณบุรี,2
ยูเออี,สุราษฎร์ธานี,2
ยูเออี,นครศรีธรรมราช,2
ยูเออี,น่าน,2
ยูเออี,กระบี่,2
ยูเออี,อุตรดิตถ์,2
ยูเออี,พังงา,1
ยูเออี,ยะลา,1
ยูเออี,ราชบุรี,1
ยูเออี,แพร่,1
ยูเออี,สงขลา,1
สหรัฐอเมริกา,ชัยภูมิ,650
สหรัฐอเมริกา,ขอนแก่น,267
สหรัฐอเมริกา,นครราชสีมา,155
สหรัฐอเมริกา,อุดรธานี,152
สหรัฐอเมริกา,หนองบัวลำภู,120
สหรัฐอเมริกา,อุบลราชธานี,116
สหรัฐอเมริกา,กรุงเทพมหานคร,59
สหรัฐอเมริกา,ร้อยเอ็ด,53
สหรัฐอเมริกา,บุรีรัมย์,48
สหรัฐอเมริกา,หนองคาย,39
สหรัฐอเมริกา,สกลนคร,37
สหรัฐอเมริกา,มหาสารคาม,34
สหรัฐอเมริกา,ลำปาง,34
สหรัฐอเมริกา,กาฬสินธุ์,31
สหรัฐอเมริกา,สุรินทร์,30
สหรัฐอเมริกา,ศรีสะเกษ,27
สหรัฐอเมริกา,พิษณุโลก,26
สหรัฐอเมริกา,เลย,25
สหรัฐอเมริกา,บึงกาฬ,18
สหรัฐอเมริกา,เชียงราย,15
สหรัฐอเมริกา,เพชรบูรณ์,14
สหรัฐอเมริกา,นครสวรรค์,12
สหรัฐอเมริกา,เชียงใหม่,10
สหรัฐอเมริกา,กำแพงเพชร,9
สหรัฐอเมริกา,สระแก้ว,9
สหรัฐอเมริกา,ลพบุรี,9
สหรัฐอเมริกา,นครพนม,8
สหรัฐอเมริกา,ปทุมธานี,8
สหรัฐอเมริกา,นนทบุรี,8
สหรัฐอเมริกา,ชลบุรี,7
สหรัฐอเมริกา,ตาก,7
สหรัฐอเมริกา,พะเยา,6
สหรัฐอเมริกา,สระบุรี,6
สหรัฐอเมริกา,มุกดาหาร,6
สหรัฐอเมริกา,สมุทรปราการ,6
สหรัฐอเมริกา,อุตรดิตถ์,5
สหรัฐอเมริกา,กาญจนบุรี,5
สหรัฐอเมริกา,นครนายก,4
สหรัฐอเมริกา,สุโขทัย,4
สหรัฐอเมริกา,อำนาจเจริญ,4
สหรัฐอเมริกา,นครปฐม,3
สหรัฐอเมริกา,ฉะเชิงเทรา,3
สหรัฐอเมริกา,แม่ฮ่องสอน,3
สหรัฐอเมริกา,ภูเก็ต,3
สหรัฐอเมริกา,ระยอง,2
สหรัฐอเมริกา,ปัตตานี,2
สหรัฐอเมริกา,พระนครศรีอยุธยา,2
สหรัฐอเมริกา,พังงา,2
สหรัฐอเมริกา,ประจวบคีรีขันธ์,2
สหรัฐอเมริกา,ชัยนาท,1
สหรัฐอเมริกา,นราธิวาส,1
สหรัฐอเมริกา,ลำพูน,1
สหรัฐอเมริกา,สุพรรณบุรี,1
สหรัฐอเมริกา,สุราษฎร์ธานี,1
สหรัฐอเมริกา,สตูล,1
สหรัฐอเมริกา,สิงห์บุรี,1
สหรัฐอเมริกา,ราชบุรี,1
สหรัฐอเมริกา,ยโสธร,1
สหรัฐอเมริกา,สมุทรสาคร,1
สหรัฐอเมริกา,พิจิตร,1
สหรัฐอเมริกา,อุทัยธานี,1
สหรัฐอเมริกา,ปราจีนบุรี,1
สหรัฐอเมริกา,แพร่,1
สหรัฐอเมริกา,เพชรบุรี,1
ลาว,ชัยภูมิ,650
ลาว,ขอนแก่น,267
ลาว,นครราชสีมา,155
ลาว,อุดรธานี,152
ลาว,หนองบัวลำภู,120
ลาว,อุบลราชธานี,116
ลาว,กรุงเทพมหานคร,59
ลาว,ร้อยเอ็ด,53
ลาว,บุรีรัมย์,48
ลาว,หนองคาย,39
ลาว,สกลนคร,37
ลาว,มหาสารคาม,34
ลาว,ลำปาง,34
ลาว,กาฬสินธุ์,31
ลาว,สุรินทร์,30
ลาว,ศรีสะเกษ,27
ลาว,พิษณุโลก,26
ลาว,เลย,25
ลาว,บึงกาฬ,18
ลาว,เชียงราย,15
ลาว,เพชรบูรณ์,14
ลาว,นครสวรรค์,12
ลาว,เชียงใหม่,10
ลาว,กำแพงเพชร,9
ลาว,สระแก้ว,9
ลาว,ลพบุรี,9
ลาว,นครพนม,8
ลาว,ปทุมธานี,8
ลาว,นนทบุรี,8
ลาว,ชลบุรี,7
ลาว,ตาก,7
ลาว,พะเยา,6
ลาว,สระบุรี,6
ลาว,มุกดาหาร,6
ลาว,สมุทรปราการ,6
ลาว,อุตรดิตถ์,5
ลาว,กาญจนบุรี,5
ลาว,นครนายก,4
ลาว,สุโขทัย,4
ลาว,อำนาจเจริญ,4
ลาว,นครปฐม,3
ลาว,ฉะเชิงเทรา,3
ลาว,แม่ฮ่องสอน,3
ลาว,ภูเก็ต,3
ลาว,ระยอง,2
ลาว,ปัตตานี,2
ลาว,พระนครศรีอยุธยา,2
ลาว,พังงา,2
ลาว,ประจวบคีรีขันธ์,2
ลาว,ชัยนาท,1
ลาว,นราธิวาส,1
ลาว,ลำพูน,1
ลาว,สุพรรณบุรี,1
ลาว,สุราษฎร์ธานี,1
ลาว,สตูล,1
ลาว,สิงห์บุรี,1
ลาว,ราชบุรี,1
ลาว,ยโสธร,1
ลาว,สมุทรสาคร,1
ลาว,พิจิตร,1
ลาว,อุทัยธานี,1
ลาว,ปราจีนบุรี,1
ลาว,แพร่,1
ลาว,เพชรบุรี,1
ลาว,นครราชสีมา,136
ลาว,อุดรธานี,131
ลาว,กรุงเทพมหานคร,110
ลาว,ขอนแก่น,106
ลาว,บุรีรัมย์,73
ลาว,อุบลราชธานี,52
ลาว,ลำปาง,49
ลาว,ชัยภูมิ,48
ลาว,หนองคาย,45
ลาว,สกลนคร,45
ลาว,กาฬสินธุ์,42
ลาว,สุโขทัย,42
ลาว,มหาสารคาม,36
ลาว,เชียงใหม่,35
ลาว,ศรีสะเกษ,34
ลาว,ร้อยเอ็ด,33
ลาว,ชลบุรี,31
ลาว,นนทบุรี,30
ลาว,สมุทรปราการ,30
ลาว,พิจิตร,30
ลาว,หนองบัวลำภู,29
ลาว,เชียงราย,27
ลาว,ปทุมธานี,27
ลาว,นครพนม,27
ลาว,สุรินทร์,27
ลาว,ระยอง,25
ลาว,กำแพงเพชร,25
ลาว,พิษณุโลก,25
ลาว,เพชรบูรณ์,21
ลาว,นครสวรรค์,20
ลาว,สระแก้ว,19
ลาว,สระบุรี,19
ลาว,สงขลา,16
ลาว,อุตรดิตถ์,16
ลาว,ตาก,16
ลาว,อำนาจเจริญ,15
ลาว,ยโสธร,14
ลาว,พระนครศรีอยุธยา,14
ลาว,ลพบุรี,13
ลาว,นครปฐม,12
ลาว,แพร่,11
ลาว,ปราจีนบุรี,11
ลาว,ประจวบคีรีขันธ์,11
ลาว,สุพรรณบุรี,11
ลาว,ภูเก็ต,11
ลาว,อุทัยธานี,11
ลาว,พะเยา,10
ลาว,ราชบุรี,10
ลาว,เลย,10
ลาว,นครศรีธรรมราช,10
ลาว,มุกดาหาร,9
ลาว,ลำพูน,7
ลาว,นครนายก,7
ลาว,สิงห์บุรี,6
ลาว,กาญจนบุรี,6
ลาว,สมุทรสาคร,6
ลาว,อ่างทอง,6
ลาว,ฉะเชิงเทรา,6
ลาว,น่าน,5
ลาว,เพชรบุรี,4
ลาว,จันทบุรี,4
ลาว,กระบี่,4
ลาว,ตรัง,3
ลาว,พัทลุง,3
ลาว,สตูล,2
ลาว,นราธิวาส,2
ลาว,ยะลา,2
ลาว,ชัยนาท,2
ลาว,สุราษฎร์ธานี,2
ลาว,สมุทรสงคราม,1
ลาว,ชุมพร,1
ลาว,ระนอง,1
ลาว,กรุงเทพมหานคร,267
ลาว,อุดรธานี,62
ลาว,ชลบุรี,59
ลาว,สมุทรปราการ,56
ลาว,เชียงใหม่,55
ลาว,นครราชสีมา,49
ลาว,ปทุมธานี,47
ลาว,นนทบุรี,45
ลาว,ขอนแก่น,45
ลาว,ภูเก็ต,33
ลาว,อุบลราชธานี,30
ลาว,สุรินทร์,29
ลาว,สกลนคร,27
ลาว,ประจวบคีรีขันธ์,27
ลาว,บุรีรัมย์,26
ลาว,เชียงราย,25
ลาว,ชัยภูมิ,23
ลาว,มหาสารคาม,23
ลาว,ร้อยเอ็ด,22
ลาว,นครศรีธรรมราช,21
ลาว,นครพนม,21
ลาว,นครปฐม,21
ลาว,ลำปาง,20
ลาว,สงขลา,20
ลาว,สระแก้ว,17
ลาว,เพชรบุรี,17
ลาว,กาฬสินธุ์,16
ลาว,ศรีสะเกษ,16
ลาว,พิษณุโลก,14
ลาว,นครสวรรค์,14
ลาว,ระยอง,14
ลาว,ยโสธร,13
ลาว,กำแพงเพชร,13
ลาว,หนองคาย,12
ลาว,เลย,12
ลาว,ราชบุรี,11
ลาว,พะเยา,11
ลาว,สระบุรี,11
ลาว,หนองบัวลำภู,11
ลาว,ตรัง,11
ลาว,น่าน,10
ลาว,กาญจนบุรี,10
ลาว,สุราษฎร์ธานี,9
ลาว,บึงกาฬ,9
ลาว,อำนาจเจริญ,9
ลาว,ตาก,8
ลาว,อ่างทอง,8
ลาว,สตูล,7
ลาว,พิจิตร,7
ลาว,สุโขทัย,7
ลาว,จันทบุรี,6
ลาว,นครนายก,6
ลาว,ลำพูน,6
ลาว,พังงา,5
ลาว,พัทลุง,5
ลาว,กระบี่,5
ลาว,ชุมพร,5
ลาว,ฉะเชิงเทรา,4
ลาว,ระนอง,4
ลาว,อุทัยธานี,4
ลาว,มุกดาหาร,4
ลาว,ปราจีนบุรี,4
ลาว,แพร่,4
ลาว,สิงห์บุรี,4
ลาว,อุตรดิตถ์,3
ลาว,สมุทรสาคร,3
ลาว,ยะลา,3
ลาว,สมุทรสงคราม,2
ลาว,ตราด,2
ลาว,ปัตตานี,1
ลาว,อุดรธานี,343
ลาว,นครราชสีมา,186
ลาว,ขอนแก่น,112
ลาว,บุรีรัมย์,104
ลาว,กรุงเทพมหานคร,102
ลาว,อุบลราชธานี,73
ลาว,สุรินทร์,57
ลาว,ศรีสะเกษ,55
ลาว,ชัยภูมิ,55
ลาว,สกลนคร,52
ลาว,เชียงราย,52
ลาว,ร้อยเอ็ด,49
ลาว,หนองคาย,46
ลาว,ลำปาง,46
ลาว,นครสวรรค์,44
ลาว,ชลบุรี,43
ลาว,เพชรบูรณ์,42
ลาว,หนองบัวลำภู,41
ลาว,กาฬสินธุ์,39
ลาว,ปทุมธานี,38
ลาว,พิษณุโลก,37
ลาว,เชียงใหม่,36
ลาว,มหาสารคาม,35
ลาว,สมุทรปราการ,31
ลาว,นครพนม,31
ลาว,สุโขทัย,29
ลาว,บึงกาฬ,28
ลาว,ตาก,26
ลาว,พระนครศรีอยุธยา,21
ลาว,ลำพูน,20
ลาว,พะเยา,19
ลาว,นนทบุรี,16
ลาว,ยโสธร,15
ลาว,ระยอง,13
ลาว,สระบุรี,13
ลาว,ฉะเชิงเทรา,13
ลาว,อุตรดิตถ์,12
ลาว,สมุทรสาคร,11
ลาว,อำนาจเจริญ,11
ลาว,อุทัยธานี,10
ลาว,เลย,9
ลาว,สงขลา,9
ลาว,ประจวบคีรีขันธ์,9
ลาว,ปราจีนบุรี,9
ลาว,นครปฐม,9
ลาว,สุพรรณบุรี,9
ลาว,น่าน,9
ลาว,พิจิตร,8
ลาว,ราชบุรี,8
ลาว,มุกดาหาร,8
ลาว,ลพบุรี,7
ลาว,แพร่,7
ลาว,นครศรีธรรมราช,7
ลาว,กาญจนบุรี,7
ลาว,ภูเก็ต,7
ลาว,จันทบุรี,5
ลาว,สุราษฎร์ธานี,5
ลาว,ชัยนาท,4
ลาว,ตราด,4
ลาว,อ่างทอง,3
ลาว,กระบี่,3
ลาว,เพชรบุรี,3
ลาว,นครนายก,3
ลาว,ชุมพร,2
ลาว,ตรัง,1
ลาว,พัทลุง,1
ลาว,แม่ฮ่องสอน,1
อิสราเอล,อุดรธานี,7276
อิสราเอล,นครราชสีมา,4114
อิสราเอล,นครพนม,4009
อิสราเอล,เชียงราย,3754
อิสราเอล,สกลนคร,2694
อิสราเอล,บุรีรัมย์,2527
อิสราเอล,ขอนแก่น,2475
อิสราเอล,หนองคาย,2178
อิสราเอล,หนองบัวลำภู,2063
อิสราเอล,ชัยภูมิ,1821
อิสราเอล,อุบลราชธานี,1808
อิสราเอล,สุรินทร์,1158
อิสราเอล,ตาก,1146
อิสราเอล,มหาสารคาม,1142
อิสราเอล,บึงกาฬ,1089
อิสราเอล,น่าน,983
อิสราเอล,เชียงใหม่,917
อิสราเอล,ศรีสะเกษ,870
อิสราเอล,กาฬสินธุ์,726
อิสราเอล,พะเยา,688
อิสราเอล,ลำปาง,644
อิสราเอล,สุโขทัย,636
อิสราเอล,เพชรบูรณ์,612
อิสราเอล,ร้อยเอ็ด,545
อิสราเอล,ชลบุรี,495
อิสราเอล,กำแพงเพชร,482
อิสราเอล,เลย,405
อิสราเอล,ระยอง,346
อิสราเอล,ยโสธร,292
อิสราเอล,กรุงเทพมหานคร,289
อิสราเอล,พิษณุโลก,273
อิสราเอล,มุกดาหาร,243
อิสราเอล,อำนาจเจริญ,217
อิสราเอล,แพร่,206
อิสราเอล,สมุทรปราการ,202
อิสราเอล,ลำพูน,202
อิสราเอล,นครสวรรค์,200
อิสราเอล,สระแก้ว,187
อิสราเอล,อุตรดิตถ์,179
อิสราเอล,ปทุมธานี,155
อิสราเอล,ฉะเชิงเทรา,135
อิสราเอล,ปราจีนบุรี,106
อิสราเอล,พระนครศรีอยุธยา,105
อิสราเอล,แม่ฮ่องสอน,93
อิสราเอล,พิจิตร,86
อิสราเอล,กาญจนบุรี,74
อิสราเอล,ลพบุรี,67
อิสราเอล,นนทบุรี,65
อิสราเอล,สมุทรสาคร,64
อิสราเอล,สระบุรี,60
อิสราเอล,สุพรรณบุรี,49
อิสราเอล,อุทัยธานี,43
อิสราเอล,นครปฐม,38
อิสราเอล,ประจวบคีรีขันธ์,30
อิสราเอล,นครศรีธรรมราช,29
อิสราเอล,จันทบุรี,27
อิสราเอล,ราชบุรี,26
อิสราเอล,ชัยนาท,22
อิสราเอล,อ่างทอง,20
อิสราเอล,ภูเก็ต,19
อิสราเอล,สงขลา,18
อิสราเอล,สุราษฎร์ธานี,18
อิสราเอล,นครนายก,15
อิสราเอล,ตรัง,14
อิสราเอล,ชุมพร,14
อิสราเอล,ตราด,14
อิสราเอล,กระบี่,10
อิสราเอล,เพชรบุรี,8
อิสราเอล,สิงห์บุรี,6
อิสราเอล,ระนอง,6
อิสราเอล,นราธิวาส,6
อิสราเอล,พัทลุง,5
อิสราเอล,สมุทรสงคราม,4
อิสราเอล,สตูล,3
อิสราเอล,ยะลา,2
อิสราเอล,ปัตตานี,2
อิสราเอล,พังงา,1
สิงคโปร์,อุดรธานี,665
สิงคโปร์,นครราชสีมา,418
สิงคโปร์,นครพนม,399
สิงคโปร์,สกลนคร,358
สิงคโปร์,กรุงเทพมหานคร,283
สิงคโปร์,ขอนแก่น,266
สิงคโปร์,หนองคาย,265
สิงคโปร์,บุรีรัมย์,207
สิงคโปร์,ชัยภูมิ,172
สิงคโปร์,ลำปาง,165
สิงคโปร์,หนองบัวลำภู,128
สิงคโปร์,เชียงใหม่,108
สิงคโปร์,เชียงราย,104
สิงคโปร์,ชลบุรี,101
สิงคโปร์,สุโขทัย,99
สิงคโปร์,สงขลา,95
สิงคโปร์,สุรินทร์,89
สิงคโปร์,อุบลราชธานี,84
สิงคโปร์,มหาสารคาม,80
สิงคโปร์,สมุทรปราการ,66
สิงคโปร์,ศรีสะเกษ,65
สิงคโปร์,ระยอง,64
สิงคโปร์,พิษณุโลก,63
สิงคโปร์,ปทุมธานี,62
สิงคโปร์,อุตรดิตถ์,56
สิงคโปร์,เลย,55
สิงคโปร์,นนทบุรี,53
สิงคโปร์,กำแพงเพชร,50
สิงคโปร์,ตาก,48
สิงคโปร์,กาฬสินธุ์,47
สิงคโปร์,บึงกาฬ,45
สิงคโปร์,น่าน,43
สิงคโปร์,ร้อยเอ็ด,41
สิงคโปร์,พะเยา,39
สิงคโปร์,นครสวรรค์,39
สิงคโปร์,พิจิตร,35
สิงคโปร์,แพร่,32
สิงคโปร์,เพชรบูรณ์,32
สิงคโปร์,มุกดาหาร,29
สิงคโปร์,ลำพูน,28
สิงคโปร์,พระนครศรีอยุธยา,28
สิงคโปร์,นครศรีธรรมราช,24
สิงคโปร์,สระแก้ว,23
สิงคโปร์,นครปฐม,22
สิงคโปร์,สระบุรี,19
สิงคโปร์,ภูเก็ต,18
สิงคโปร์,ปราจีนบุรี,16
สิงคโปร์,ฉะเชิงเทรา,16
สิงคโปร์,เพชรบุรี,15
สิงคโปร์,ลพบุรี,15
สิงคโปร์,กาญจนบุรี,15
สิงคโปร์,ยโสธร,13
สิงคโปร์,ราชบุรี,13
สิงคโปร์,สุพรรณบุรี,12
สิงคโปร์,สุราษฎร์ธานี,12
สิงคโปร์,จันทบุรี,12
สิงคโปร์,อำนาจเจริญ,9
สิงคโปร์,พัทลุง,9
สิงคโปร์,สมุทรสงคราม,9
สิงคโปร์,ยะลา,8
สิงคโปร์,สมุทรสาคร,8
สิงคโปร์,อ่างทอง,8
สิงคโปร์,ชุมพร,8
สิงคโปร์,ชัยนาท,7
สิงคโปร์,แม่ฮ่องสอน,7
สิงคโปร์,ตรัง,7
สิงคโปร์,นครนายก,7
สิงคโปร์,ประจวบคีรีขันธ์,7
สิงคโปร์,สิงห์บุรี,6
สิงคโปร์,นราธิวาส,5
สิงคโปร์,กระบี่,5
สิงคโปร์,อุทัยธานี,4
สิงคโปร์,ระนอง,3
สิงคโปร์,ตราด,3
สิงคโปร์,พังงา,2
สิงคโปร์,สตูล,1
สิงคโปร์,ปัตตานี,1
